solid OpenSCAD_Model
  facet normal 0 0 -1
    outer loop
      vertex -55.28757313665458 -32.84204181345095 0
      vertex -55.57842712474619 -32.57842712474619 0
      vertex -54.63558694730399 -33.27768505739342 0
    endloop
  endfacet
  facet normal 0 0 -1
    outer loop
      vertex -55.57842712474619 -32.57842712474619 0
      vertex -55.84204181345095 -32.28757313665458 0
      vertex -56.27768505739342 -31.63558694730399 0
    endloop
  endfacet
  facet normal 0 0 -1
    outer loop
      vertex -56.07587844921018 -31.97228093207841 0
      vertex -56.27768505739342 -31.63558694730399 0
      vertex -55.84204181345095 -32.28757313665458 0
    endloop
  endfacet
  facet normal 0 0 -1
    outer loop
      vertex -55.57842712474619 -32.57842712474619 0
      vertex -56.27768505739342 -31.63558694730399 0
      vertex -54.63558694730399 -33.27768505739342 0
    endloop
  endfacet
  facet normal 0 0 -1
    outer loop
      vertex -54.63558694730399 -33.27768505739342 0
      vertex -53.91113870901785 -33.57776134292884 0
      vertex -54.28073372946036 -33.445518130045144 0
    endloop
  endfacet
  facet normal 0 0 -1
    outer loop
      vertex -55.28757313665458 -32.84204181345095 0
      vertex -54.63558694730399 -33.27768505739342 0
      vertex -54.972280932078405 -33.07587844921018 0
    endloop
  endfacet
  facet normal 0 0 -1
    outer loop
      vertex -54.63558694730399 -33.27768505739342 0
      vertex -52.75 -33.75 0
      vertex -53.91113870901785 -33.57776134292884 0
    endloop
  endfacet
  facet normal 0 0 -1
    outer loop
      vertex -53.91113870901785 -33.57776134292884 0
      vertex -52.75 -33.75 0
      vertex -53.53036128806451 -33.67314112161292 0
    endloop
  endfacet
  facet normal 0 0 -1
    outer loop
      vertex -56.445518130045144 -31.28073372946036 0
      vertex -56.57776134292884 -30.911138709017848 0
      vertex -56.27768505739342 -31.63558694730399 0
    endloop
  endfacet
  facet normal 0 0 -1
    outer loop
      vertex -54.63558694730399 -33.27768505739342 0
      vertex -56.27768505739342 -31.63558694730399 0
      vertex -56.75 -29.75 0
    endloop
  endfacet
  facet normal 0 0 -1
    outer loop
      vertex -56.27768505739342 -31.63558694730399 0
      vertex -56.57776134292884 -30.911138709017848 0
      vertex -56.67314112161292 -30.530361288064512 0
    endloop
  endfacet
  facet normal 0 0 -1
    outer loop
      vertex -56.27768505739342 -31.63558694730399 0
      vertex -56.67314112161292 -30.530361288064512 0
      vertex -56.75 -29.75 0
    endloop
  endfacet
  facet normal 0 0 -1
    outer loop
      vertex -56.67314112161292 -30.530361288064512 0
      vertex -56.730738906688785 -30.142068561318244 0
      vertex -56.75 -29.75 0
    endloop
  endfacet
  facet normal 0 0 -1
    outer loop
      vertex -53.53036128806451 -33.67314112161292 0
      vertex -52.75 -33.75 0
      vertex -53.14206856131824 -33.730738906688785 0
    endloop
  endfacet
  facet normal -0.5956993044924305 -0.803207531480647 -1.3999908465911084e-18
    outer loop
      vertex -55.28757313665458 -32.84204181345095 0
      vertex -54.972280932078405 -33.07587844921018 0
      vertex -54.972280932078405 -33.07587844921018 1.6
    endloop
  endfacet
  facet normal -0.6715589548470106 -0.7409511253549663 0
    outer loop
      vertex -55.28757313665458 -32.84204181345095 0
      vertex -55.28757313665458 -32.84204181345095 1.6
      vertex -55.57842712474619 -32.57842712474619 0
    endloop
  endfacet
  facet normal -0.8032075314806438 -0.5956993044924348 0
    outer loop
      vertex -56.07587844921018 -31.97228093207841 0
      vertex -55.84204181345095 -32.28757313665458 0
      vertex -56.07587844921018 -31.97228093207841 1.6
    endloop
  endfacet
  facet normal -0.8577286100002701 -0.5141027441932249 0
    outer loop
      vertex -56.07587844921018 -31.97228093207841 0
      vertex -56.07587844921018 -31.97228093207841 1.6
      vertex -56.27768505739342 -31.63558694730399 0
    endloop
  endfacet
  facet normal -0.7409511253549663 -0.6715589548470106 0
    outer loop
      vertex -55.57842712474619 -32.57842712474619 0
      vertex -55.57842712474619 -32.57842712474619 1.6
      vertex -55.84204181345095 -32.28757313665458 0
    endloop
  endfacet
  facet normal -0.3368898533922314 -0.9415440651830168 0
    outer loop
      vertex -54.28073372946036 -33.445518130045144 0
      vertex -53.91113870901785 -33.57776134292884 0
      vertex -54.28073372946036 -33.445518130045144 1.6
    endloop
  endfacet
  facet normal -0.4275550934302754 -0.9039892931234464 -1.706485158980527e-18
    outer loop
      vertex -54.63558694730399 -33.27768505739342 0
      vertex -54.28073372946036 -33.445518130045144 0
      vertex -54.28073372946036 -33.445518130045144 1.6
    endloop
  endfacet
  facet normal -0.514102744193229 -0.8577286100002677 9.220131898498571e-18
    outer loop
      vertex -54.63558694730399 -33.27768505739342 0
      vertex -54.972280932078405 -33.07587844921018 1.6
      vertex -54.972280932078405 -33.07587844921018 0
    endloop
  endfacet
  facet normal -0.24298017990325774 -0.9700312531945455 -6.301530644014994e-20
    outer loop
      vertex -53.91113870901785 -33.57776134292884 0
      vertex -53.53036128806451 -33.67314112161292 0
      vertex -53.53036128806451 -33.67314112161292 1.6
    endloop
  endfacet
  facet normal -0.14673047445535528 -0.989176509964782 -6.771635765040937e-19
    outer loop
      vertex -53.53036128806451 -33.67314112161292 0
      vertex -53.14206856131824 -33.730738906688785 0
      vertex -53.14206856131824 -33.730738906688785 1.6
    endloop
  endfacet
  facet normal -0.9039892931234464 -0.4275550934302754 0
    outer loop
      vertex -56.445518130045144 -31.28073372946036 0
      vertex -56.27768505739342 -31.63558694730399 0
      vertex -56.445518130045144 -31.28073372946036 1.6
    endloop
  endfacet
  facet normal -0.9415440651830168 -0.3368898533922314 0
    outer loop
      vertex -56.445518130045144 -31.28073372946036 0
      vertex -56.445518130045144 -31.28073372946036 1.6
      vertex -56.57776134292884 -30.911138709017848 0
    endloop
  endfacet
  facet normal -0.9700312531945455 -0.24298017990325774 0
    outer loop
      vertex -56.57776134292884 -30.911138709017848 0
      vertex -56.57776134292884 -30.911138709017848 1.6
      vertex -56.67314112161292 -30.530361288064512 0
    endloop
  endfacet
  facet normal -0.9891765099647817 -0.14673047445535659 0
    outer loop
      vertex -56.67314112161292 -30.530361288064512 0
      vertex -56.67314112161292 -30.530361288064512 1.6
      vertex -56.730738906688785 -30.142068561318244 0
    endloop
  endfacet
  facet normal -0.9987954562051721 -0.04906767432742421 4.761615778021106e-20
    outer loop
      vertex -56.730738906688785 -30.142068561318244 0
      vertex -56.75 -29.75 1.6
      vertex -56.75 -29.75 0
    endloop
  endfacet
  facet normal -0.049067674327424655 -0.9987954562051721 0
    outer loop
      vertex -53.14206856131824 -33.730738906688785 0
      vertex -52.75 -33.75 0
      vertex -53.14206856131824 -33.730738906688785 1.6
    endloop
  endfacet
  facet normal -0.5956993044924305 -0.803207531480647 0
    outer loop
      vertex -55.28757313665458 -32.84204181345095 0
      vertex -54.972280932078405 -33.07587844921018 1.6
      vertex -55.28757313665458 -32.84204181345095 1.6
    endloop
  endfacet
  facet normal -0.8032075314806438 -0.5956993044924348 0
    outer loop
      vertex -55.84204181345095 -32.28757313665458 0
      vertex -55.84204181345095 -32.28757313665458 1.6
      vertex -56.07587844921018 -31.97228093207841 1.6
    endloop
  endfacet
  facet normal -0.8577286100002701 -0.5141027441932249 0
    outer loop
      vertex -56.27768505739342 -31.63558694730399 0
      vertex -56.07587844921018 -31.97228093207841 1.6
      vertex -56.27768505739342 -31.63558694730399 1.6
    endloop
  endfacet
  facet normal -0.6715589548470106 -0.7409511253549663 0
    outer loop
      vertex -55.57842712474619 -32.57842712474619 0
      vertex -55.28757313665458 -32.84204181345095 1.6
      vertex -55.57842712474619 -32.57842712474619 1.6
    endloop
  endfacet
  facet normal -0.7409511253549663 -0.6715589548470106 0
    outer loop
      vertex -55.84204181345095 -32.28757313665458 0
      vertex -55.57842712474619 -32.57842712474619 1.6
      vertex -55.84204181345095 -32.28757313665458 1.6
    endloop
  endfacet
  facet normal -0.4275550934302754 -0.9039892931234464 0
    outer loop
      vertex -54.63558694730399 -33.27768505739342 0
      vertex -54.28073372946036 -33.445518130045144 1.6
      vertex -54.63558694730399 -33.27768505739342 1.6
    endloop
  endfacet
  facet normal -0.514102744193229 -0.8577286100002677 0
    outer loop
      vertex -54.63558694730399 -33.27768505739342 0
      vertex -54.63558694730399 -33.27768505739342 1.6
      vertex -54.972280932078405 -33.07587844921018 1.6
    endloop
  endfacet
  facet normal -0.3368898533922314 -0.9415440651830168 0
    outer loop
      vertex -53.91113870901785 -33.57776134292884 0
      vertex -53.91113870901785 -33.57776134292884 1.6
      vertex -54.28073372946036 -33.445518130045144 1.6
    endloop
  endfacet
  facet normal -0.24298017990325774 -0.9700312531945455 0
    outer loop
      vertex -53.91113870901785 -33.57776134292884 0
      vertex -53.53036128806451 -33.67314112161292 1.6
      vertex -53.91113870901785 -33.57776134292884 1.6
    endloop
  endfacet
  facet normal -0.14673047445535528 -0.989176509964782 0
    outer loop
      vertex -53.53036128806451 -33.67314112161292 0
      vertex -53.14206856131824 -33.730738906688785 1.6
      vertex -53.53036128806451 -33.67314112161292 1.6
    endloop
  endfacet
  facet normal -0.9039892931234464 -0.4275550934302754 0
    outer loop
      vertex -56.27768505739342 -31.63558694730399 0
      vertex -56.27768505739342 -31.63558694730399 1.6
      vertex -56.445518130045144 -31.28073372946036 1.6
    endloop
  endfacet
  facet normal -0.9415440651830168 -0.3368898533922314 0
    outer loop
      vertex -56.57776134292884 -30.911138709017848 0
      vertex -56.445518130045144 -31.28073372946036 1.6
      vertex -56.57776134292884 -30.911138709017848 1.6
    endloop
  endfacet
  facet normal -0.9700312531945455 -0.24298017990325774 0
    outer loop
      vertex -56.67314112161292 -30.530361288064512 0
      vertex -56.57776134292884 -30.911138709017848 1.6
      vertex -56.67314112161292 -30.530361288064512 1.6
    endloop
  endfacet
  facet normal -0.9891765099647817 -0.14673047445535659 0
    outer loop
      vertex -56.730738906688785 -30.142068561318244 0
      vertex -56.67314112161292 -30.530361288064512 1.6
      vertex -56.730738906688785 -30.142068561318244 1.6
    endloop
  endfacet
  facet normal -0.9987954562051721 -0.04906767432742421 0
    outer loop
      vertex -56.730738906688785 -30.142068561318244 0
      vertex -56.730738906688785 -30.142068561318244 1.6
      vertex -56.75 -29.75 1.6
    endloop
  endfacet
  facet normal -0.049067674327424655 -0.9987954562051721 0
    outer loop
      vertex -52.75 -33.75 0
      vertex -52.75 -33.75 1.6
      vertex -53.14206856131824 -33.730738906688785 1.6
    endloop
  endfacet
  facet normal 0 0 1
    outer loop
      vertex -55.28757313665458 -32.84204181345095 1.6
      vertex -54.63558694730399 -33.27768505739342 1.6
      vertex -55.57842712474619 -32.57842712474619 1.6
    endloop
  endfacet
  facet normal 0 0 1
    outer loop
      vertex -56.07587844921018 -31.97228093207841 1.6
      vertex -55.57842712474619 -32.57842712474619 1.6
      vertex -54.63558694730399 -33.27768505739342 1.6
    endloop
  endfacet
  facet normal 0 0 1
    outer loop
      vertex -56.07587844921018 -31.97228093207841 1.6
      vertex -55.84204181345095 -32.28757313665458 1.6
      vertex -55.57842712474619 -32.57842712474619 1.6
    endloop
  endfacet
  facet normal 0 0 1
    outer loop
      vertex -56.07587844921018 -31.97228093207841 1.6
      vertex -54.63558694730399 -33.27768505739342 1.6
      vertex -56.75 -29.75 1.6
    endloop
  endfacet
  facet normal 0 0 1
    outer loop
      vertex -54.63558694730399 -33.27768505739342 1.6
      vertex -54.28073372946036 -33.445518130045144 1.6
      vertex -53.91113870901785 -33.57776134292884 1.6
    endloop
  endfacet
  facet normal 0 0 1
    outer loop
      vertex -55.28757313665458 -32.84204181345095 1.6
      vertex -54.972280932078405 -33.07587844921018 1.6
      vertex -54.63558694730399 -33.27768505739342 1.6
    endloop
  endfacet
  facet normal 0 0 1
    outer loop
      vertex -54.63558694730399 -33.27768505739342 1.6
      vertex -53.91113870901785 -33.57776134292884 1.6
      vertex -52.75 -33.75 1.6
    endloop
  endfacet
  facet normal 0 0 1
    outer loop
      vertex -53.91113870901785 -33.57776134292884 1.6
      vertex -53.53036128806451 -33.67314112161292 1.6
      vertex -52.75 -33.75 1.6
    endloop
  endfacet
  facet normal 0 0 1
    outer loop
      vertex -56.07587844921018 -31.97228093207841 1.6
      vertex -56.57776134292884 -30.911138709017848 1.6
      vertex -56.445518130045144 -31.28073372946036 1.6
    endloop
  endfacet
  facet normal 0 0 1
    outer loop
      vertex -56.07587844921018 -31.97228093207841 1.6
      vertex -56.445518130045144 -31.28073372946036 1.6
      vertex -56.27768505739342 -31.63558694730399 1.6
    endloop
  endfacet
  facet normal 0 0 1
    outer loop
      vertex -56.07587844921018 -31.97228093207841 1.6
      vertex -56.75 -29.75 1.6
      vertex -56.57776134292884 -30.911138709017848 1.6
    endloop
  endfacet
  facet normal 0 0 1
    outer loop
      vertex -56.57776134292884 -30.911138709017848 1.6
      vertex -56.75 -29.75 1.6
      vertex -56.67314112161292 -30.530361288064512 1.6
    endloop
  endfacet
  facet normal 0 0 1
    outer loop
      vertex -56.67314112161292 -30.530361288064512 1.6
      vertex -56.75 -29.75 1.6
      vertex -56.730738906688785 -30.142068561318244 1.6
    endloop
  endfacet
  facet normal 0 0 1
    outer loop
      vertex -53.53036128806451 -33.67314112161292 1.6
      vertex -53.14206856131824 -33.730738906688785 1.6
      vertex -52.75 -33.75 1.6
    endloop
  endfacet
  facet normal 0 0 1
    outer loop
      vertex -54.63558694730399 -33.27768505739342 1.6
      vertex -48.553179852490935 -26.21903136008821 1.6
      vertex -48.771320343559644 -26.02132034355964 1.6
    endloop
  endfacet
  facet normal 0 0 1
    outer loop
      vertex -54.63558694730399 -33.27768505739342 1.6
      vertex -47.798050297095266 -26.671638597533857 1.6
      vertex -48.06419021047799 -26.545763793045065 1.6
    endloop
  endfacet
  facet normal 0 0 1
    outer loop
      vertex -54.63558694730399 -33.27768505739342 1.6
      vertex -48.3167106990588 -26.394408836907633 1.6
      vertex -48.553179852490935 -26.21903136008821 1.6
    endloop
  endfacet
  facet normal 0 0 1
    outer loop
      vertex -54.63558694730399 -33.27768505739342 1.6
      vertex -48.06419021047799 -26.545763793045065 1.6
      vertex -48.3167106990588 -26.394408836907633 1.6
    endloop
  endfacet
  facet normal 0 0 1
    outer loop
      vertex -54.63558694730399 -33.27768505739342 1.6
      vertex -47.520854031763385 -26.770821007196623 1.6
      vertex -47.798050297095266 -26.671638597533857 1.6
    endloop
  endfacet
  facet normal 0 0 1
    outer loop
      vertex -54.63558694730399 -33.27768505739342 1.6
      vertex -47.23527096604838 -26.842355841209688 1.6
      vertex -47.520854031763385 -26.770821007196623 1.6
    endloop
  endfacet
  facet normal 0 0 1
    outer loop
      vertex -54.63558694730399 -33.27768505739342 1.6
      vertex -49.14440883690764 -25.566710699058806 1.6
      vertex -49.29576379304506 -25.314190210477992 1.6
    endloop
  endfacet
  facet normal 0 0 1
    outer loop
      vertex -54.63558694730399 -33.27768505739342 1.6
      vertex -48.771320343559644 -26.02132034355964 1.6
      vertex -48.96903136008821 -25.803179852490935 1.6
    endloop
  endfacet
  facet normal 0 0 1
    outer loop
      vertex -54.63558694730399 -33.27768505739342 1.6
      vertex -48.96903136008821 -25.803179852490935 1.6
      vertex -49.14440883690764 -25.566710699058806 1.6
    endloop
  endfacet
  facet normal 0 0 1
    outer loop
      vertex -54.63558694730399 -33.27768505739342 1.6
      vertex -49.29576379304506 -25.314190210477992 1.6
      vertex -49.42163859753386 -25.04805029709527 1.6
    endloop
  endfacet
  facet normal 0 0 1
    outer loop
      vertex -54.63558694730399 -33.27768505739342 1.6
      vertex -49.42163859753386 -25.04805029709527 1.6
      vertex -49.52082100719662 -24.770854031763385 1.6
    endloop
  endfacet
  facet normal 0 0 1
    outer loop
      vertex -54.63558694730399 -33.27768505739342 1.6
      vertex -49.52082100719662 -24.770854031763385 1.6
      vertex -49.59235584120969 -24.485270966048382 1.6
    endloop
  endfacet
  facet normal 0 0 1
    outer loop
      vertex -54.63558694730399 -33.27768505739342 1.6
      vertex -49.59235584120969 -24.485270966048382 1.6
      vertex -49.63555418001659 -24.194051420988682 1.6
    endloop
  endfacet
  facet normal 0 0 1
    outer loop
      vertex -54.63558694730399 -33.27768505739342 1.6
      vertex -49.63555418001659 -24.194051420988682 1.6
      vertex -49.65 -23.9 1.6
    endloop
  endfacet
  facet normal 0 0 1
    outer loop
      vertex -54.63558694730399 -33.27768505739342 1.6
      vertex -49.65 -23.9 1.6
      vertex -49.63555418001659 -23.605948579011315 1.6
    endloop
  endfacet
  facet normal 0 0 1
    outer loop
      vertex -54.63558694730399 -33.27768505739342 1.6
      vertex -49.63555418001659 -23.605948579011315 1.6
      vertex -49.59235584120969 -23.314729033951615 1.6
    endloop
  endfacet
  facet normal 0 0 1
    outer loop
      vertex -54.63558694730399 -33.27768505739342 1.6
      vertex -49.59235584120969 -23.314729033951615 1.6
      vertex -49.52082100719662 -23.029145968236612 1.6
    endloop
  endfacet
  facet normal 0 0 1
    outer loop
      vertex -54.63558694730399 -33.27768505739342 1.6
      vertex -49.52082100719662 -23.029145968236612 1.6
      vertex -49.42163859753386 -22.751949702904728 1.6
    endloop
  endfacet
  facet normal 0 0 1
    outer loop
      vertex -54.63558694730399 -33.27768505739342 1.6
      vertex -49.42163859753386 -22.751949702904728 1.6
      vertex -49.29576379304506 -22.485809789522005 1.6
    endloop
  endfacet
  facet normal 0 0 1
    outer loop
      vertex -54.63558694730399 -33.27768505739342 1.6
      vertex -46.65 -26.9 1.6
      vertex -46.94405142098868 -26.88555418001659 1.6
    endloop
  endfacet
  facet normal 0 0 1
    outer loop
      vertex -54.63558694730399 -33.27768505739342 1.6
      vertex -46.35594857901132 -26.88555418001659 1.6
      vertex -46.65 -26.9 1.6
    endloop
  endfacet
  facet normal 0 0 1
    outer loop
      vertex -54.63558694730399 -33.27768505739342 1.6
      vertex -46.94405142098868 -26.88555418001659 1.6
      vertex -47.23527096604838 -26.842355841209688 1.6
    endloop
  endfacet
  facet normal 0 0 1
    outer loop
      vertex -54.63558694730399 -33.27768505739342 1.6
      vertex -46.064729033951615 -26.842355841209688 1.6
      vertex -46.35594857901132 -26.88555418001659 1.6
    endloop
  endfacet
  facet normal 0 0 1
    outer loop
      vertex -54.63558694730399 -33.27768505739342 1.6
      vertex -45.77914596823661 -26.770821007196623 1.6
      vertex -46.064729033951615 -26.842355841209688 1.6
    endloop
  endfacet
  facet normal 0 0 1
    outer loop
      vertex -54.63558694730399 -33.27768505739342 1.6
      vertex -45.50194970290473 -26.671638597533857 1.6
      vertex -45.77914596823661 -26.770821007196623 1.6
    endloop
  endfacet
  facet normal 0 0 1
    outer loop
      vertex -54.63558694730399 -33.27768505739342 1.6
      vertex -45.23580978952201 -26.545763793045065 1.6
      vertex -45.50194970290473 -26.671638597533857 1.6
    endloop
  endfacet
  facet normal 0 0 1
    outer loop
      vertex -54.63558694730399 -33.27768505739342 1.6
      vertex -35.37 -25.05 1.6
      vertex -45.23580978952201 -26.545763793045065 1.6
    endloop
  endfacet
  facet normal 0 0 1
    outer loop
      vertex -45.23580978952201 -26.545763793045065 1.6
      vertex -35.37 -25.05 1.6
      vertex -44.983289300941195 -26.394408836907633 1.6
    endloop
  endfacet
  facet normal 0 0 1
    outer loop
      vertex -44.983289300941195 -26.394408836907633 1.6
      vertex -35.37 -25.05 1.6
      vertex -44.74682014750906 -26.21903136008821 1.6
    endloop
  endfacet
  facet normal 0 0 1
    outer loop
      vertex -44.74682014750906 -26.21903136008821 1.6
      vertex -35.37 -25.05 1.6
      vertex -44.52867965644035 -26.02132034355964 1.6
    endloop
  endfacet
  facet normal 0 0 1
    outer loop
      vertex -44.52867965644035 -26.02132034355964 1.6
      vertex -35.37 -25.05 1.6
      vertex -44.33096863991179 -25.803179852490935 1.6
    endloop
  endfacet
  facet normal 0 0 1
    outer loop
      vertex -44.33096863991179 -25.803179852490935 1.6
      vertex -35.37 -25.05 1.6
      vertex -44.15559116309236 -25.566710699058806 1.6
    endloop
  endfacet
  facet normal 0 0 1
    outer loop
      vertex -44.15559116309236 -25.566710699058806 1.6
      vertex -35.37 -25.05 1.6
      vertex -44.004236206954936 -25.314190210477992 1.6
    endloop
  endfacet
  facet normal 0 0 1
    outer loop
      vertex -44.004236206954936 -25.314190210477992 1.6
      vertex -35.37 -25.05 1.6
      vertex -43.87836140246614 -25.04805029709527 1.6
    endloop
  endfacet
  facet normal 0 0 1
    outer loop
      vertex -43.87836140246614 -25.04805029709527 1.6
      vertex -35.37 -25.05 1.6
      vertex -43.779178992803374 -24.770854031763385 1.6
    endloop
  endfacet
  facet normal 0 0 1
    outer loop
      vertex -43.779178992803374 -24.770854031763385 1.6
      vertex -35.37 -25.05 1.6
      vertex -43.70764415879031 -24.485270966048382 1.6
    endloop
  endfacet
  facet normal 0 0 1
    outer loop
      vertex -43.70764415879031 -24.485270966048382 1.6
      vertex -35.37 -25.05 1.6
      vertex -43.664445819983406 -24.194051420988682 1.6
    endloop
  endfacet
  facet normal 0 0 1
    outer loop
      vertex -43.664445819983406 -24.194051420988682 1.6
      vertex -35.37 -25.05 1.6
      vertex -43.65 -23.9 1.6
    endloop
  endfacet
  facet normal 0 0 1
    outer loop
      vertex -43.65 -23.9 1.6
      vertex -35.37 -25.05 1.6
      vertex -43.664445819983406 -23.605948579011315 1.6
    endloop
  endfacet
  facet normal 0 0 1
    outer loop
      vertex -43.664445819983406 -23.605948579011315 1.6
      vertex -35.37 -25.05 1.6
      vertex -43.70764415879031 -23.314729033951615 1.6
    endloop
  endfacet
  facet normal 0 0 1
    outer loop
      vertex -43.70764415879031 -23.314729033951615 1.6
      vertex -35.37 -25.05 1.6
      vertex -43.779178992803374 -23.029145968236612 1.6
    endloop
  endfacet
  facet normal 0 0 1
    outer loop
      vertex -43.779178992803374 -23.029145968236612 1.6
      vertex -35.37 -25.05 1.6
      vertex -43.87836140246614 -22.751949702904728 1.6
    endloop
  endfacet
  facet normal 0 0 1
    outer loop
      vertex -43.87836140246614 -22.751949702904728 1.6
      vertex -35.37 -25.05 1.6
      vertex -44.004236206954936 -22.485809789522005 1.6
    endloop
  endfacet
  facet normal 0 0 -1
    outer loop
      vertex -54.63558694730399 -33.27768505739342 0
      vertex -56.75 -29.75 0
      vertex -56.75 29.75 0
    endloop
  endfacet
  facet normal -1 0 0
    outer loop
      vertex -56.75 -29.75 0
      vertex -56.75 -29.75 1.6
      vertex -56.75 29.75 0
    endloop
  endfacet
  facet normal 0 0 -1
    outer loop
      vertex -54.63558694730399 -33.27768505739342 0
      vertex -52.75 33.75 0
      vertex -36.87 -26.55 0
    endloop
  endfacet
  facet normal 0 0 1
    outer loop
      vertex -54.63558694730399 -33.27768505739342 1.6
      vertex -54.972280932078405 33.07587844921018 1.6
      vertex -56.75 -29.75 1.6
    endloop
  endfacet
  facet normal 0 0 1
    outer loop
      vertex -54.63558694730399 -33.27768505739342 1.6
      vertex -49.29576379304506 -22.485809789522005 1.6
      vertex -48.96903136008821 21.996820147509062 1.6
    endloop
  endfacet
  facet normal 0 0 1
    outer loop
      vertex -49.29576379304506 -22.485809789522005 1.6
      vertex -49.14440883690764 -22.23328930094119 1.6
      vertex -48.96903136008821 21.996820147509062 1.6
    endloop
  endfacet
  facet normal 0 0 1
    outer loop
      vertex -49.14440883690764 -22.23328930094119 1.6
      vertex -48.96903136008821 -21.996820147509062 1.6
      vertex -48.96903136008821 21.996820147509062 1.6
    endloop
  endfacet
  facet normal 0 0 1
    outer loop
      vertex -48.96903136008821 -21.996820147509062 1.6
      vertex -48.771320343559644 -21.778679656440357 1.6
      vertex -48.771320343559644 21.778679656440357 1.6
    endloop
  endfacet
  facet normal 0 0 1
    outer loop
      vertex -48.771320343559644 -21.778679656440357 1.6
      vertex -48.553179852490935 -21.580968639911788 1.6
      vertex -48.553179852490935 21.580968639911788 1.6
    endloop
  endfacet
  facet normal 0 0 1
    outer loop
      vertex -48.553179852490935 -21.580968639911788 1.6
      vertex -48.3167106990588 -21.405591163092364 1.6
      vertex -48.3167106990588 21.405591163092364 1.6
    endloop
  endfacet
  facet normal 0 0 1
    outer loop
      vertex -48.3167106990588 -21.405591163092364 1.6
      vertex -48.06419021047799 -21.254236206954932 1.6
      vertex -48.06419021047799 21.254236206954932 1.6
    endloop
  endfacet
  facet normal 0 0 1
    outer loop
      vertex -48.06419021047799 -21.254236206954932 1.6
      vertex -47.798050297095266 -21.12836140246614 1.6
      vertex -47.798050297095266 21.12836140246614 1.6
    endloop
  endfacet
  facet normal 0 0 1
    outer loop
      vertex -47.798050297095266 -21.12836140246614 1.6
      vertex -47.520854031763385 -21.029178992803374 1.6
      vertex -47.520854031763385 21.029178992803374 1.6
    endloop
  endfacet
  facet normal 0 0 1
    outer loop
      vertex -47.520854031763385 -21.029178992803374 1.6
      vertex -47.23527096604838 -20.95764415879031 1.6
      vertex -47.23527096604838 20.95764415879031 1.6
    endloop
  endfacet
  facet normal 0 0 1
    outer loop
      vertex -47.23527096604838 -20.95764415879031 1.6
      vertex -46.94405142098868 -20.914445819983406 1.6
      vertex -46.94405142098868 20.914445819983406 1.6
    endloop
  endfacet
  facet normal 0 0 1
    outer loop
      vertex -46.94405142098868 -20.914445819983406 1.6
      vertex -46.65 -20.9 1.6
      vertex -46.65 20.9 1.6
    endloop
  endfacet
  facet normal 0 0 1
    outer loop
      vertex -46.65 -20.9 1.6
      vertex -46.35594857901132 -20.914445819983406 1.6
      vertex -46.35594857901132 20.914445819983406 1.6
    endloop
  endfacet
  facet normal 0 0 1
    outer loop
      vertex -46.35594857901132 -20.914445819983406 1.6
      vertex -46.064729033951615 -20.95764415879031 1.6
      vertex -46.064729033951615 20.95764415879031 1.6
    endloop
  endfacet
  facet normal 0 0 1
    outer loop
      vertex -46.064729033951615 -20.95764415879031 1.6
      vertex -45.77914596823661 -21.029178992803374 1.6
      vertex -45.77914596823661 21.029178992803374 1.6
    endloop
  endfacet
  facet normal 0 0 1
    outer loop
      vertex -45.50194970290473 -21.12836140246614 1.6
      vertex -45.50194970290473 21.12836140246614 1.6
      vertex -45.77914596823661 -21.029178992803374 1.6
    endloop
  endfacet
  facet normal 0 0 1
    outer loop
      vertex -45.50194970290473 -21.12836140246614 1.6
      vertex -45.23580978952201 -21.254236206954932 1.6
      vertex -45.23580978952201 21.254236206954932 1.6
    endloop
  endfacet
  facet normal 0 0 1
    outer loop
      vertex -44.983289300941195 -21.405591163092364 1.6
      vertex -44.74682014750906 -21.580968639911788 1.6
      vertex -44.74682014750906 21.580968639911788 1.6
    endloop
  endfacet
  facet normal 0 0 1
    outer loop
      vertex -45.23580978952201 -21.254236206954932 1.6
      vertex -44.983289300941195 -21.405591163092364 1.6
      vertex -44.983289300941195 21.405591163092364 1.6
    endloop
  endfacet
  facet normal 0 0 1
    outer loop
      vertex -44.52867965644035 -21.778679656440357 1.6
      vertex -44.52867965644035 21.778679656440357 1.6
      vertex -44.74682014750906 -21.580968639911788 1.6
    endloop
  endfacet
  facet normal 0 0 1
    outer loop
      vertex -44.52867965644035 -21.778679656440357 1.6
      vertex -44.33096863991179 -21.996820147509062 1.6
      vertex -44.33096863991179 21.996820147509062 1.6
    endloop
  endfacet
  facet normal 0 0 1
    outer loop
      vertex -44.15559116309236 -22.23328930094119 1.6
      vertex -35.37 25.05 1.6
      vertex -44.33096863991179 -21.996820147509062 1.6
    endloop
  endfacet
  facet normal 0 0 1
    outer loop
      vertex -44.004236206954936 -22.485809789522005 1.6
      vertex -35.37 25.05 1.6
      vertex -44.15559116309236 -22.23328930094119 1.6
    endloop
  endfacet
  facet normal 0 0 1
    outer loop
      vertex -44.004236206954936 -22.485809789522005 1.6
      vertex -35.37 -25.05 1.6
      vertex -35.37 25.05 1.6
    endloop
  endfacet
  facet normal 0 0 -1
    outer loop
      vertex -54.63558694730399 -33.27768505739342 0
      vertex 52.75 -33.75 0
      vertex -52.75 -33.75 0
    endloop
  endfacet
  facet normal 0 -1 0
    outer loop
      vertex -52.75 -33.75 0
      vertex 52.75 -33.75 0
      vertex -52.75 -33.75 1.6
    endloop
  endfacet
  facet normal 0 0 -1
    outer loop
      vertex -54.63558694730399 -33.27768505739342 0
      vertex -36.87 -26.55 0
      vertex 56.75 -29.75 0
    endloop
  endfacet
  facet normal 0 0 1
    outer loop
      vertex -54.63558694730399 -33.27768505739342 1.6
      vertex -52.75 -33.75 1.6
      vertex 52.75 -33.75 1.6
    endloop
  endfacet
  facet normal 0 0 1
    outer loop
      vertex -54.63558694730399 -33.27768505739342 1.6
      vertex 39.62 -25.05 1.6
      vertex -35.37 -25.05 1.6
    endloop
  endfacet
  facet normal 0 0 -1
    outer loop
      vertex -54.63558694730399 -33.27768505739342 0
      vertex -56.75 29.75 0
      vertex -52.75 33.75 0
    endloop
  endfacet
  facet normal -1 0 0
    outer loop
      vertex -56.75 -29.75 1.6
      vertex -56.75 29.75 1.6
      vertex -56.75 29.75 0
    endloop
  endfacet
  facet normal 0 0 -1
    outer loop
      vertex -52.75 33.75 0
      vertex -36.87 26.55 0
      vertex -36.87 -26.55 0
    endloop
  endfacet
  facet normal 0 0 1
    outer loop
      vertex -54.63558694730399 -33.27768505739342 1.6
      vertex -48.96903136008821 21.996820147509062 1.6
      vertex -49.14440883690764 22.23328930094119 1.6
    endloop
  endfacet
  facet normal 0 0 1
    outer loop
      vertex -54.63558694730399 -33.27768505739342 1.6
      vertex -49.14440883690764 22.23328930094119 1.6
      vertex -49.29576379304506 22.485809789522005 1.6
    endloop
  endfacet
  facet normal 0 0 1
    outer loop
      vertex -54.63558694730399 -33.27768505739342 1.6
      vertex -49.29576379304506 22.485809789522005 1.6
      vertex -49.42163859753386 22.751949702904728 1.6
    endloop
  endfacet
  facet normal 0 0 1
    outer loop
      vertex -54.63558694730399 -33.27768505739342 1.6
      vertex -49.42163859753386 22.751949702904728 1.6
      vertex -49.52082100719662 23.029145968236612 1.6
    endloop
  endfacet
  facet normal 0 0 1
    outer loop
      vertex -54.63558694730399 -33.27768505739342 1.6
      vertex -49.52082100719662 23.029145968236612 1.6
      vertex -49.59235584120969 23.314729033951615 1.6
    endloop
  endfacet
  facet normal 0 0 1
    outer loop
      vertex -54.63558694730399 -33.27768505739342 1.6
      vertex -49.59235584120969 23.314729033951615 1.6
      vertex -49.63555418001659 23.605948579011315 1.6
    endloop
  endfacet
  facet normal 0 0 1
    outer loop
      vertex -54.63558694730399 -33.27768505739342 1.6
      vertex -49.63555418001659 23.605948579011315 1.6
      vertex -49.65 23.9 1.6
    endloop
  endfacet
  facet normal 0 0 1
    outer loop
      vertex -54.63558694730399 -33.27768505739342 1.6
      vertex -49.65 23.9 1.6
      vertex -49.63555418001659 24.194051420988682 1.6
    endloop
  endfacet
  facet normal 0 0 1
    outer loop
      vertex -54.63558694730399 -33.27768505739342 1.6
      vertex -49.63555418001659 24.194051420988682 1.6
      vertex -54.972280932078405 33.07587844921018 1.6
    endloop
  endfacet
  facet normal 0 0 1
    outer loop
      vertex -48.96903136008821 -21.996820147509062 1.6
      vertex -48.771320343559644 21.778679656440357 1.6
      vertex -48.96903136008821 21.996820147509062 1.6
    endloop
  endfacet
  facet normal 0 0 1
    outer loop
      vertex -48.771320343559644 -21.778679656440357 1.6
      vertex -48.553179852490935 21.580968639911788 1.6
      vertex -48.771320343559644 21.778679656440357 1.6
    endloop
  endfacet
  facet normal 0 0 1
    outer loop
      vertex -48.553179852490935 -21.580968639911788 1.6
      vertex -48.3167106990588 21.405591163092364 1.6
      vertex -48.553179852490935 21.580968639911788 1.6
    endloop
  endfacet
  facet normal 0 0 1
    outer loop
      vertex -48.3167106990588 -21.405591163092364 1.6
      vertex -48.06419021047799 21.254236206954932 1.6
      vertex -48.3167106990588 21.405591163092364 1.6
    endloop
  endfacet
  facet normal 0 0 1
    outer loop
      vertex -48.06419021047799 -21.254236206954932 1.6
      vertex -47.798050297095266 21.12836140246614 1.6
      vertex -48.06419021047799 21.254236206954932 1.6
    endloop
  endfacet
  facet normal 0 0 1
    outer loop
      vertex -47.798050297095266 -21.12836140246614 1.6
      vertex -47.520854031763385 21.029178992803374 1.6
      vertex -47.798050297095266 21.12836140246614 1.6
    endloop
  endfacet
  facet normal 0 0 1
    outer loop
      vertex -47.520854031763385 -21.029178992803374 1.6
      vertex -47.23527096604838 20.95764415879031 1.6
      vertex -47.520854031763385 21.029178992803374 1.6
    endloop
  endfacet
  facet normal 0 0 1
    outer loop
      vertex -47.23527096604838 -20.95764415879031 1.6
      vertex -46.94405142098868 20.914445819983406 1.6
      vertex -47.23527096604838 20.95764415879031 1.6
    endloop
  endfacet
  facet normal 0 0 1
    outer loop
      vertex -46.94405142098868 -20.914445819983406 1.6
      vertex -46.65 20.9 1.6
      vertex -46.94405142098868 20.914445819983406 1.6
    endloop
  endfacet
  facet normal 0 0 1
    outer loop
      vertex -46.65 -20.9 1.6
      vertex -46.35594857901132 20.914445819983406 1.6
      vertex -46.65 20.9 1.6
    endloop
  endfacet
  facet normal 0 0 1
    outer loop
      vertex -46.35594857901132 -20.914445819983406 1.6
      vertex -46.064729033951615 20.95764415879031 1.6
      vertex -46.35594857901132 20.914445819983406 1.6
    endloop
  endfacet
  facet normal 0 0 1
    outer loop
      vertex -46.064729033951615 -20.95764415879031 1.6
      vertex -45.77914596823661 21.029178992803374 1.6
      vertex -46.064729033951615 20.95764415879031 1.6
    endloop
  endfacet
  facet normal 0 0 1
    outer loop
      vertex -45.77914596823661 -21.029178992803374 1.6
      vertex -45.50194970290473 21.12836140246614 1.6
      vertex -45.77914596823661 21.029178992803374 1.6
    endloop
  endfacet
  facet normal 0 0 1
    outer loop
      vertex -45.50194970290473 -21.12836140246614 1.6
      vertex -45.23580978952201 21.254236206954932 1.6
      vertex -45.50194970290473 21.12836140246614 1.6
    endloop
  endfacet
  facet normal 0 0 1
    outer loop
      vertex -45.23580978952201 -21.254236206954932 1.6
      vertex -44.983289300941195 21.405591163092364 1.6
      vertex -45.23580978952201 21.254236206954932 1.6
    endloop
  endfacet
  facet normal 0 0 1
    outer loop
      vertex -44.983289300941195 -21.405591163092364 1.6
      vertex -44.74682014750906 21.580968639911788 1.6
      vertex -44.983289300941195 21.405591163092364 1.6
    endloop
  endfacet
  facet normal 0 0 1
    outer loop
      vertex -44.74682014750906 -21.580968639911788 1.6
      vertex -44.52867965644035 21.778679656440357 1.6
      vertex -44.74682014750906 21.580968639911788 1.6
    endloop
  endfacet
  facet normal 0 0 1
    outer loop
      vertex -44.52867965644035 -21.778679656440357 1.6
      vertex -44.33096863991179 21.996820147509062 1.6
      vertex -44.52867965644035 21.778679656440357 1.6
    endloop
  endfacet
  facet normal 0 0 1
    outer loop
      vertex -44.33096863991179 -21.996820147509062 1.6
      vertex -44.15559116309236 22.23328930094119 1.6
      vertex -44.33096863991179 21.996820147509062 1.6
    endloop
  endfacet
  facet normal 0 0 1
    outer loop
      vertex -44.33096863991179 -21.996820147509062 1.6
      vertex -44.004236206954936 22.485809789522005 1.6
      vertex -44.15559116309236 22.23328930094119 1.6
    endloop
  endfacet
  facet normal 0 0 1
    outer loop
      vertex -44.33096863991179 -21.996820147509062 1.6
      vertex -43.87836140246614 22.751949702904728 1.6
      vertex -44.004236206954936 22.485809789522005 1.6
    endloop
  endfacet
  facet normal 0 0 1
    outer loop
      vertex -44.33096863991179 -21.996820147509062 1.6
      vertex -43.779178992803374 23.029145968236612 1.6
      vertex -43.87836140246614 22.751949702904728 1.6
    endloop
  endfacet
  facet normal 0 0 1
    outer loop
      vertex -44.33096863991179 -21.996820147509062 1.6
      vertex -43.70764415879031 23.314729033951615 1.6
      vertex -43.779178992803374 23.029145968236612 1.6
    endloop
  endfacet
  facet normal 0 0 1
    outer loop
      vertex -44.33096863991179 -21.996820147509062 1.6
      vertex -43.664445819983406 23.605948579011315 1.6
      vertex -43.70764415879031 23.314729033951615 1.6
    endloop
  endfacet
  facet normal 0 0 1
    outer loop
      vertex -56.75 -29.75 1.6
      vertex -55.84204181345095 32.28757313665458 1.6
      vertex -56.75 29.75 1.6
    endloop
  endfacet
  facet normal 0 0 1
    outer loop
      vertex -56.75 -29.75 1.6
      vertex -54.972280932078405 33.07587844921018 1.6
      vertex -55.84204181345095 32.28757313665458 1.6
    endloop
  endfacet
  facet normal 0 0 1
    outer loop
      vertex -44.33096863991179 -21.996820147509062 1.6
      vertex -35.37 25.05 1.6
      vertex -43.664445819983406 23.605948579011315 1.6
    endloop
  endfacet
  facet normal 0 0 -1
    outer loop
      vertex -56.75 29.75 0
      vertex -56.730738906688785 30.142068561318244 0
      vertex -56.67314112161292 30.530361288064512 0
    endloop
  endfacet
  facet normal 0 0 -1
    outer loop
      vertex -56.75 29.75 0
      vertex -56.67314112161292 30.530361288064512 0
      vertex -56.445518130045144 31.28073372946036 0
    endloop
  endfacet
  facet normal 0 0 -1
    outer loop
      vertex -56.67314112161292 30.530361288064512 0
      vertex -56.57776134292884 30.911138709017848 0
      vertex -56.445518130045144 31.28073372946036 0
    endloop
  endfacet
  facet normal 0 0 -1
    outer loop
      vertex -56.75 29.75 0
      vertex -56.445518130045144 31.28073372946036 0
      vertex -55.57842712474619 32.57842712474619 0
    endloop
  endfacet
  facet normal 0 0 -1
    outer loop
      vertex -56.445518130045144 31.28073372946036 0
      vertex -56.27768505739342 31.63558694730399 0
      vertex -56.07587844921018 31.97228093207841 0
    endloop
  endfacet
  facet normal 0 0 -1
    outer loop
      vertex -56.445518130045144 31.28073372946036 0
      vertex -56.07587844921018 31.97228093207841 0
      vertex -55.57842712474619 32.57842712474619 0
    endloop
  endfacet
  facet normal 0 0 -1
    outer loop
      vertex -56.75 29.75 0
      vertex -55.57842712474619 32.57842712474619 0
      vertex -52.75 33.75 0
    endloop
  endfacet
  facet normal 0 0 -1
    outer loop
      vertex -56.07587844921018 31.97228093207841 0
      vertex -55.84204181345095 32.28757313665458 0
      vertex -55.57842712474619 32.57842712474619 0
    endloop
  endfacet
  facet normal 0 0 -1
    outer loop
      vertex -55.57842712474619 32.57842712474619 0
      vertex -55.28757313665458 32.84204181345095 0
      vertex -54.972280932078405 33.07587844921018 0
    endloop
  endfacet
  facet normal 0 0 -1
    outer loop
      vertex -55.57842712474619 32.57842712474619 0
      vertex -54.972280932078405 33.07587844921018 0
      vertex -54.28073372946036 33.445518130045144 0
    endloop
  endfacet
  facet normal 0 0 -1
    outer loop
      vertex -54.972280932078405 33.07587844921018 0
      vertex -54.63558694730399 33.27768505739342 0
      vertex -54.28073372946036 33.445518130045144 0
    endloop
  endfacet
  facet normal 0 0 -1
    outer loop
      vertex -55.57842712474619 32.57842712474619 0
      vertex -54.28073372946036 33.445518130045144 0
      vertex -52.75 33.75 0
    endloop
  endfacet
  facet normal 0 0 -1
    outer loop
      vertex -54.28073372946036 33.445518130045144 0
      vertex -53.91113870901785 33.57776134292884 0
      vertex -53.53036128806451 33.67314112161292 0
    endloop
  endfacet
  facet normal 0 0 -1
    outer loop
      vertex -54.28073372946036 33.445518130045144 0
      vertex -53.53036128806451 33.67314112161292 0
      vertex -52.75 33.75 0
    endloop
  endfacet
  facet normal 0 0 -1
    outer loop
      vertex -53.53036128806451 33.67314112161292 0
      vertex -53.14206856131824 33.730738906688785 0
      vertex -52.75 33.75 0
    endloop
  endfacet
  facet normal -0.9987954562051721 0.04906767432742421 0
    outer loop
      vertex -56.75 29.75 0
      vertex -56.75 29.75 1.6
      vertex -56.730738906688785 30.142068561318244 0
    endloop
  endfacet
  facet normal -0.9891765099647817 0.14673047445535659 0
    outer loop
      vertex -56.730738906688785 30.142068561318244 0
      vertex -56.730738906688785 30.142068561318244 1.6
      vertex -56.67314112161292 30.530361288064512 0
    endloop
  endfacet
  facet normal -0.9700312531945455 0.24298017990325774 0
    outer loop
      vertex -56.67314112161292 30.530361288064512 0
      vertex -56.67314112161292 30.530361288064512 1.6
      vertex -56.57776134292884 30.911138709017848 0
    endloop
  endfacet
  facet normal -0.9415440651830168 0.3368898533922314 4.949588265280102e-18
    outer loop
      vertex -56.57776134292884 30.911138709017848 0
      vertex -56.445518130045144 31.28073372946036 1.6
      vertex -56.445518130045144 31.28073372946036 0
    endloop
  endfacet
  facet normal -0.9039892931234464 0.4275550934302754 1.706485158980527e-18
    outer loop
      vertex -56.445518130045144 31.28073372946036 0
      vertex -56.27768505739342 31.63558694730399 1.6
      vertex -56.27768505739342 31.63558694730399 0
    endloop
  endfacet
  facet normal -0.8577286100002701 0.5141027441932249 5.418322944124894e-18
    outer loop
      vertex -56.27768505739342 31.63558694730399 0
      vertex -56.07587844921018 31.97228093207841 1.6
      vertex -56.07587844921018 31.97228093207841 0
    endloop
  endfacet
  facet normal -0.8032075314806438 0.5956993044924348 4.445297068703035e-18
    outer loop
      vertex -56.07587844921018 31.97228093207841 0
      vertex -55.84204181345095 32.28757313665458 1.6
      vertex -55.84204181345095 32.28757313665458 0
    endloop
  endfacet
  facet normal -0.7409511253549663 0.6715589548470106 0
    outer loop
      vertex -55.84204181345095 32.28757313665458 0
      vertex -55.84204181345095 32.28757313665458 1.6
      vertex -55.57842712474619 32.57842712474619 0
    endloop
  endfacet
  facet normal -0.6715589548470106 0.7409511253549663 3.501256666827905e-18
    outer loop
      vertex -55.57842712474619 32.57842712474619 0
      vertex -55.28757313665458 32.84204181345095 1.6
      vertex -55.28757313665458 32.84204181345095 0
    endloop
  endfacet
  facet normal -0.5956993044924305 0.803207531480647 0
    outer loop
      vertex -55.28757313665458 32.84204181345095 0
      vertex -55.28757313665458 32.84204181345095 1.6
      vertex -54.972280932078405 33.07587844921018 0
    endloop
  endfacet
  facet normal -0.514102744193229 0.8577286100002677 -9.220131898498571e-18
    outer loop
      vertex -54.972280932078405 33.07587844921018 0
      vertex -54.63558694730399 33.27768505739342 1.6
      vertex -54.63558694730399 33.27768505739342 0
    endloop
  endfacet
  facet normal -0.4275550934302754 0.9039892931234464 0
    outer loop
      vertex -54.63558694730399 33.27768505739342 0
      vertex -54.63558694730399 33.27768505739342 1.6
      vertex -54.28073372946036 33.445518130045144 0
    endloop
  endfacet
  facet normal -0.3368898533922314 0.9415440651830168 4.949588265280102e-18
    outer loop
      vertex -54.28073372946036 33.445518130045144 0
      vertex -53.91113870901785 33.57776134292884 1.6
      vertex -53.91113870901785 33.57776134292884 0
    endloop
  endfacet
  facet normal -0.24298017990325774 0.9700312531945455 0
    outer loop
      vertex -53.91113870901785 33.57776134292884 0
      vertex -53.91113870901785 33.57776134292884 1.6
      vertex -53.53036128806451 33.67314112161292 0
    endloop
  endfacet
  facet normal -0.14673047445535528 0.989176509964782 6.771635765040937e-19
    outer loop
      vertex -53.53036128806451 33.67314112161292 0
      vertex -53.14206856131824 33.730738906688785 1.6
      vertex -53.14206856131824 33.730738906688785 0
    endloop
  endfacet
  facet normal -0.049067674327424655 0.9987954562051721 0
    outer loop
      vertex -53.14206856131824 33.730738906688785 0
      vertex -53.14206856131824 33.730738906688785 1.6
      vertex -52.75 33.75 0
    endloop
  endfacet
  facet normal -0.9987954562051721 0.04906767432742421 0
    outer loop
      vertex -56.730738906688785 30.142068561318244 0
      vertex -56.75 29.75 1.6
      vertex -56.730738906688785 30.142068561318244 1.6
    endloop
  endfacet
  facet normal -0.9891765099647817 0.14673047445535659 0
    outer loop
      vertex -56.67314112161292 30.530361288064512 0
      vertex -56.730738906688785 30.142068561318244 1.6
      vertex -56.67314112161292 30.530361288064512 1.6
    endloop
  endfacet
  facet normal -0.9700312531945455 0.24298017990325774 0
    outer loop
      vertex -56.57776134292884 30.911138709017848 0
      vertex -56.67314112161292 30.530361288064512 1.6
      vertex -56.57776134292884 30.911138709017848 1.6
    endloop
  endfacet
  facet normal -0.9415440651830168 0.3368898533922314 0
    outer loop
      vertex -56.57776134292884 30.911138709017848 0
      vertex -56.57776134292884 30.911138709017848 1.6
      vertex -56.445518130045144 31.28073372946036 1.6
    endloop
  endfacet
  facet normal -0.9039892931234464 0.4275550934302754 0
    outer loop
      vertex -56.445518130045144 31.28073372946036 0
      vertex -56.445518130045144 31.28073372946036 1.6
      vertex -56.27768505739342 31.63558694730399 1.6
    endloop
  endfacet
  facet normal -0.8577286100002701 0.5141027441932249 0
    outer loop
      vertex -56.27768505739342 31.63558694730399 0
      vertex -56.27768505739342 31.63558694730399 1.6
      vertex -56.07587844921018 31.97228093207841 1.6
    endloop
  endfacet
  facet normal -0.8032075314806438 0.5956993044924348 0
    outer loop
      vertex -56.07587844921018 31.97228093207841 0
      vertex -56.07587844921018 31.97228093207841 1.6
      vertex -55.84204181345095 32.28757313665458 1.6
    endloop
  endfacet
  facet normal -0.7409511253549663 0.6715589548470106 0
    outer loop
      vertex -55.57842712474619 32.57842712474619 0
      vertex -55.84204181345095 32.28757313665458 1.6
      vertex -55.57842712474619 32.57842712474619 1.6
    endloop
  endfacet
  facet normal -0.6715589548470106 0.7409511253549663 0
    outer loop
      vertex -55.57842712474619 32.57842712474619 0
      vertex -55.57842712474619 32.57842712474619 1.6
      vertex -55.28757313665458 32.84204181345095 1.6
    endloop
  endfacet
  facet normal -0.5956993044924305 0.803207531480647 0
    outer loop
      vertex -54.972280932078405 33.07587844921018 0
      vertex -55.28757313665458 32.84204181345095 1.6
      vertex -54.972280932078405 33.07587844921018 1.6
    endloop
  endfacet
  facet normal -0.514102744193229 0.8577286100002677 0
    outer loop
      vertex -54.972280932078405 33.07587844921018 0
      vertex -54.972280932078405 33.07587844921018 1.6
      vertex -54.63558694730399 33.27768505739342 1.6
    endloop
  endfacet
  facet normal -0.4275550934302754 0.9039892931234464 0
    outer loop
      vertex -54.28073372946036 33.445518130045144 0
      vertex -54.63558694730399 33.27768505739342 1.6
      vertex -54.28073372946036 33.445518130045144 1.6
    endloop
  endfacet
  facet normal -0.3368898533922314 0.9415440651830168 0
    outer loop
      vertex -54.28073372946036 33.445518130045144 0
      vertex -54.28073372946036 33.445518130045144 1.6
      vertex -53.91113870901785 33.57776134292884 1.6
    endloop
  endfacet
  facet normal -0.24298017990325774 0.9700312531945455 0
    outer loop
      vertex -53.53036128806451 33.67314112161292 0
      vertex -53.91113870901785 33.57776134292884 1.6
      vertex -53.53036128806451 33.67314112161292 1.6
    endloop
  endfacet
  facet normal -0.14673047445535528 0.989176509964782 0
    outer loop
      vertex -53.53036128806451 33.67314112161292 0
      vertex -53.53036128806451 33.67314112161292 1.6
      vertex -53.14206856131824 33.730738906688785 1.6
    endloop
  endfacet
  facet normal -0.049067674327424655 0.9987954562051721 0
    outer loop
      vertex -52.75 33.75 0
      vertex -53.14206856131824 33.730738906688785 1.6
      vertex -52.75 33.75 1.6
    endloop
  endfacet
  facet normal 0 0 1
    outer loop
      vertex -49.63555418001659 24.194051420988682 1.6
      vertex -49.59235584120969 24.485270966048382 1.6
      vertex -54.972280932078405 33.07587844921018 1.6
    endloop
  endfacet
  facet normal 0 0 1
    outer loop
      vertex -49.59235584120969 24.485270966048382 1.6
      vertex -49.52082100719662 24.770854031763385 1.6
      vertex -54.972280932078405 33.07587844921018 1.6
    endloop
  endfacet
  facet normal 0 0 1
    outer loop
      vertex -49.52082100719662 24.770854031763385 1.6
      vertex -49.42163859753386 25.04805029709527 1.6
      vertex -54.972280932078405 33.07587844921018 1.6
    endloop
  endfacet
  facet normal 0 0 1
    outer loop
      vertex -49.42163859753386 25.04805029709527 1.6
      vertex -49.29576379304506 25.314190210477992 1.6
      vertex -54.972280932078405 33.07587844921018 1.6
    endloop
  endfacet
  facet normal 0 0 1
    outer loop
      vertex -54.972280932078405 33.07587844921018 1.6
      vertex -49.29576379304506 25.314190210477992 1.6
      vertex -49.14440883690764 25.566710699058806 1.6
    endloop
  endfacet
  facet normal 0 0 1
    outer loop
      vertex -54.972280932078405 33.07587844921018 1.6
      vertex -49.14440883690764 25.566710699058806 1.6
      vertex -48.96903136008821 25.803179852490935 1.6
    endloop
  endfacet
  facet normal 0 0 1
    outer loop
      vertex -54.972280932078405 33.07587844921018 1.6
      vertex -48.96903136008821 25.803179852490935 1.6
      vertex -48.771320343559644 26.02132034355964 1.6
    endloop
  endfacet
  facet normal 0 0 1
    outer loop
      vertex -54.972280932078405 33.07587844921018 1.6
      vertex -48.771320343559644 26.02132034355964 1.6
      vertex -48.553179852490935 26.21903136008821 1.6
    endloop
  endfacet
  facet normal 0 0 1
    outer loop
      vertex -54.972280932078405 33.07587844921018 1.6
      vertex -48.553179852490935 26.21903136008821 1.6
      vertex -48.3167106990588 26.394408836907633 1.6
    endloop
  endfacet
  facet normal 0 0 1
    outer loop
      vertex -54.972280932078405 33.07587844921018 1.6
      vertex -48.3167106990588 26.394408836907633 1.6
      vertex -48.06419021047799 26.545763793045065 1.6
    endloop
  endfacet
  facet normal 0 0 1
    outer loop
      vertex -54.972280932078405 33.07587844921018 1.6
      vertex -48.06419021047799 26.545763793045065 1.6
      vertex -47.798050297095266 26.671638597533857 1.6
    endloop
  endfacet
  facet normal 0 0 1
    outer loop
      vertex -54.972280932078405 33.07587844921018 1.6
      vertex -47.798050297095266 26.671638597533857 1.6
      vertex -47.520854031763385 26.770821007196623 1.6
    endloop
  endfacet
  facet normal 0 0 1
    outer loop
      vertex -54.972280932078405 33.07587844921018 1.6
      vertex -47.520854031763385 26.770821007196623 1.6
      vertex -47.23527096604838 26.842355841209688 1.6
    endloop
  endfacet
  facet normal 0 0 1
    outer loop
      vertex -54.972280932078405 33.07587844921018 1.6
      vertex -47.23527096604838 26.842355841209688 1.6
      vertex -46.94405142098868 26.88555418001659 1.6
    endloop
  endfacet
  facet normal 0 0 1
    outer loop
      vertex -56.75 29.75 1.6
      vertex -56.67314112161292 30.530361288064512 1.6
      vertex -56.730738906688785 30.142068561318244 1.6
    endloop
  endfacet
  facet normal 0 0 1
    outer loop
      vertex -56.75 29.75 1.6
      vertex -56.445518130045144 31.28073372946036 1.6
      vertex -56.67314112161292 30.530361288064512 1.6
    endloop
  endfacet
  facet normal 0 0 1
    outer loop
      vertex -56.67314112161292 30.530361288064512 1.6
      vertex -56.445518130045144 31.28073372946036 1.6
      vertex -56.57776134292884 30.911138709017848 1.6
    endloop
  endfacet
  facet normal 0 0 1
    outer loop
      vertex -56.75 29.75 1.6
      vertex -55.84204181345095 32.28757313665458 1.6
      vertex -56.445518130045144 31.28073372946036 1.6
    endloop
  endfacet
  facet normal 0 0 1
    outer loop
      vertex -56.445518130045144 31.28073372946036 1.6
      vertex -55.84204181345095 32.28757313665458 1.6
      vertex -56.27768505739342 31.63558694730399 1.6
    endloop
  endfacet
  facet normal 0 0 1
    outer loop
      vertex -56.27768505739342 31.63558694730399 1.6
      vertex -55.84204181345095 32.28757313665458 1.6
      vertex -56.07587844921018 31.97228093207841 1.6
    endloop
  endfacet
  facet normal 0 0 1
    outer loop
      vertex -55.84204181345095 32.28757313665458 1.6
      vertex -54.972280932078405 33.07587844921018 1.6
      vertex -55.57842712474619 32.57842712474619 1.6
    endloop
  endfacet
  facet normal 0 0 1
    outer loop
      vertex -55.57842712474619 32.57842712474619 1.6
      vertex -54.972280932078405 33.07587844921018 1.6
      vertex -55.28757313665458 32.84204181345095 1.6
    endloop
  endfacet
  facet normal 0 0 1
    outer loop
      vertex -54.972280932078405 33.07587844921018 1.6
      vertex -53.91113870901785 33.57776134292884 1.6
      vertex -54.63558694730399 33.27768505739342 1.6
    endloop
  endfacet
  facet normal 0 0 1
    outer loop
      vertex -54.63558694730399 33.27768505739342 1.6
      vertex -53.91113870901785 33.57776134292884 1.6
      vertex -54.28073372946036 33.445518130045144 1.6
    endloop
  endfacet
  facet normal 0 0 1
    outer loop
      vertex -54.972280932078405 33.07587844921018 1.6
      vertex -52.75 33.75 1.6
      vertex -53.91113870901785 33.57776134292884 1.6
    endloop
  endfacet
  facet normal 0 0 1
    outer loop
      vertex -53.91113870901785 33.57776134292884 1.6
      vertex -52.75 33.75 1.6
      vertex -53.53036128806451 33.67314112161292 1.6
    endloop
  endfacet
  facet normal 0 0 1
    outer loop
      vertex -53.53036128806451 33.67314112161292 1.6
      vertex -52.75 33.75 1.6
      vertex -53.14206856131824 33.730738906688785 1.6
    endloop
  endfacet
  facet normal 0 0 1
    outer loop
      vertex -54.972280932078405 33.07587844921018 1.6
      vertex -46.94405142098868 26.88555418001659 1.6
      vertex -46.65 26.9 1.6
    endloop
  endfacet
  facet normal 0 0 1
    outer loop
      vertex -54.972280932078405 33.07587844921018 1.6
      vertex -46.65 26.9 1.6
      vertex -46.35594857901132 26.88555418001659 1.6
    endloop
  endfacet
  facet normal 0 0 1
    outer loop
      vertex -54.972280932078405 33.07587844921018 1.6
      vertex -46.35594857901132 26.88555418001659 1.6
      vertex -46.064729033951615 26.842355841209688 1.6
    endloop
  endfacet
  facet normal 0 0 1
    outer loop
      vertex -54.972280932078405 33.07587844921018 1.6
      vertex -46.064729033951615 26.842355841209688 1.6
      vertex -45.77914596823661 26.770821007196623 1.6
    endloop
  endfacet
  facet normal 0 0 1
    outer loop
      vertex -54.972280932078405 33.07587844921018 1.6
      vertex -45.23580978952201 26.545763793045065 1.6
      vertex -44.983289300941195 26.394408836907633 1.6
    endloop
  endfacet
  facet normal 0 0 1
    outer loop
      vertex -54.972280932078405 33.07587844921018 1.6
      vertex -45.77914596823661 26.770821007196623 1.6
      vertex -45.50194970290473 26.671638597533857 1.6
    endloop
  endfacet
  facet normal 0 0 1
    outer loop
      vertex -54.972280932078405 33.07587844921018 1.6
      vertex -45.50194970290473 26.671638597533857 1.6
      vertex -45.23580978952201 26.545763793045065 1.6
    endloop
  endfacet
  facet normal 0 0 1
    outer loop
      vertex -43.664445819983406 23.605948579011315 1.6
      vertex -35.37 25.05 1.6
      vertex -43.65 23.9 1.6
    endloop
  endfacet
  facet normal 0 0 1
    outer loop
      vertex -43.65 23.9 1.6
      vertex -35.37 25.05 1.6
      vertex -43.664445819983406 24.194051420988682 1.6
    endloop
  endfacet
  facet normal 0 0 1
    outer loop
      vertex -43.664445819983406 24.194051420988682 1.6
      vertex -35.37 25.05 1.6
      vertex -43.70764415879031 24.485270966048382 1.6
    endloop
  endfacet
  facet normal 0 1 0
    outer loop
      vertex -52.75 33.75 0
      vertex -52.75 33.75 1.6
      vertex 52.75 33.75 0
    endloop
  endfacet
  facet normal 0 0 -1
    outer loop
      vertex -52.75 33.75 0
      vertex 54.63558694730399 33.27768505739342 0
      vertex -36.87 26.55 0
    endloop
  endfacet
  facet normal 0 0 1
    outer loop
      vertex -54.972280932078405 33.07587844921018 1.6
      vertex -44.983289300941195 26.394408836907633 1.6
      vertex 54.63558694730399 33.27768505739342 1.6
    endloop
  endfacet
  facet normal 0 0 1
    outer loop
      vertex -54.972280932078405 33.07587844921018 1.6
      vertex 54.63558694730399 33.27768505739342 1.6
      vertex -52.75 33.75 1.6
    endloop
  endfacet
  facet normal 0 0 1
    outer loop
      vertex -43.70764415879031 24.485270966048382 1.6
      vertex 54.63558694730399 33.27768505739342 1.6
      vertex -43.779178992803374 24.770854031763385 1.6
    endloop
  endfacet
  facet normal 0 0 1
    outer loop
      vertex -43.779178992803374 24.770854031763385 1.6
      vertex 54.63558694730399 33.27768505739342 1.6
      vertex -43.87836140246614 25.04805029709527 1.6
    endloop
  endfacet
  facet normal 0 0 1
    outer loop
      vertex -43.87836140246614 25.04805029709527 1.6
      vertex 54.63558694730399 33.27768505739342 1.6
      vertex -44.004236206954936 25.314190210477992 1.6
    endloop
  endfacet
  facet normal 0 0 1
    outer loop
      vertex -44.15559116309236 25.566710699058806 1.6
      vertex -44.004236206954936 25.314190210477992 1.6
      vertex 54.63558694730399 33.27768505739342 1.6
    endloop
  endfacet
  facet normal 0 0 1
    outer loop
      vertex -44.52867965644035 26.02132034355964 1.6
      vertex -44.33096863991179 25.803179852490935 1.6
      vertex 54.63558694730399 33.27768505739342 1.6
    endloop
  endfacet
  facet normal 0 0 1
    outer loop
      vertex -44.15559116309236 25.566710699058806 1.6
      vertex 54.63558694730399 33.27768505739342 1.6
      vertex -44.33096863991179 25.803179852490935 1.6
    endloop
  endfacet
  facet normal 0 0 1
    outer loop
      vertex -44.52867965644035 26.02132034355964 1.6
      vertex 54.63558694730399 33.27768505739342 1.6
      vertex -44.74682014750906 26.21903136008821 1.6
    endloop
  endfacet
  facet normal 0 0 1
    outer loop
      vertex -44.74682014750906 26.21903136008821 1.6
      vertex 54.63558694730399 33.27768505739342 1.6
      vertex -44.983289300941195 26.394408836907633 1.6
    endloop
  endfacet
  facet normal 0 0 1
    outer loop
      vertex -43.70764415879031 24.485270966048382 1.6
      vertex -35.37 25.05 1.6
      vertex 54.63558694730399 33.27768505739342 1.6
    endloop
  endfacet
  facet normal 0 0 -1
    outer loop
      vertex -54.63558694730399 -33.27768505739342 0
      vertex 56.75 -29.75 0
      vertex 52.75 -33.75 0
    endloop
  endfacet
  facet normal 0 0 -1
    outer loop
      vertex 56.75 -29.75 0
      vertex -36.87 -26.55 0
      vertex 41.12 -26.55 0
    endloop
  endfacet
  facet normal 0 -1 0
    outer loop
      vertex -52.75 -33.75 1.6
      vertex 52.75 -33.75 0
      vertex 52.75 -33.75 1.6
    endloop
  endfacet
  facet normal 0 0 1
    outer loop
      vertex -54.63558694730399 -33.27768505739342 1.6
      vertex 43.779178992803374 -24.770854031763385 1.6
      vertex 39.62 -25.05 1.6
    endloop
  endfacet
  facet normal 0 0 1
    outer loop
      vertex -54.63558694730399 -33.27768505739342 1.6
      vertex 44.983289300941195 -26.394408836907633 1.6
      vertex 44.74682014750906 -26.21903136008821 1.6
    endloop
  endfacet
  facet normal 0 0 1
    outer loop
      vertex -54.63558694730399 -33.27768505739342 1.6
      vertex 44.74682014750906 -26.21903136008821 1.6
      vertex 44.52867965644035 -26.02132034355964 1.6
    endloop
  endfacet
  facet normal 0 0 1
    outer loop
      vertex -54.63558694730399 -33.27768505739342 1.6
      vertex 45.23580978952201 -26.545763793045065 1.6
      vertex 44.983289300941195 -26.394408836907633 1.6
    endloop
  endfacet
  facet normal 0 0 1
    outer loop
      vertex -54.63558694730399 -33.27768505739342 1.6
      vertex 45.50194970290473 -26.671638597533857 1.6
      vertex 45.23580978952201 -26.545763793045065 1.6
    endloop
  endfacet
  facet normal 0 0 1
    outer loop
      vertex -54.63558694730399 -33.27768505739342 1.6
      vertex 45.77914596823661 -26.770821007196623 1.6
      vertex 45.50194970290473 -26.671638597533857 1.6
    endloop
  endfacet
  facet normal 0 0 1
    outer loop
      vertex -54.63558694730399 -33.27768505739342 1.6
      vertex 46.064729033951615 -26.842355841209688 1.6
      vertex 45.77914596823661 -26.770821007196623 1.6
    endloop
  endfacet
  facet normal 0 0 1
    outer loop
      vertex -54.63558694730399 -33.27768505739342 1.6
      vertex 44.33096863991179 -25.803179852490935 1.6
      vertex 44.15559116309236 -25.566710699058806 1.6
    endloop
  endfacet
  facet normal 0 0 1
    outer loop
      vertex -54.63558694730399 -33.27768505739342 1.6
      vertex 44.52867965644035 -26.02132034355964 1.6
      vertex 44.33096863991179 -25.803179852490935 1.6
    endloop
  endfacet
  facet normal 0 0 1
    outer loop
      vertex -54.63558694730399 -33.27768505739342 1.6
      vertex 44.15559116309236 -25.566710699058806 1.6
      vertex 44.004236206954936 -25.314190210477992 1.6
    endloop
  endfacet
  facet normal 0 0 1
    outer loop
      vertex -54.63558694730399 -33.27768505739342 1.6
      vertex 44.004236206954936 -25.314190210477992 1.6
      vertex 43.87836140246614 -25.04805029709527 1.6
    endloop
  endfacet
  facet normal 0 0 1
    outer loop
      vertex -54.63558694730399 -33.27768505739342 1.6
      vertex 43.87836140246614 -25.04805029709527 1.6
      vertex 43.779178992803374 -24.770854031763385 1.6
    endloop
  endfacet
  facet normal 0 0 1
    outer loop
      vertex -54.63558694730399 -33.27768505739342 1.6
      vertex 46.65 -26.9 1.6
      vertex 46.35594857901132 -26.88555418001659 1.6
    endloop
  endfacet
  facet normal 0 0 1
    outer loop
      vertex -54.63558694730399 -33.27768505739342 1.6
      vertex 46.94405142098868 -26.88555418001659 1.6
      vertex 46.65 -26.9 1.6
    endloop
  endfacet
  facet normal 0 0 1
    outer loop
      vertex -54.63558694730399 -33.27768505739342 1.6
      vertex 46.35594857901132 -26.88555418001659 1.6
      vertex 46.064729033951615 -26.842355841209688 1.6
    endloop
  endfacet
  facet normal 0 0 1
    outer loop
      vertex -54.63558694730399 -33.27768505739342 1.6
      vertex 52.75 -33.75 1.6
      vertex 54.972280932078405 -33.07587844921018 1.6
    endloop
  endfacet
  facet normal 0 0 1
    outer loop
      vertex -54.63558694730399 -33.27768505739342 1.6
      vertex 54.972280932078405 -33.07587844921018 1.6
      vertex 46.94405142098868 -26.88555418001659 1.6
    endloop
  endfacet
  facet normal 0 0 -1
    outer loop
      vertex 52.75 -33.75 0
      vertex 53.53036128806451 -33.67314112161292 0
      vertex 53.14206856131824 -33.730738906688785 0
    endloop
  endfacet
  facet normal 0 0 -1
    outer loop
      vertex 52.75 -33.75 0
      vertex 54.63558694730399 -33.27768505739342 0
      vertex 53.53036128806451 -33.67314112161292 0
    endloop
  endfacet
  facet normal 0 0 -1
    outer loop
      vertex 53.53036128806451 -33.67314112161292 0
      vertex 54.63558694730399 -33.27768505739342 0
      vertex 53.91113870901785 -33.57776134292884 0
    endloop
  endfacet
  facet normal 0 0 -1
    outer loop
      vertex 53.91113870901785 -33.57776134292884 0
      vertex 54.63558694730399 -33.27768505739342 0
      vertex 54.28073372946036 -33.445518130045144 0
    endloop
  endfacet
  facet normal 0 0 -1
    outer loop
      vertex 52.75 -33.75 0
      vertex 55.57842712474619 -32.57842712474619 0
      vertex 54.63558694730399 -33.27768505739342 0
    endloop
  endfacet
  facet normal 0 0 -1
    outer loop
      vertex 54.63558694730399 -33.27768505739342 0
      vertex 55.57842712474619 -32.57842712474619 0
      vertex 54.972280932078405 -33.07587844921018 0
    endloop
  endfacet
  facet normal 0 0 -1
    outer loop
      vertex 54.972280932078405 -33.07587844921018 0
      vertex 55.57842712474619 -32.57842712474619 0
      vertex 55.28757313665458 -32.84204181345095 0
    endloop
  endfacet
  facet normal 0 0 -1
    outer loop
      vertex 55.57842712474619 -32.57842712474619 0
      vertex 56.07587844921018 -31.97228093207841 0
      vertex 55.84204181345095 -32.28757313665458 0
    endloop
  endfacet
  facet normal 0 0 -1
    outer loop
      vertex 52.75 -33.75 0
      vertex 56.75 -29.75 0
      vertex 55.57842712474619 -32.57842712474619 0
    endloop
  endfacet
  facet normal 0 0 -1
    outer loop
      vertex 55.57842712474619 -32.57842712474619 0
      vertex 56.445518130045144 -31.28073372946036 0
      vertex 56.07587844921018 -31.97228093207841 0
    endloop
  endfacet
  facet normal 0 0 -1
    outer loop
      vertex 56.07587844921018 -31.97228093207841 0
      vertex 56.445518130045144 -31.28073372946036 0
      vertex 56.27768505739342 -31.63558694730399 0
    endloop
  endfacet
  facet normal 0 0 -1
    outer loop
      vertex 55.57842712474619 -32.57842712474619 0
      vertex 56.75 -29.75 0
      vertex 56.445518130045144 -31.28073372946036 0
    endloop
  endfacet
  facet normal 0 0 -1
    outer loop
      vertex 56.445518130045144 -31.28073372946036 0
      vertex 56.67314112161292 -30.530361288064512 0
      vertex 56.57776134292884 -30.911138709017848 0
    endloop
  endfacet
  facet normal 0 0 -1
    outer loop
      vertex 56.445518130045144 -31.28073372946036 0
      vertex 56.75 -29.75 0
      vertex 56.67314112161292 -30.530361288064512 0
    endloop
  endfacet
  facet normal 0 0 -1
    outer loop
      vertex 56.67314112161292 -30.530361288064512 0
      vertex 56.75 -29.75 0
      vertex 56.730738906688785 -30.142068561318244 0
    endloop
  endfacet
  facet normal 0.049067674327424655 -0.9987954562051721 9.954606979728461e-20
    outer loop
      vertex 52.75 -33.75 0
      vertex 53.14206856131824 -33.730738906688785 0
      vertex 53.14206856131824 -33.730738906688785 1.6
    endloop
  endfacet
  facet normal 0.14673047445535528 -0.989176509964782 0
    outer loop
      vertex 53.14206856131824 -33.730738906688785 0
      vertex 53.53036128806451 -33.67314112161292 0
      vertex 53.14206856131824 -33.730738906688785 1.6
    endloop
  endfacet
  facet normal 0.24298017990325774 -0.9700312531945455 6.301530644014994e-20
    outer loop
      vertex 53.53036128806451 -33.67314112161292 0
      vertex 53.91113870901785 -33.57776134292884 0
      vertex 53.91113870901785 -33.57776134292884 1.6
    endloop
  endfacet
  facet normal 0.3368898533922314 -0.9415440651830168 4.949588265280102e-18
    outer loop
      vertex 53.91113870901785 -33.57776134292884 0
      vertex 54.28073372946036 -33.445518130045144 0
      vertex 54.28073372946036 -33.445518130045144 1.6
    endloop
  endfacet
  facet normal 0.4275550934302754 -0.9039892931234464 0
    outer loop
      vertex 54.28073372946036 -33.445518130045144 0
      vertex 54.63558694730399 -33.27768505739342 0
      vertex 54.28073372946036 -33.445518130045144 1.6
    endloop
  endfacet
  facet normal 0.514102744193229 -0.8577286100002677 0
    outer loop
      vertex 54.63558694730399 -33.27768505739342 0
      vertex 54.972280932078405 -33.07587844921018 0
      vertex 54.63558694730399 -33.27768505739342 1.6
    endloop
  endfacet
  facet normal 0.5956993044924305 -0.803207531480647 0
    outer loop
      vertex 54.972280932078405 -33.07587844921018 0
      vertex 55.28757313665458 -32.84204181345095 0
      vertex 54.972280932078405 -33.07587844921018 1.6
    endloop
  endfacet
  facet normal 0.6715589548470106 -0.7409511253549663 3.501256666827905e-18
    outer loop
      vertex 55.28757313665458 -32.84204181345095 0
      vertex 55.57842712474619 -32.57842712474619 0
      vertex 55.57842712474619 -32.57842712474619 1.6
    endloop
  endfacet
  facet normal 0.7409511253549663 -0.6715589548470106 3.501256666827905e-18
    outer loop
      vertex 55.57842712474619 -32.57842712474619 0
      vertex 55.84204181345095 -32.28757313665458 0
      vertex 55.84204181345095 -32.28757313665458 1.6
    endloop
  endfacet
  facet normal 0.8032075314806438 -0.5956993044924348 0
    outer loop
      vertex 55.84204181345095 -32.28757313665458 0
      vertex 56.07587844921018 -31.97228093207841 0
      vertex 55.84204181345095 -32.28757313665458 1.6
    endloop
  endfacet
  facet normal 0.8577286100002701 -0.5141027441932249 5.418322944124894e-18
    outer loop
      vertex 56.07587844921018 -31.97228093207841 0
      vertex 56.27768505739342 -31.63558694730399 0
      vertex 56.27768505739342 -31.63558694730399 1.6
    endloop
  endfacet
  facet normal 0.9039892931234464 -0.4275550934302754 0
    outer loop
      vertex 56.27768505739342 -31.63558694730399 0
      vertex 56.445518130045144 -31.28073372946036 0
      vertex 56.27768505739342 -31.63558694730399 1.6
    endloop
  endfacet
  facet normal 0.9415440651830168 -0.3368898533922314 4.949588265280102e-18
    outer loop
      vertex 56.445518130045144 -31.28073372946036 0
      vertex 56.57776134292884 -30.911138709017848 0
      vertex 56.57776134292884 -30.911138709017848 1.6
    endloop
  endfacet
  facet normal 0.9700312531945455 -0.24298017990325774 0
    outer loop
      vertex 56.57776134292884 -30.911138709017848 0
      vertex 56.67314112161292 -30.530361288064512 0
      vertex 56.57776134292884 -30.911138709017848 1.6
    endloop
  endfacet
  facet normal 0.9891765099647817 -0.14673047445535659 7.869151507601853e-19
    outer loop
      vertex 56.67314112161292 -30.530361288064512 0
      vertex 56.730738906688785 -30.142068561318244 0
      vertex 56.730738906688785 -30.142068561318244 1.6
    endloop
  endfacet
  facet normal 0.9987954562051721 -0.04906767432742421 -4.761615778021106e-20
    outer loop
      vertex 56.730738906688785 -30.142068561318244 0
      vertex 56.75 -29.75 0
      vertex 56.75 -29.75 1.6
    endloop
  endfacet
  facet normal 0.049067674327424655 -0.9987954562051721 0
    outer loop
      vertex 52.75 -33.75 0
      vertex 53.14206856131824 -33.730738906688785 1.6
      vertex 52.75 -33.75 1.6
    endloop
  endfacet
  facet normal 0.14673047445535528 -0.989176509964782 0
    outer loop
      vertex 53.53036128806451 -33.67314112161292 0
      vertex 53.53036128806451 -33.67314112161292 1.6
      vertex 53.14206856131824 -33.730738906688785 1.6
    endloop
  endfacet
  facet normal 0.24298017990325774 -0.9700312531945455 0
    outer loop
      vertex 53.53036128806451 -33.67314112161292 0
      vertex 53.91113870901785 -33.57776134292884 1.6
      vertex 53.53036128806451 -33.67314112161292 1.6
    endloop
  endfacet
  facet normal 0.3368898533922314 -0.9415440651830168 0
    outer loop
      vertex 53.91113870901785 -33.57776134292884 0
      vertex 54.28073372946036 -33.445518130045144 1.6
      vertex 53.91113870901785 -33.57776134292884 1.6
    endloop
  endfacet
  facet normal 0.4275550934302754 -0.9039892931234464 0
    outer loop
      vertex 54.63558694730399 -33.27768505739342 0
      vertex 54.63558694730399 -33.27768505739342 1.6
      vertex 54.28073372946036 -33.445518130045144 1.6
    endloop
  endfacet
  facet normal 0.514102744193229 -0.8577286100002677 0
    outer loop
      vertex 54.972280932078405 -33.07587844921018 0
      vertex 54.972280932078405 -33.07587844921018 1.6
      vertex 54.63558694730399 -33.27768505739342 1.6
    endloop
  endfacet
  facet normal 0.5956993044924305 -0.803207531480647 0
    outer loop
      vertex 55.28757313665458 -32.84204181345095 0
      vertex 55.28757313665458 -32.84204181345095 1.6
      vertex 54.972280932078405 -33.07587844921018 1.6
    endloop
  endfacet
  facet normal 0.6715589548470106 -0.7409511253549663 0
    outer loop
      vertex 55.28757313665458 -32.84204181345095 0
      vertex 55.57842712474619 -32.57842712474619 1.6
      vertex 55.28757313665458 -32.84204181345095 1.6
    endloop
  endfacet
  facet normal 0.7409511253549663 -0.6715589548470106 0
    outer loop
      vertex 55.57842712474619 -32.57842712474619 0
      vertex 55.84204181345095 -32.28757313665458 1.6
      vertex 55.57842712474619 -32.57842712474619 1.6
    endloop
  endfacet
  facet normal 0.8032075314806438 -0.5956993044924348 0
    outer loop
      vertex 56.07587844921018 -31.97228093207841 0
      vertex 56.07587844921018 -31.97228093207841 1.6
      vertex 55.84204181345095 -32.28757313665458 1.6
    endloop
  endfacet
  facet normal 0.8577286100002701 -0.5141027441932249 0
    outer loop
      vertex 56.07587844921018 -31.97228093207841 0
      vertex 56.27768505739342 -31.63558694730399 1.6
      vertex 56.07587844921018 -31.97228093207841 1.6
    endloop
  endfacet
  facet normal 0.9039892931234464 -0.4275550934302754 0
    outer loop
      vertex 56.445518130045144 -31.28073372946036 0
      vertex 56.445518130045144 -31.28073372946036 1.6
      vertex 56.27768505739342 -31.63558694730399 1.6
    endloop
  endfacet
  facet normal 0.9415440651830168 -0.3368898533922314 0
    outer loop
      vertex 56.445518130045144 -31.28073372946036 0
      vertex 56.57776134292884 -30.911138709017848 1.6
      vertex 56.445518130045144 -31.28073372946036 1.6
    endloop
  endfacet
  facet normal 0.9700312531945455 -0.24298017990325774 0
    outer loop
      vertex 56.67314112161292 -30.530361288064512 0
      vertex 56.67314112161292 -30.530361288064512 1.6
      vertex 56.57776134292884 -30.911138709017848 1.6
    endloop
  endfacet
  facet normal 0.9891765099647817 -0.14673047445535659 0
    outer loop
      vertex 56.67314112161292 -30.530361288064512 0
      vertex 56.730738906688785 -30.142068561318244 1.6
      vertex 56.67314112161292 -30.530361288064512 1.6
    endloop
  endfacet
  facet normal 0.9987954562051721 -0.04906767432742421 0
    outer loop
      vertex 56.730738906688785 -30.142068561318244 0
      vertex 56.75 -29.75 1.6
      vertex 56.730738906688785 -30.142068561318244 1.6
    endloop
  endfacet
  facet normal 0 0 1
    outer loop
      vertex 43.70764415879031 -24.485270966048382 1.6
      vertex 43.664445819983406 -24.194051420988682 1.6
      vertex 39.62 -25.05 1.6
    endloop
  endfacet
  facet normal 0 0 1
    outer loop
      vertex 43.779178992803374 -24.770854031763385 1.6
      vertex 43.70764415879031 -24.485270966048382 1.6
      vertex 39.62 -25.05 1.6
    endloop
  endfacet
  facet normal 0 0 1
    outer loop
      vertex 43.664445819983406 -24.194051420988682 1.6
      vertex 43.65 -23.9 1.6
      vertex 39.62 -25.05 1.6
    endloop
  endfacet
  facet normal 0 0 1
    outer loop
      vertex 43.65 -23.9 1.6
      vertex 43.664445819983406 -23.605948579011315 1.6
      vertex 39.62 -25.05 1.6
    endloop
  endfacet
  facet normal 0 0 1
    outer loop
      vertex 43.664445819983406 -23.605948579011315 1.6
      vertex 43.70764415879031 -23.314729033951615 1.6
      vertex 39.62 -25.05 1.6
    endloop
  endfacet
  facet normal 0 0 1
    outer loop
      vertex 43.70764415879031 -23.314729033951615 1.6
      vertex 43.779178992803374 -23.029145968236612 1.6
      vertex 39.62 -25.05 1.6
    endloop
  endfacet
  facet normal 0 0 1
    outer loop
      vertex 43.779178992803374 -23.029145968236612 1.6
      vertex 43.87836140246614 -22.751949702904728 1.6
      vertex 39.62 -25.05 1.6
    endloop
  endfacet
  facet normal 0 0 1
    outer loop
      vertex 43.87836140246614 -22.751949702904728 1.6
      vertex 44.004236206954936 -22.485809789522005 1.6
      vertex 39.62 -25.05 1.6
    endloop
  endfacet
  facet normal 0 0 1
    outer loop
      vertex 52.75 -33.75 1.6
      vertex 53.14206856131824 -33.730738906688785 1.6
      vertex 53.53036128806451 -33.67314112161292 1.6
    endloop
  endfacet
  facet normal 0 0 1
    outer loop
      vertex 52.75 -33.75 1.6
      vertex 53.53036128806451 -33.67314112161292 1.6
      vertex 53.91113870901785 -33.57776134292884 1.6
    endloop
  endfacet
  facet normal 0 0 1
    outer loop
      vertex 52.75 -33.75 1.6
      vertex 53.91113870901785 -33.57776134292884 1.6
      vertex 54.972280932078405 -33.07587844921018 1.6
    endloop
  endfacet
  facet normal 0 0 1
    outer loop
      vertex 53.91113870901785 -33.57776134292884 1.6
      vertex 54.28073372946036 -33.445518130045144 1.6
      vertex 54.63558694730399 -33.27768505739342 1.6
    endloop
  endfacet
  facet normal 0 0 1
    outer loop
      vertex 53.91113870901785 -33.57776134292884 1.6
      vertex 54.63558694730399 -33.27768505739342 1.6
      vertex 54.972280932078405 -33.07587844921018 1.6
    endloop
  endfacet
  facet normal 0 0 1
    outer loop
      vertex 54.972280932078405 -33.07587844921018 1.6
      vertex 55.28757313665458 -32.84204181345095 1.6
      vertex 55.57842712474619 -32.57842712474619 1.6
    endloop
  endfacet
  facet normal 0 0 1
    outer loop
      vertex 54.972280932078405 -33.07587844921018 1.6
      vertex 55.57842712474619 -32.57842712474619 1.6
      vertex 55.84204181345095 -32.28757313665458 1.6
    endloop
  endfacet
  facet normal 0 0 1
    outer loop
      vertex 54.972280932078405 -33.07587844921018 1.6
      vertex 55.84204181345095 -32.28757313665458 1.6
      vertex 56.27768505739342 -31.63558694730399 1.6
    endloop
  endfacet
  facet normal 0 0 1
    outer loop
      vertex 55.84204181345095 -32.28757313665458 1.6
      vertex 56.07587844921018 -31.97228093207841 1.6
      vertex 56.27768505739342 -31.63558694730399 1.6
    endloop
  endfacet
  facet normal 0 0 1
    outer loop
      vertex 54.972280932078405 -33.07587844921018 1.6
      vertex 56.27768505739342 -31.63558694730399 1.6
      vertex 56.75 -29.75 1.6
    endloop
  endfacet
  facet normal 0 0 1
    outer loop
      vertex 56.27768505739342 -31.63558694730399 1.6
      vertex 56.445518130045144 -31.28073372946036 1.6
      vertex 56.57776134292884 -30.911138709017848 1.6
    endloop
  endfacet
  facet normal 0 0 1
    outer loop
      vertex 56.27768505739342 -31.63558694730399 1.6
      vertex 56.57776134292884 -30.911138709017848 1.6
      vertex 56.75 -29.75 1.6
    endloop
  endfacet
  facet normal 0 0 1
    outer loop
      vertex 56.57776134292884 -30.911138709017848 1.6
      vertex 56.67314112161292 -30.530361288064512 1.6
      vertex 56.75 -29.75 1.6
    endloop
  endfacet
  facet normal 0 0 1
    outer loop
      vertex 56.67314112161292 -30.530361288064512 1.6
      vertex 56.730738906688785 -30.142068561318244 1.6
      vertex 56.75 -29.75 1.6
    endloop
  endfacet
  facet normal 0 0 1
    outer loop
      vertex 46.94405142098868 -26.88555418001659 1.6
      vertex 54.972280932078405 -33.07587844921018 1.6
      vertex 47.23527096604838 -26.842355841209688 1.6
    endloop
  endfacet
  facet normal 0 0 1
    outer loop
      vertex 47.23527096604838 -26.842355841209688 1.6
      vertex 54.972280932078405 -33.07587844921018 1.6
      vertex 47.520854031763385 -26.770821007196623 1.6
    endloop
  endfacet
  facet normal 0 0 1
    outer loop
      vertex 47.520854031763385 -26.770821007196623 1.6
      vertex 54.972280932078405 -33.07587844921018 1.6
      vertex 47.798050297095266 -26.671638597533857 1.6
    endloop
  endfacet
  facet normal 0 0 1
    outer loop
      vertex 47.798050297095266 -26.671638597533857 1.6
      vertex 54.972280932078405 -33.07587844921018 1.6
      vertex 48.06419021047799 -26.545763793045065 1.6
    endloop
  endfacet
  facet normal 0 0 1
    outer loop
      vertex 48.06419021047799 -26.545763793045065 1.6
      vertex 54.972280932078405 -33.07587844921018 1.6
      vertex 48.3167106990588 -26.394408836907633 1.6
    endloop
  endfacet
  facet normal 0 0 1
    outer loop
      vertex 48.3167106990588 -26.394408836907633 1.6
      vertex 54.972280932078405 -33.07587844921018 1.6
      vertex 48.553179852490935 -26.21903136008821 1.6
    endloop
  endfacet
  facet normal 0 0 1
    outer loop
      vertex 48.553179852490935 -26.21903136008821 1.6
      vertex 54.972280932078405 -33.07587844921018 1.6
      vertex 48.771320343559644 -26.02132034355964 1.6
    endloop
  endfacet
  facet normal 0 0 1
    outer loop
      vertex 48.771320343559644 -26.02132034355964 1.6
      vertex 54.972280932078405 -33.07587844921018 1.6
      vertex 48.96903136008821 -25.803179852490935 1.6
    endloop
  endfacet
  facet normal 0 0 1
    outer loop
      vertex 48.96903136008821 -25.803179852490935 1.6
      vertex 54.972280932078405 -33.07587844921018 1.6
      vertex 49.14440883690764 -25.566710699058806 1.6
    endloop
  endfacet
  facet normal 0 0 1
    outer loop
      vertex 49.14440883690764 -25.566710699058806 1.6
      vertex 54.972280932078405 -33.07587844921018 1.6
      vertex 49.29576379304506 -25.314190210477992 1.6
    endloop
  endfacet
  facet normal 0 0 1
    outer loop
      vertex 49.29576379304506 -25.314190210477992 1.6
      vertex 54.972280932078405 -33.07587844921018 1.6
      vertex 49.42163859753386 -25.04805029709527 1.6
    endloop
  endfacet
  facet normal 0 0 1
    outer loop
      vertex 54.972280932078405 -33.07587844921018 1.6
      vertex 49.52082100719662 -24.770854031763385 1.6
      vertex 49.42163859753386 -25.04805029709527 1.6
    endloop
  endfacet
  facet normal 0 0 1
    outer loop
      vertex 54.972280932078405 -33.07587844921018 1.6
      vertex 49.59235584120969 -24.485270966048382 1.6
      vertex 49.52082100719662 -24.770854031763385 1.6
    endloop
  endfacet
  facet normal 0 0 1
    outer loop
      vertex 54.972280932078405 -33.07587844921018 1.6
      vertex 49.63555418001659 -24.194051420988682 1.6
      vertex 49.59235584120969 -24.485270966048382 1.6
    endloop
  endfacet
  facet normal 0 0 1
    outer loop
      vertex 54.972280932078405 -33.07587844921018 1.6
      vertex 49.65 -23.9 1.6
      vertex 49.63555418001659 -24.194051420988682 1.6
    endloop
  endfacet
  facet normal 0 0 1
    outer loop
      vertex 44.004236206954936 -22.485809789522005 1.6
      vertex 44.15559116309236 -22.23328930094119 1.6
      vertex 39.62 -25.05 1.6
    endloop
  endfacet
  facet normal 0 0 1
    outer loop
      vertex 44.15559116309236 -22.23328930094119 1.6
      vertex 44.33096863991179 -21.996820147509062 1.6
      vertex 39.62 -25.05 1.6
    endloop
  endfacet
  facet normal 0 0 -1
    outer loop
      vertex 56.75 -29.75 0
      vertex 41.12 -26.55 0
      vertex 41.12 26.55 0
    endloop
  endfacet
  facet normal 1 0 0
    outer loop
      vertex 56.75 -29.75 0
      vertex 56.75 29.75 1.6
      vertex 56.75 -29.75 1.6
    endloop
  endfacet
  facet normal 0 0 1
    outer loop
      vertex 54.972280932078405 -33.07587844921018 1.6
      vertex 49.65 23.9 1.6
      vertex 49.65 -23.9 1.6
    endloop
  endfacet
  facet normal 0 0 1
    outer loop
      vertex 54.972280932078405 -33.07587844921018 1.6
      vertex 56.75 -29.75 1.6
      vertex 56.75 29.75 1.6
    endloop
  endfacet
  facet normal 0 0 1
    outer loop
      vertex 44.33096863991179 -21.996820147509062 1.6
      vertex 44.52867965644035 21.778679656440357 1.6
      vertex 39.62 -25.05 1.6
    endloop
  endfacet
  facet normal 0 0 1
    outer loop
      vertex 44.33096863991179 -21.996820147509062 1.6
      vertex 44.52867965644035 -21.778679656440357 1.6
      vertex 44.52867965644035 21.778679656440357 1.6
    endloop
  endfacet
  facet normal 0 0 1
    outer loop
      vertex 44.52867965644035 -21.778679656440357 1.6
      vertex 44.74682014750906 -21.580968639911788 1.6
      vertex 44.74682014750906 21.580968639911788 1.6
    endloop
  endfacet
  facet normal 0 0 1
    outer loop
      vertex 44.74682014750906 -21.580968639911788 1.6
      vertex 44.983289300941195 -21.405591163092364 1.6
      vertex 44.983289300941195 21.405591163092364 1.6
    endloop
  endfacet
  facet normal 0 0 1
    outer loop
      vertex 44.983289300941195 -21.405591163092364 1.6
      vertex 45.23580978952201 -21.254236206954932 1.6
      vertex 45.23580978952201 21.254236206954932 1.6
    endloop
  endfacet
  facet normal 0 0 1
    outer loop
      vertex 45.23580978952201 -21.254236206954932 1.6
      vertex 45.50194970290473 -21.12836140246614 1.6
      vertex 45.50194970290473 21.12836140246614 1.6
    endloop
  endfacet
  facet normal 0 0 1
    outer loop
      vertex 45.50194970290473 -21.12836140246614 1.6
      vertex 45.77914596823661 -21.029178992803374 1.6
      vertex 45.77914596823661 21.029178992803374 1.6
    endloop
  endfacet
  facet normal 0 0 1
    outer loop
      vertex 45.77914596823661 -21.029178992803374 1.6
      vertex 46.064729033951615 -20.95764415879031 1.6
      vertex 46.064729033951615 20.95764415879031 1.6
    endloop
  endfacet
  facet normal 0 0 1
    outer loop
      vertex 46.064729033951615 -20.95764415879031 1.6
      vertex 46.35594857901132 -20.914445819983406 1.6
      vertex 46.35594857901132 20.914445819983406 1.6
    endloop
  endfacet
  facet normal 0 0 1
    outer loop
      vertex 46.35594857901132 -20.914445819983406 1.6
      vertex 46.65 -20.9 1.6
      vertex 46.65 20.9 1.6
    endloop
  endfacet
  facet normal 0 0 1
    outer loop
      vertex 46.65 -20.9 1.6
      vertex 46.94405142098868 -20.914445819983406 1.6
      vertex 46.94405142098868 20.914445819983406 1.6
    endloop
  endfacet
  facet normal 0 0 1
    outer loop
      vertex 46.94405142098868 -20.914445819983406 1.6
      vertex 47.23527096604838 -20.95764415879031 1.6
      vertex 47.23527096604838 20.95764415879031 1.6
    endloop
  endfacet
  facet normal 0 0 1
    outer loop
      vertex 47.23527096604838 -20.95764415879031 1.6
      vertex 47.520854031763385 -21.029178992803374 1.6
      vertex 47.520854031763385 21.029178992803374 1.6
    endloop
  endfacet
  facet normal 0 0 1
    outer loop
      vertex 47.798050297095266 -21.12836140246614 1.6
      vertex 47.798050297095266 21.12836140246614 1.6
      vertex 47.520854031763385 -21.029178992803374 1.6
    endloop
  endfacet
  facet normal 0 0 1
    outer loop
      vertex 49.65 -23.9 1.6
      vertex 49.65 23.9 1.6
      vertex 49.63555418001659 -23.605948579011315 1.6
    endloop
  endfacet
  facet normal 0 0 1
    outer loop
      vertex 49.63555418001659 -23.605948579011315 1.6
      vertex 49.63555418001659 23.605948579011315 1.6
      vertex 49.59235584120969 -23.314729033951615 1.6
    endloop
  endfacet
  facet normal 0 0 1
    outer loop
      vertex 49.59235584120969 -23.314729033951615 1.6
      vertex 49.59235584120969 23.314729033951615 1.6
      vertex 49.52082100719662 -23.029145968236612 1.6
    endloop
  endfacet
  facet normal 0 0 1
    outer loop
      vertex 49.14440883690764 -22.23328930094119 1.6
      vertex 49.29576379304506 -22.485809789522005 1.6
      vertex 49.29576379304506 22.485809789522005 1.6
    endloop
  endfacet
  facet normal 0 0 1
    outer loop
      vertex 49.42163859753386 -22.751949702904728 1.6
      vertex 49.42163859753386 22.751949702904728 1.6
      vertex 49.29576379304506 -22.485809789522005 1.6
    endloop
  endfacet
  facet normal 0 0 1
    outer loop
      vertex 49.52082100719662 -23.029145968236612 1.6
      vertex 49.52082100719662 23.029145968236612 1.6
      vertex 49.42163859753386 -22.751949702904728 1.6
    endloop
  endfacet
  facet normal 0 0 1
    outer loop
      vertex 47.798050297095266 -21.12836140246614 1.6
      vertex 48.06419021047799 -21.254236206954932 1.6
      vertex 48.06419021047799 21.254236206954932 1.6
    endloop
  endfacet
  facet normal 0 0 1
    outer loop
      vertex 48.3167106990588 -21.405591163092364 1.6
      vertex 48.3167106990588 21.405591163092364 1.6
      vertex 48.06419021047799 -21.254236206954932 1.6
    endloop
  endfacet
  facet normal 0 0 1
    outer loop
      vertex 48.3167106990588 -21.405591163092364 1.6
      vertex 48.553179852490935 -21.580968639911788 1.6
      vertex 48.553179852490935 21.580968639911788 1.6
    endloop
  endfacet
  facet normal 0 0 1
    outer loop
      vertex 48.553179852490935 -21.580968639911788 1.6
      vertex 48.771320343559644 -21.778679656440357 1.6
      vertex 48.771320343559644 21.778679656440357 1.6
    endloop
  endfacet
  facet normal 0 0 1
    outer loop
      vertex 48.96903136008821 -21.996820147509062 1.6
      vertex 48.96903136008821 21.996820147509062 1.6
      vertex 48.771320343559644 -21.778679656440357 1.6
    endloop
  endfacet
  facet normal 0 0 1
    outer loop
      vertex 49.14440883690764 -22.23328930094119 1.6
      vertex 49.14440883690764 22.23328930094119 1.6
      vertex 48.96903136008821 -21.996820147509062 1.6
    endloop
  endfacet
  facet normal 0 0 -1
    outer loop
      vertex 54.63558694730399 33.27768505739342 0
      vertex 41.12 26.55 0
      vertex -36.87 26.55 0
    endloop
  endfacet
  facet normal 0 0 -1
    outer loop
      vertex -52.75 33.75 0
      vertex 52.75 33.75 0
      vertex 54.63558694730399 33.27768505739342 0
    endloop
  endfacet
  facet normal 0 1 0
    outer loop
      vertex -52.75 33.75 1.6
      vertex 52.75 33.75 1.6
      vertex 52.75 33.75 0
    endloop
  endfacet
  facet normal 0 0 1
    outer loop
      vertex 54.63558694730399 33.27768505739342 1.6
      vertex -35.37 25.05 1.6
      vertex 39.62 25.05 1.6
    endloop
  endfacet
  facet normal 0 0 1
    outer loop
      vertex -52.75 33.75 1.6
      vertex 54.63558694730399 33.27768505739342 1.6
      vertex 52.75 33.75 1.6
    endloop
  endfacet
  facet normal 0 0 -1
    outer loop
      vertex 56.75 -29.75 0
      vertex 41.12 26.55 0
      vertex 54.63558694730399 33.27768505739342 0
    endloop
  endfacet
  facet normal 0 0 -1
    outer loop
      vertex 56.75 -29.75 0
      vertex 54.63558694730399 33.27768505739342 0
      vertex 56.75 29.75 0
    endloop
  endfacet
  facet normal 1 0 0
    outer loop
      vertex 56.75 -29.75 0
      vertex 56.75 29.75 0
      vertex 56.75 29.75 1.6
    endloop
  endfacet
  facet normal 0 0 1
    outer loop
      vertex 44.004236206954936 22.485809789522005 1.6
      vertex 43.87836140246614 22.751949702904728 1.6
      vertex 39.62 -25.05 1.6
    endloop
  endfacet
  facet normal 0 0 1
    outer loop
      vertex 43.87836140246614 22.751949702904728 1.6
      vertex 43.779178992803374 23.029145968236612 1.6
      vertex 39.62 -25.05 1.6
    endloop
  endfacet
  facet normal 0 0 1
    outer loop
      vertex 43.779178992803374 23.029145968236612 1.6
      vertex 43.70764415879031 23.314729033951615 1.6
      vertex 39.62 -25.05 1.6
    endloop
  endfacet
  facet normal 0 0 1
    outer loop
      vertex 43.70764415879031 23.314729033951615 1.6
      vertex 43.664445819983406 23.605948579011315 1.6
      vertex 39.62 -25.05 1.6
    endloop
  endfacet
  facet normal 0 0 1
    outer loop
      vertex 43.664445819983406 24.194051420988682 1.6
      vertex 39.62 25.05 1.6
      vertex 39.62 -25.05 1.6
    endloop
  endfacet
  facet normal 0 0 1
    outer loop
      vertex 43.664445819983406 23.605948579011315 1.6
      vertex 43.65 23.9 1.6
      vertex 39.62 -25.05 1.6
    endloop
  endfacet
  facet normal 0 0 1
    outer loop
      vertex 43.65 23.9 1.6
      vertex 43.664445819983406 24.194051420988682 1.6
      vertex 39.62 -25.05 1.6
    endloop
  endfacet
  facet normal 0 0 1
    outer loop
      vertex 44.33096863991179 21.996820147509062 1.6
      vertex 39.62 -25.05 1.6
      vertex 44.52867965644035 21.778679656440357 1.6
    endloop
  endfacet
  facet normal 0 0 1
    outer loop
      vertex 44.33096863991179 21.996820147509062 1.6
      vertex 44.15559116309236 22.23328930094119 1.6
      vertex 39.62 -25.05 1.6
    endloop
  endfacet
  facet normal 0 0 1
    outer loop
      vertex 44.15559116309236 22.23328930094119 1.6
      vertex 44.004236206954936 22.485809789522005 1.6
      vertex 39.62 -25.05 1.6
    endloop
  endfacet
  facet normal 0 0 1
    outer loop
      vertex 44.52867965644035 -21.778679656440357 1.6
      vertex 44.74682014750906 21.580968639911788 1.6
      vertex 44.52867965644035 21.778679656440357 1.6
    endloop
  endfacet
  facet normal 0 0 1
    outer loop
      vertex 44.983289300941195 -21.405591163092364 1.6
      vertex 45.23580978952201 21.254236206954932 1.6
      vertex 44.983289300941195 21.405591163092364 1.6
    endloop
  endfacet
  facet normal 0 0 1
    outer loop
      vertex 44.74682014750906 -21.580968639911788 1.6
      vertex 44.983289300941195 21.405591163092364 1.6
      vertex 44.74682014750906 21.580968639911788 1.6
    endloop
  endfacet
  facet normal 0 0 1
    outer loop
      vertex 45.23580978952201 -21.254236206954932 1.6
      vertex 45.50194970290473 21.12836140246614 1.6
      vertex 45.23580978952201 21.254236206954932 1.6
    endloop
  endfacet
  facet normal 0 0 1
    outer loop
      vertex 45.50194970290473 -21.12836140246614 1.6
      vertex 45.77914596823661 21.029178992803374 1.6
      vertex 45.50194970290473 21.12836140246614 1.6
    endloop
  endfacet
  facet normal 0 0 1
    outer loop
      vertex 45.77914596823661 -21.029178992803374 1.6
      vertex 46.064729033951615 20.95764415879031 1.6
      vertex 45.77914596823661 21.029178992803374 1.6
    endloop
  endfacet
  facet normal 0 0 1
    outer loop
      vertex 46.064729033951615 -20.95764415879031 1.6
      vertex 46.35594857901132 20.914445819983406 1.6
      vertex 46.064729033951615 20.95764415879031 1.6
    endloop
  endfacet
  facet normal 0 0 1
    outer loop
      vertex 46.35594857901132 -20.914445819983406 1.6
      vertex 46.65 20.9 1.6
      vertex 46.35594857901132 20.914445819983406 1.6
    endloop
  endfacet
  facet normal 0 0 1
    outer loop
      vertex 46.65 -20.9 1.6
      vertex 46.94405142098868 20.914445819983406 1.6
      vertex 46.65 20.9 1.6
    endloop
  endfacet
  facet normal 0 0 1
    outer loop
      vertex 46.94405142098868 -20.914445819983406 1.6
      vertex 47.23527096604838 20.95764415879031 1.6
      vertex 46.94405142098868 20.914445819983406 1.6
    endloop
  endfacet
  facet normal 0 0 1
    outer loop
      vertex 47.23527096604838 -20.95764415879031 1.6
      vertex 47.520854031763385 21.029178992803374 1.6
      vertex 47.23527096604838 20.95764415879031 1.6
    endloop
  endfacet
  facet normal 0 0 1
    outer loop
      vertex 47.520854031763385 -21.029178992803374 1.6
      vertex 47.798050297095266 21.12836140246614 1.6
      vertex 47.520854031763385 21.029178992803374 1.6
    endloop
  endfacet
  facet normal 0 0 1
    outer loop
      vertex 47.798050297095266 -21.12836140246614 1.6
      vertex 48.06419021047799 21.254236206954932 1.6
      vertex 47.798050297095266 21.12836140246614 1.6
    endloop
  endfacet
  facet normal 0 0 1
    outer loop
      vertex 48.06419021047799 -21.254236206954932 1.6
      vertex 48.3167106990588 21.405591163092364 1.6
      vertex 48.06419021047799 21.254236206954932 1.6
    endloop
  endfacet
  facet normal 0 0 1
    outer loop
      vertex 48.3167106990588 -21.405591163092364 1.6
      vertex 48.553179852490935 21.580968639911788 1.6
      vertex 48.3167106990588 21.405591163092364 1.6
    endloop
  endfacet
  facet normal 0 0 1
    outer loop
      vertex 48.553179852490935 -21.580968639911788 1.6
      vertex 48.771320343559644 21.778679656440357 1.6
      vertex 48.553179852490935 21.580968639911788 1.6
    endloop
  endfacet
  facet normal 0 0 1
    outer loop
      vertex 48.771320343559644 -21.778679656440357 1.6
      vertex 48.96903136008821 21.996820147509062 1.6
      vertex 48.771320343559644 21.778679656440357 1.6
    endloop
  endfacet
  facet normal 0 0 1
    outer loop
      vertex 48.96903136008821 -21.996820147509062 1.6
      vertex 49.14440883690764 22.23328930094119 1.6
      vertex 48.96903136008821 21.996820147509062 1.6
    endloop
  endfacet
  facet normal 0 0 1
    outer loop
      vertex 49.14440883690764 -22.23328930094119 1.6
      vertex 49.29576379304506 22.485809789522005 1.6
      vertex 49.14440883690764 22.23328930094119 1.6
    endloop
  endfacet
  facet normal 0 0 1
    outer loop
      vertex 49.29576379304506 -22.485809789522005 1.6
      vertex 49.42163859753386 22.751949702904728 1.6
      vertex 49.29576379304506 22.485809789522005 1.6
    endloop
  endfacet
  facet normal 0 0 1
    outer loop
      vertex 49.42163859753386 -22.751949702904728 1.6
      vertex 49.52082100719662 23.029145968236612 1.6
      vertex 49.42163859753386 22.751949702904728 1.6
    endloop
  endfacet
  facet normal 0 0 1
    outer loop
      vertex 49.52082100719662 -23.029145968236612 1.6
      vertex 49.59235584120969 23.314729033951615 1.6
      vertex 49.52082100719662 23.029145968236612 1.6
    endloop
  endfacet
  facet normal 0 0 1
    outer loop
      vertex 49.59235584120969 -23.314729033951615 1.6
      vertex 49.63555418001659 23.605948579011315 1.6
      vertex 49.59235584120969 23.314729033951615 1.6
    endloop
  endfacet
  facet normal 0 0 1
    outer loop
      vertex 49.63555418001659 -23.605948579011315 1.6
      vertex 49.65 23.9 1.6
      vertex 49.63555418001659 23.605948579011315 1.6
    endloop
  endfacet
  facet normal 0 0 1
    outer loop
      vertex 54.972280932078405 -33.07587844921018 1.6
      vertex 54.63558694730399 33.27768505739342 1.6
      vertex 49.65 23.9 1.6
    endloop
  endfacet
  facet normal 0 0 1
    outer loop
      vertex 54.972280932078405 -33.07587844921018 1.6
      vertex 56.75 29.75 1.6
      vertex 54.63558694730399 33.27768505739342 1.6
    endloop
  endfacet
  facet normal 0 0 -1
    outer loop
      vertex 56.75 29.75 0
      vertex 56.67314112161292 30.530361288064512 0
      vertex 56.730738906688785 30.142068561318244 0
    endloop
  endfacet
  facet normal 0 0 -1
    outer loop
      vertex 56.75 29.75 0
      vertex 56.27768505739342 31.63558694730399 0
      vertex 56.67314112161292 30.530361288064512 0
    endloop
  endfacet
  facet normal 0 0 -1
    outer loop
      vertex 56.67314112161292 30.530361288064512 0
      vertex 56.27768505739342 31.63558694730399 0
      vertex 56.57776134292884 30.911138709017848 0
    endloop
  endfacet
  facet normal 0 0 -1
    outer loop
      vertex 56.75 29.75 0
      vertex 54.63558694730399 33.27768505739342 0
      vertex 56.27768505739342 31.63558694730399 0
    endloop
  endfacet
  facet normal 0 0 -1
    outer loop
      vertex 56.57776134292884 30.911138709017848 0
      vertex 56.27768505739342 31.63558694730399 0
      vertex 56.445518130045144 31.28073372946036 0
    endloop
  endfacet
  facet normal 0 0 -1
    outer loop
      vertex 52.75 33.75 0
      vertex 53.14206856131824 33.730738906688785 0
      vertex 53.91113870901785 33.57776134292884 0
    endloop
  endfacet
  facet normal 0 0 -1
    outer loop
      vertex 53.14206856131824 33.730738906688785 0
      vertex 53.53036128806451 33.67314112161292 0
      vertex 53.91113870901785 33.57776134292884 0
    endloop
  endfacet
  facet normal 0 0 -1
    outer loop
      vertex 52.75 33.75 0
      vertex 53.91113870901785 33.57776134292884 0
      vertex 54.63558694730399 33.27768505739342 0
    endloop
  endfacet
  facet normal 0 0 -1
    outer loop
      vertex 53.91113870901785 33.57776134292884 0
      vertex 54.28073372946036 33.445518130045144 0
      vertex 54.63558694730399 33.27768505739342 0
    endloop
  endfacet
  facet normal 0 0 -1
    outer loop
      vertex 56.27768505739342 31.63558694730399 0
      vertex 54.63558694730399 33.27768505739342 0
      vertex 55.57842712474619 32.57842712474619 0
    endloop
  endfacet
  facet normal 0 0 -1
    outer loop
      vertex 56.27768505739342 31.63558694730399 0
      vertex 55.84204181345095 32.28757313665458 0
      vertex 56.07587844921018 31.97228093207841 0
    endloop
  endfacet
  facet normal 0 0 -1
    outer loop
      vertex 56.27768505739342 31.63558694730399 0
      vertex 55.57842712474619 32.57842712474619 0
      vertex 55.84204181345095 32.28757313665458 0
    endloop
  endfacet
  facet normal 0 0 -1
    outer loop
      vertex 54.972280932078405 33.07587844921018 0
      vertex 55.28757313665458 32.84204181345095 0
      vertex 55.57842712474619 32.57842712474619 0
    endloop
  endfacet
  facet normal 0 0 -1
    outer loop
      vertex 54.972280932078405 33.07587844921018 0
      vertex 55.57842712474619 32.57842712474619 0
      vertex 54.63558694730399 33.27768505739342 0
    endloop
  endfacet
  facet normal 0.049067674327424655 0.9987954562051721 0
    outer loop
      vertex 52.75 33.75 0
      vertex 52.75 33.75 1.6
      vertex 53.14206856131824 33.730738906688785 0
    endloop
  endfacet
  facet normal 0.9987954562051721 0.04906767432742421 0
    outer loop
      vertex 56.75 29.75 0
      vertex 56.730738906688785 30.142068561318244 0
      vertex 56.75 29.75 1.6
    endloop
  endfacet
  facet normal 0.9891765099647817 0.14673047445535659 0
    outer loop
      vertex 56.730738906688785 30.142068561318244 0
      vertex 56.67314112161292 30.530361288064512 0
      vertex 56.730738906688785 30.142068561318244 1.6
    endloop
  endfacet
  facet normal 0.9700312531945455 0.24298017990325774 0
    outer loop
      vertex 56.67314112161292 30.530361288064512 0
      vertex 56.57776134292884 30.911138709017848 0
      vertex 56.67314112161292 30.530361288064512 1.6
    endloop
  endfacet
  facet normal 0.9415440651830168 0.3368898533922314 0
    outer loop
      vertex 56.57776134292884 30.911138709017848 0
      vertex 56.445518130045144 31.28073372946036 0
      vertex 56.57776134292884 30.911138709017848 1.6
    endloop
  endfacet
  facet normal 0.9039892931234464 0.4275550934302754 0
    outer loop
      vertex 56.27768505739342 31.63558694730399 0
      vertex 56.27768505739342 31.63558694730399 1.6
      vertex 56.445518130045144 31.28073372946036 0
    endloop
  endfacet
  facet normal 0.14673047445535528 0.989176509964782 -6.771635765040937e-19
    outer loop
      vertex 53.14206856131824 33.730738906688785 0
      vertex 53.53036128806451 33.67314112161292 1.6
      vertex 53.53036128806451 33.67314112161292 0
    endloop
  endfacet
  facet normal 0.24298017990325774 0.9700312531945455 0
    outer loop
      vertex 53.53036128806451 33.67314112161292 0
      vertex 53.53036128806451 33.67314112161292 1.6
      vertex 53.91113870901785 33.57776134292884 0
    endloop
  endfacet
  facet normal 0.3368898533922314 0.9415440651830168 0
    outer loop
      vertex 53.91113870901785 33.57776134292884 0
      vertex 53.91113870901785 33.57776134292884 1.6
      vertex 54.28073372946036 33.445518130045144 0
    endloop
  endfacet
  facet normal 0.514102744193229 0.8577286100002677 9.220131898498571e-18
    outer loop
      vertex 54.972280932078405 33.07587844921018 0
      vertex 54.63558694730399 33.27768505739342 0
      vertex 54.63558694730399 33.27768505739342 1.6
    endloop
  endfacet
  facet normal 0.4275550934302754 0.9039892931234464 -1.706485158980527e-18
    outer loop
      vertex 54.28073372946036 33.445518130045144 0
      vertex 54.63558694730399 33.27768505739342 1.6
      vertex 54.63558694730399 33.27768505739342 0
    endloop
  endfacet
  facet normal 0.6715589548470106 0.7409511253549663 0
    outer loop
      vertex 55.57842712474619 32.57842712474619 0
      vertex 55.28757313665458 32.84204181345095 0
      vertex 55.57842712474619 32.57842712474619 1.6
    endloop
  endfacet
  facet normal 0.7409511253549663 0.6715589548470106 -3.501256666827905e-18
    outer loop
      vertex 55.84204181345095 32.28757313665458 0
      vertex 55.57842712474619 32.57842712474619 0
      vertex 55.57842712474619 32.57842712474619 1.6
    endloop
  endfacet
  facet normal 0.8577286100002701 0.5141027441932249 0
    outer loop
      vertex 56.27768505739342 31.63558694730399 0
      vertex 56.07587844921018 31.97228093207841 0
      vertex 56.27768505739342 31.63558694730399 1.6
    endloop
  endfacet
  facet normal 0.8032075314806438 0.5956993044924348 0
    outer loop
      vertex 55.84204181345095 32.28757313665458 0
      vertex 55.84204181345095 32.28757313665458 1.6
      vertex 56.07587844921018 31.97228093207841 0
    endloop
  endfacet
  facet normal 0.5956993044924305 0.803207531480647 0
    outer loop
      vertex 54.972280932078405 33.07587844921018 0
      vertex 54.972280932078405 33.07587844921018 1.6
      vertex 55.28757313665458 32.84204181345095 0
    endloop
  endfacet
  facet normal 0.049067674327424655 0.9987954562051721 0
    outer loop
      vertex 53.14206856131824 33.730738906688785 0
      vertex 52.75 33.75 1.6
      vertex 53.14206856131824 33.730738906688785 1.6
    endloop
  endfacet
  facet normal 0.9987954562051721 0.04906767432742421 0
    outer loop
      vertex 56.730738906688785 30.142068561318244 0
      vertex 56.730738906688785 30.142068561318244 1.6
      vertex 56.75 29.75 1.6
    endloop
  endfacet
  facet normal 0.9891765099647817 0.14673047445535659 0
    outer loop
      vertex 56.67314112161292 30.530361288064512 0
      vertex 56.67314112161292 30.530361288064512 1.6
      vertex 56.730738906688785 30.142068561318244 1.6
    endloop
  endfacet
  facet normal 0.9700312531945455 0.24298017990325774 0
    outer loop
      vertex 56.57776134292884 30.911138709017848 0
      vertex 56.57776134292884 30.911138709017848 1.6
      vertex 56.67314112161292 30.530361288064512 1.6
    endloop
  endfacet
  facet normal 0.9415440651830168 0.3368898533922314 0
    outer loop
      vertex 56.445518130045144 31.28073372946036 0
      vertex 56.445518130045144 31.28073372946036 1.6
      vertex 56.57776134292884 30.911138709017848 1.6
    endloop
  endfacet
  facet normal 0.9039892931234464 0.4275550934302754 0
    outer loop
      vertex 56.445518130045144 31.28073372946036 0
      vertex 56.27768505739342 31.63558694730399 1.6
      vertex 56.445518130045144 31.28073372946036 1.6
    endloop
  endfacet
  facet normal 0.14673047445535528 0.989176509964782 0
    outer loop
      vertex 53.14206856131824 33.730738906688785 0
      vertex 53.14206856131824 33.730738906688785 1.6
      vertex 53.53036128806451 33.67314112161292 1.6
    endloop
  endfacet
  facet normal 0.24298017990325774 0.9700312531945455 0
    outer loop
      vertex 53.91113870901785 33.57776134292884 0
      vertex 53.53036128806451 33.67314112161292 1.6
      vertex 53.91113870901785 33.57776134292884 1.6
    endloop
  endfacet
  facet normal 0.514102744193229 0.8577286100002677 0
    outer loop
      vertex 54.972280932078405 33.07587844921018 0
      vertex 54.63558694730399 33.27768505739342 1.6
      vertex 54.972280932078405 33.07587844921018 1.6
    endloop
  endfacet
  facet normal 0.4275550934302754 0.9039892931234464 0
    outer loop
      vertex 54.28073372946036 33.445518130045144 0
      vertex 54.28073372946036 33.445518130045144 1.6
      vertex 54.63558694730399 33.27768505739342 1.6
    endloop
  endfacet
  facet normal 0.3368898533922314 0.9415440651830168 0
    outer loop
      vertex 54.28073372946036 33.445518130045144 0
      vertex 53.91113870901785 33.57776134292884 1.6
      vertex 54.28073372946036 33.445518130045144 1.6
    endloop
  endfacet
  facet normal 0.7409511253549663 0.6715589548470106 0
    outer loop
      vertex 55.84204181345095 32.28757313665458 0
      vertex 55.57842712474619 32.57842712474619 1.6
      vertex 55.84204181345095 32.28757313665458 1.6
    endloop
  endfacet
  facet normal 0.8577286100002701 0.5141027441932249 0
    outer loop
      vertex 56.07587844921018 31.97228093207841 0
      vertex 56.07587844921018 31.97228093207841 1.6
      vertex 56.27768505739342 31.63558694730399 1.6
    endloop
  endfacet
  facet normal 0.8032075314806438 0.5956993044924348 0
    outer loop
      vertex 56.07587844921018 31.97228093207841 0
      vertex 55.84204181345095 32.28757313665458 1.6
      vertex 56.07587844921018 31.97228093207841 1.6
    endloop
  endfacet
  facet normal 0.5956993044924305 0.803207531480647 0
    outer loop
      vertex 55.28757313665458 32.84204181345095 0
      vertex 54.972280932078405 33.07587844921018 1.6
      vertex 55.28757313665458 32.84204181345095 1.6
    endloop
  endfacet
  facet normal 0.6715589548470106 0.7409511253549663 0
    outer loop
      vertex 55.28757313665458 32.84204181345095 0
      vertex 55.28757313665458 32.84204181345095 1.6
      vertex 55.57842712474619 32.57842712474619 1.6
    endloop
  endfacet
  facet normal 0 0 1
    outer loop
      vertex 43.664445819983406 24.194051420988682 1.6
      vertex 43.70764415879031 24.485270966048382 1.6
      vertex 39.62 25.05 1.6
    endloop
  endfacet
  facet normal 0 0 1
    outer loop
      vertex 43.70764415879031 24.485270966048382 1.6
      vertex 43.779178992803374 24.770854031763385 1.6
      vertex 39.62 25.05 1.6
    endloop
  endfacet
  facet normal 0 0 1
    outer loop
      vertex 43.779178992803374 24.770854031763385 1.6
      vertex 43.87836140246614 25.04805029709527 1.6
      vertex 39.62 25.05 1.6
    endloop
  endfacet
  facet normal 0 0 1
    outer loop
      vertex 43.87836140246614 25.04805029709527 1.6
      vertex 44.004236206954936 25.314190210477992 1.6
      vertex 39.62 25.05 1.6
    endloop
  endfacet
  facet normal 0 0 1
    outer loop
      vertex 44.004236206954936 25.314190210477992 1.6
      vertex 44.15559116309236 25.566710699058806 1.6
      vertex 39.62 25.05 1.6
    endloop
  endfacet
  facet normal 0 0 1
    outer loop
      vertex 44.15559116309236 25.566710699058806 1.6
      vertex 44.33096863991179 25.803179852490935 1.6
      vertex 39.62 25.05 1.6
    endloop
  endfacet
  facet normal 0 0 1
    outer loop
      vertex 44.33096863991179 25.803179852490935 1.6
      vertex 44.52867965644035 26.02132034355964 1.6
      vertex 39.62 25.05 1.6
    endloop
  endfacet
  facet normal 0 0 1
    outer loop
      vertex 44.52867965644035 26.02132034355964 1.6
      vertex 44.74682014750906 26.21903136008821 1.6
      vertex 39.62 25.05 1.6
    endloop
  endfacet
  facet normal 0 0 1
    outer loop
      vertex 44.74682014750906 26.21903136008821 1.6
      vertex 44.983289300941195 26.394408836907633 1.6
      vertex 39.62 25.05 1.6
    endloop
  endfacet
  facet normal 0 0 1
    outer loop
      vertex 44.983289300941195 26.394408836907633 1.6
      vertex 45.23580978952201 26.545763793045065 1.6
      vertex 39.62 25.05 1.6
    endloop
  endfacet
  facet normal 0 0 1
    outer loop
      vertex 45.23580978952201 26.545763793045065 1.6
      vertex 54.63558694730399 33.27768505739342 1.6
      vertex 39.62 25.05 1.6
    endloop
  endfacet
  facet normal 0 0 1
    outer loop
      vertex 45.23580978952201 26.545763793045065 1.6
      vertex 45.50194970290473 26.671638597533857 1.6
      vertex 54.63558694730399 33.27768505739342 1.6
    endloop
  endfacet
  facet normal 0 0 1
    outer loop
      vertex 45.50194970290473 26.671638597533857 1.6
      vertex 45.77914596823661 26.770821007196623 1.6
      vertex 54.63558694730399 33.27768505739342 1.6
    endloop
  endfacet
  facet normal 0 0 1
    outer loop
      vertex 45.77914596823661 26.770821007196623 1.6
      vertex 46.064729033951615 26.842355841209688 1.6
      vertex 54.63558694730399 33.27768505739342 1.6
    endloop
  endfacet
  facet normal 0 0 1
    outer loop
      vertex 46.064729033951615 26.842355841209688 1.6
      vertex 46.35594857901132 26.88555418001659 1.6
      vertex 54.63558694730399 33.27768505739342 1.6
    endloop
  endfacet
  facet normal 0 0 1
    outer loop
      vertex 46.94405142098868 26.88555418001659 1.6
      vertex 47.23527096604838 26.842355841209688 1.6
      vertex 54.63558694730399 33.27768505739342 1.6
    endloop
  endfacet
  facet normal 0 0 1
    outer loop
      vertex 46.35594857901132 26.88555418001659 1.6
      vertex 46.65 26.9 1.6
      vertex 54.63558694730399 33.27768505739342 1.6
    endloop
  endfacet
  facet normal 0 0 1
    outer loop
      vertex 46.94405142098868 26.88555418001659 1.6
      vertex 54.63558694730399 33.27768505739342 1.6
      vertex 46.65 26.9 1.6
    endloop
  endfacet
  facet normal 0 0 1
    outer loop
      vertex 49.65 23.9 1.6
      vertex 54.63558694730399 33.27768505739342 1.6
      vertex 49.63555418001659 24.194051420988682 1.6
    endloop
  endfacet
  facet normal 0 0 1
    outer loop
      vertex 49.63555418001659 24.194051420988682 1.6
      vertex 54.63558694730399 33.27768505739342 1.6
      vertex 49.59235584120969 24.485270966048382 1.6
    endloop
  endfacet
  facet normal 0 0 1
    outer loop
      vertex 49.59235584120969 24.485270966048382 1.6
      vertex 54.63558694730399 33.27768505739342 1.6
      vertex 49.52082100719662 24.770854031763385 1.6
    endloop
  endfacet
  facet normal 0 0 1
    outer loop
      vertex 49.52082100719662 24.770854031763385 1.6
      vertex 54.63558694730399 33.27768505739342 1.6
      vertex 49.42163859753386 25.04805029709527 1.6
    endloop
  endfacet
  facet normal 0 0 1
    outer loop
      vertex 49.42163859753386 25.04805029709527 1.6
      vertex 54.63558694730399 33.27768505739342 1.6
      vertex 49.29576379304506 25.314190210477992 1.6
    endloop
  endfacet
  facet normal 0 0 1
    outer loop
      vertex 49.14440883690764 25.566710699058806 1.6
      vertex 54.63558694730399 33.27768505739342 1.6
      vertex 48.96903136008821 25.803179852490935 1.6
    endloop
  endfacet
  facet normal 0 0 1
    outer loop
      vertex 48.96903136008821 25.803179852490935 1.6
      vertex 54.63558694730399 33.27768505739342 1.6
      vertex 48.771320343559644 26.02132034355964 1.6
    endloop
  endfacet
  facet normal 0 0 1
    outer loop
      vertex 49.14440883690764 25.566710699058806 1.6
      vertex 49.29576379304506 25.314190210477992 1.6
      vertex 54.63558694730399 33.27768505739342 1.6
    endloop
  endfacet
  facet normal 0 0 1
    outer loop
      vertex 47.23527096604838 26.842355841209688 1.6
      vertex 47.520854031763385 26.770821007196623 1.6
      vertex 54.63558694730399 33.27768505739342 1.6
    endloop
  endfacet
  facet normal 0 0 1
    outer loop
      vertex 47.520854031763385 26.770821007196623 1.6
      vertex 47.798050297095266 26.671638597533857 1.6
      vertex 54.63558694730399 33.27768505739342 1.6
    endloop
  endfacet
  facet normal 0 0 1
    outer loop
      vertex 48.06419021047799 26.545763793045065 1.6
      vertex 48.3167106990588 26.394408836907633 1.6
      vertex 54.63558694730399 33.27768505739342 1.6
    endloop
  endfacet
  facet normal 0 0 1
    outer loop
      vertex 48.553179852490935 26.21903136008821 1.6
      vertex 54.63558694730399 33.27768505739342 1.6
      vertex 48.3167106990588 26.394408836907633 1.6
    endloop
  endfacet
  facet normal 0 0 1
    outer loop
      vertex 47.798050297095266 26.671638597533857 1.6
      vertex 48.06419021047799 26.545763793045065 1.6
      vertex 54.63558694730399 33.27768505739342 1.6
    endloop
  endfacet
  facet normal 0 0 1
    outer loop
      vertex 48.553179852490935 26.21903136008821 1.6
      vertex 48.771320343559644 26.02132034355964 1.6
      vertex 54.63558694730399 33.27768505739342 1.6
    endloop
  endfacet
  facet normal 0 0 1
    outer loop
      vertex 52.75 33.75 1.6
      vertex 53.53036128806451 33.67314112161292 1.6
      vertex 53.14206856131824 33.730738906688785 1.6
    endloop
  endfacet
  facet normal 0 0 1
    outer loop
      vertex 56.75 29.75 1.6
      vertex 56.730738906688785 30.142068561318244 1.6
      vertex 56.67314112161292 30.530361288064512 1.6
    endloop
  endfacet
  facet normal 0 0 1
    outer loop
      vertex 56.75 29.75 1.6
      vertex 56.67314112161292 30.530361288064512 1.6
      vertex 56.27768505739342 31.63558694730399 1.6
    endloop
  endfacet
  facet normal 0 0 1
    outer loop
      vertex 56.67314112161292 30.530361288064512 1.6
      vertex 56.57776134292884 30.911138709017848 1.6
      vertex 56.27768505739342 31.63558694730399 1.6
    endloop
  endfacet
  facet normal 0 0 1
    outer loop
      vertex 56.75 29.75 1.6
      vertex 56.27768505739342 31.63558694730399 1.6
      vertex 54.63558694730399 33.27768505739342 1.6
    endloop
  endfacet
  facet normal 0 0 1
    outer loop
      vertex 56.57776134292884 30.911138709017848 1.6
      vertex 56.445518130045144 31.28073372946036 1.6
      vertex 56.27768505739342 31.63558694730399 1.6
    endloop
  endfacet
  facet normal 0 0 1
    outer loop
      vertex 52.75 33.75 1.6
      vertex 54.63558694730399 33.27768505739342 1.6
      vertex 53.53036128806451 33.67314112161292 1.6
    endloop
  endfacet
  facet normal 0 0 1
    outer loop
      vertex 53.53036128806451 33.67314112161292 1.6
      vertex 54.63558694730399 33.27768505739342 1.6
      vertex 53.91113870901785 33.57776134292884 1.6
    endloop
  endfacet
  facet normal 0 0 1
    outer loop
      vertex 53.91113870901785 33.57776134292884 1.6
      vertex 54.63558694730399 33.27768505739342 1.6
      vertex 54.28073372946036 33.445518130045144 1.6
    endloop
  endfacet
  facet normal 0 0 1
    outer loop
      vertex 56.27768505739342 31.63558694730399 1.6
      vertex 55.57842712474619 32.57842712474619 1.6
      vertex 54.63558694730399 33.27768505739342 1.6
    endloop
  endfacet
  facet normal 0 0 1
    outer loop
      vertex 56.27768505739342 31.63558694730399 1.6
      vertex 56.07587844921018 31.97228093207841 1.6
      vertex 55.84204181345095 32.28757313665458 1.6
    endloop
  endfacet
  facet normal 0 0 1
    outer loop
      vertex 56.27768505739342 31.63558694730399 1.6
      vertex 55.84204181345095 32.28757313665458 1.6
      vertex 55.57842712474619 32.57842712474619 1.6
    endloop
  endfacet
  facet normal 0 0 1
    outer loop
      vertex 54.972280932078405 33.07587844921018 1.6
      vertex 55.57842712474619 32.57842712474619 1.6
      vertex 55.28757313665458 32.84204181345095 1.6
    endloop
  endfacet
  facet normal 0 0 1
    outer loop
      vertex 54.972280932078405 33.07587844921018 1.6
      vertex 54.63558694730399 33.27768505739342 1.6
      vertex 55.57842712474619 32.57842712474619 1.6
    endloop
  endfacet
  facet normal -0.33688985339222255 -0.9415440651830198 0
    outer loop
      vertex 45.77914596823661 21.029178992803374 1.6
      vertex 45.77914596823661 21.029178992803374 5.800000000000001
      vertex 45.50194970290473 21.12836140246614 1.6
    endloop
  endfacet
  facet normal -0.24298017990326343 -0.9700312531945441 7.02966758770348e-20
    outer loop
      vertex 45.77914596823661 21.029178992803374 1.6
      vertex 46.064729033951615 20.95764415879031 1.6
      vertex 46.064729033951615 20.95764415879031 5.800000000000001
    endloop
  endfacet
  facet normal -0.146730474455373 -0.9891765099647793 3.3059769799669276e-19
    outer loop
      vertex 46.064729033951615 20.95764415879031 1.6
      vertex 46.35594857901132 20.914445819983406 1.6
      vertex 46.35594857901132 20.914445819983406 5.800000000000001
    endloop
  endfacet
  facet normal -0.04906767432741262 -0.9987954562051726 5.722108345509578e-20
    outer loop
      vertex 46.35594857901132 20.914445819983406 1.6
      vertex 46.65 20.9 1.6
      vertex 46.65 20.9 5.800000000000001
    endloop
  endfacet
  facet normal 0.04906767432741262 -0.9987954562051726 -5.722108345509578e-20
    outer loop
      vertex 46.65 20.9 1.6
      vertex 46.94405142098868 20.914445819983406 1.6
      vertex 46.94405142098868 20.914445819983406 5.800000000000001
    endloop
  endfacet
  facet normal 0.146730474455373 -0.9891765099647793 -3.3059769799669276e-19
    outer loop
      vertex 46.94405142098868 20.914445819983406 1.6
      vertex 47.23527096604838 20.95764415879031 1.6
      vertex 47.23527096604838 20.95764415879031 5.800000000000001
    endloop
  endfacet
  facet normal 0.24298017990326343 -0.9700312531945441 -7.02966758770348e-20
    outer loop
      vertex 47.23527096604838 20.95764415879031 1.6
      vertex 47.520854031763385 21.029178992803374 1.6
      vertex 47.520854031763385 21.029178992803374 5.800000000000001
    endloop
  endfacet
  facet normal -0.857728610000279 -0.5141027441932103 -4.970166373910749e-19
    outer loop
      vertex 44.15559116309236 22.23328930094119 1.6
      vertex 44.004236206954936 22.485809789522005 5.800000000000001
      vertex 44.004236206954936 22.485809789522005 1.6
    endloop
  endfacet
  facet normal -0.8032075314806393 -0.5956993044924411 1.420591570066263e-18
    outer loop
      vertex 44.33096863991179 21.996820147509062 1.6
      vertex 44.15559116309236 22.23328930094119 5.800000000000001
      vertex 44.15559116309236 22.23328930094119 1.6
    endloop
  endfacet
  facet normal -0.903989293123443 -0.42755509343028275 -1.0227428397527143e-18
    outer loop
      vertex 44.004236206954936 22.485809789522005 1.6
      vertex 43.87836140246614 22.751949702904728 5.800000000000001
      vertex 43.87836140246614 22.751949702904728 1.6
    endloop
  endfacet
  facet normal -0.9415440651830213 -0.3368898533922187 1.7838096296523365e-19
    outer loop
      vertex 43.87836140246614 22.751949702904728 1.6
      vertex 43.779178992803374 23.029145968236612 5.800000000000001
      vertex 43.779178992803374 23.029145968236612 1.6
    endloop
  endfacet
  facet normal -0.5141027441932281 -0.8577286100002682 1.8543950195474833e-18
    outer loop
      vertex 44.983289300941195 21.405591163092364 1.6
      vertex 45.23580978952201 21.254236206954932 1.6
      vertex 45.23580978952201 21.254236206954932 5.800000000000001
    endloop
  endfacet
  facet normal -0.5956993044924276 -0.8032075314806493 -2.6257876777210815e-18
    outer loop
      vertex 44.74682014750906 21.580968639911788 1.6
      vertex 44.983289300941195 21.405591163092364 1.6
      vertex 44.983289300941195 21.405591163092364 5.800000000000001
    endloop
  endfacet
  facet normal -0.6715589548470138 -0.7409511253549633 0
    outer loop
      vertex 44.74682014750906 21.580968639911788 1.6
      vertex 44.74682014750906 21.580968639911788 5.800000000000001
      vertex 44.52867965644035 21.778679656440357 1.6
    endloop
  endfacet
  facet normal -0.7409511253549638 -0.6715589548470131 0
    outer loop
      vertex 44.33096863991179 21.996820147509062 1.6
      vertex 44.52867965644035 21.778679656440357 1.6
      vertex 44.33096863991179 21.996820147509062 5.800000000000001
    endloop
  endfacet
  facet normal -0.4275550934302729 -0.9039892931234478 4.567006212129077e-19
    outer loop
      vertex 45.23580978952201 21.254236206954932 1.6
      vertex 45.50194970290473 21.12836140246614 1.6
      vertex 45.50194970290473 21.12836140246614 5.800000000000001
    endloop
  endfacet
  facet normal -0.9700312531945441 -0.24298017990326343 7.02966758770348e-20
    outer loop
      vertex 43.779178992803374 23.029145968236612 1.6
      vertex 43.70764415879031 23.314729033951615 5.800000000000001
      vertex 43.70764415879031 23.314729033951615 1.6
    endloop
  endfacet
  facet normal -0.9891765099647791 -0.14673047445537474 -4.126745807646478e-19
    outer loop
      vertex 43.70764415879031 23.314729033951615 1.6
      vertex 43.664445819983406 23.605948579011315 5.800000000000001
      vertex 43.664445819983406 23.605948579011315 1.6
    endloop
  endfacet
  facet normal -0.9987954562051726 -0.049067674327412034 -6.208265436542447e-20
    outer loop
      vertex 43.664445819983406 23.605948579011315 1.6
      vertex 43.65 23.9 5.800000000000001
      vertex 43.65 23.9 1.6
    endloop
  endfacet
  facet normal -0.9987954562051726 0.049067674327412034 6.208265436542447e-20
    outer loop
      vertex 43.65 23.9 1.6
      vertex 43.664445819983406 24.194051420988682 5.800000000000001
      vertex 43.664445819983406 24.194051420988682 1.6
    endloop
  endfacet
  facet normal -0.9891765099647791 0.14673047445537474 4.126745807646478e-19
    outer loop
      vertex 43.664445819983406 24.194051420988682 1.6
      vertex 43.70764415879031 24.485270966048382 5.800000000000001
      vertex 43.70764415879031 24.485270966048382 1.6
    endloop
  endfacet
  facet normal -0.9700312531945441 0.24298017990326343 -7.02966758770348e-20
    outer loop
      vertex 43.70764415879031 24.485270966048382 1.6
      vertex 43.779178992803374 24.770854031763385 5.800000000000001
      vertex 43.779178992803374 24.770854031763385 1.6
    endloop
  endfacet
  facet normal -0.9415440651830213 0.3368898533922187 -1.7838096296523365e-19
    outer loop
      vertex 43.779178992803374 24.770854031763385 1.6
      vertex 43.87836140246614 25.04805029709527 5.800000000000001
      vertex 43.87836140246614 25.04805029709527 1.6
    endloop
  endfacet
  facet normal -0.903989293123443 0.42755509343028275 1.0227428397527143e-18
    outer loop
      vertex 43.87836140246614 25.04805029709527 1.6
      vertex 44.004236206954936 25.314190210477992 5.800000000000001
      vertex 44.004236206954936 25.314190210477992 1.6
    endloop
  endfacet
  facet normal 0.33688985339222255 -0.9415440651830198 1.0483711421911137e-18
    outer loop
      vertex 47.520854031763385 21.029178992803374 1.6
      vertex 47.798050297095266 21.12836140246614 1.6
      vertex 47.798050297095266 21.12836140246614 5.800000000000001
    endloop
  endfacet
  facet normal 0.4275550934302729 -0.9039892931234478 -4.567006212129077e-19
    outer loop
      vertex 47.798050297095266 21.12836140246614 1.6
      vertex 48.06419021047799 21.254236206954932 1.6
      vertex 48.06419021047799 21.254236206954932 5.800000000000001
    endloop
  endfacet
  facet normal 0.5141027441932281 -0.8577286100002682 -1.8543950195474833e-18
    outer loop
      vertex 48.06419021047799 21.254236206954932 1.6
      vertex 48.3167106990588 21.405591163092364 1.6
      vertex 48.3167106990588 21.405591163092364 5.800000000000001
    endloop
  endfacet
  facet normal 0.5956993044924276 -0.8032075314806493 2.6257876777210815e-18
    outer loop
      vertex 48.3167106990588 21.405591163092364 1.6
      vertex 48.553179852490935 21.580968639911788 1.6
      vertex 48.553179852490935 21.580968639911788 5.800000000000001
    endloop
  endfacet
  facet normal 0.6715589548470138 -0.7409511253549633 -1.2781824375434236e-18
    outer loop
      vertex 48.553179852490935 21.580968639911788 1.6
      vertex 48.771320343559644 21.778679656440357 1.6
      vertex 48.771320343559644 21.778679656440357 5.800000000000001
    endloop
  endfacet
  facet normal 0.7409511253549638 -0.6715589548470131 0
    outer loop
      vertex 48.771320343559644 21.778679656440357 1.6
      vertex 48.96903136008821 21.996820147509062 1.6
      vertex 48.771320343559644 21.778679656440357 5.800000000000001
    endloop
  endfacet
  facet normal 0.8032075314806393 -0.5956993044924411 0
    outer loop
      vertex 48.96903136008821 21.996820147509062 1.6
      vertex 49.14440883690764 22.23328930094119 1.6
      vertex 48.96903136008821 21.996820147509062 5.800000000000001
    endloop
  endfacet
  facet normal 0.857728610000279 -0.5141027441932103 0
    outer loop
      vertex 49.14440883690764 22.23328930094119 1.6
      vertex 49.29576379304506 22.485809789522005 1.6
      vertex 49.14440883690764 22.23328930094119 5.800000000000001
    endloop
  endfacet
  facet normal 0.903989293123443 -0.42755509343028275 0
    outer loop
      vertex 49.29576379304506 22.485809789522005 1.6
      vertex 49.42163859753386 22.751949702904728 1.6
      vertex 49.29576379304506 22.485809789522005 5.800000000000001
    endloop
  endfacet
  facet normal 0.9415440651830213 -0.3368898533922187 0
    outer loop
      vertex 49.42163859753386 22.751949702904728 1.6
      vertex 49.52082100719662 23.029145968236612 1.6
      vertex 49.42163859753386 22.751949702904728 5.800000000000001
    endloop
  endfacet
  facet normal 0.9700312531945441 -0.24298017990326343 0
    outer loop
      vertex 49.52082100719662 23.029145968236612 1.6
      vertex 49.59235584120969 23.314729033951615 1.6
      vertex 49.52082100719662 23.029145968236612 5.800000000000001
    endloop
  endfacet
  facet normal 0.9891765099647791 -0.14673047445537474 0
    outer loop
      vertex 49.59235584120969 23.314729033951615 1.6
      vertex 49.63555418001659 23.605948579011315 1.6
      vertex 49.59235584120969 23.314729033951615 5.800000000000001
    endloop
  endfacet
  facet normal 0.9987954562051726 -0.049067674327412034 0
    outer loop
      vertex 49.63555418001659 23.605948579011315 1.6
      vertex 49.65 23.9 1.6
      vertex 49.63555418001659 23.605948579011315 5.800000000000001
    endloop
  endfacet
  facet normal 0.9987954562051726 0.049067674327412034 0
    outer loop
      vertex 49.65 23.9 1.6
      vertex 49.63555418001659 24.194051420988682 1.6
      vertex 49.65 23.9 5.800000000000001
    endloop
  endfacet
  facet normal 0.9891765099647791 0.14673047445537474 0
    outer loop
      vertex 49.63555418001659 24.194051420988682 1.6
      vertex 49.59235584120969 24.485270966048382 1.6
      vertex 49.63555418001659 24.194051420988682 5.800000000000001
    endloop
  endfacet
  facet normal 0.9700312531945441 0.24298017990326343 0
    outer loop
      vertex 49.59235584120969 24.485270966048382 1.6
      vertex 49.52082100719662 24.770854031763385 1.6
      vertex 49.59235584120969 24.485270966048382 5.800000000000001
    endloop
  endfacet
  facet normal 0.9415440651830213 0.3368898533922187 0
    outer loop
      vertex 49.52082100719662 24.770854031763385 1.6
      vertex 49.42163859753386 25.04805029709527 1.6
      vertex 49.52082100719662 24.770854031763385 5.800000000000001
    endloop
  endfacet
  facet normal 0.903989293123443 0.42755509343028275 0
    outer loop
      vertex 49.42163859753386 25.04805029709527 1.6
      vertex 49.29576379304506 25.314190210477992 1.6
      vertex 49.42163859753386 25.04805029709527 5.800000000000001
    endloop
  endfacet
  facet normal -0.857728610000279 0.5141027441932103 4.970166373910749e-19
    outer loop
      vertex 44.004236206954936 25.314190210477992 1.6
      vertex 44.15559116309236 25.566710699058806 5.800000000000001
      vertex 44.15559116309236 25.566710699058806 1.6
    endloop
  endfacet
  facet normal -0.8032075314806393 0.5956993044924411 -1.420591570066263e-18
    outer loop
      vertex 44.15559116309236 25.566710699058806 1.6
      vertex 44.33096863991179 25.803179852490935 5.800000000000001
      vertex 44.33096863991179 25.803179852490935 1.6
    endloop
  endfacet
  facet normal -0.7409511253549638 0.6715589548470131 -8.066421233085063e-19
    outer loop
      vertex 44.33096863991179 25.803179852490935 1.6
      vertex 44.52867965644035 26.02132034355964 5.800000000000001
      vertex 44.52867965644035 26.02132034355964 1.6
    endloop
  endfacet
  facet normal -0.6715589548470138 0.7409511253549633 0
    outer loop
      vertex 44.52867965644035 26.02132034355964 1.6
      vertex 44.52867965644035 26.02132034355964 5.800000000000001
      vertex 44.74682014750906 26.21903136008821 1.6
    endloop
  endfacet
  facet normal -0.5956993044924276 0.8032075314806493 0
    outer loop
      vertex 44.74682014750906 26.21903136008821 1.6
      vertex 44.74682014750906 26.21903136008821 5.800000000000001
      vertex 44.983289300941195 26.394408836907633 1.6
    endloop
  endfacet
  facet normal -0.5141027441932281 0.8577286100002682 0
    outer loop
      vertex 44.983289300941195 26.394408836907633 1.6
      vertex 44.983289300941195 26.394408836907633 5.800000000000001
      vertex 45.23580978952201 26.545763793045065 1.6
    endloop
  endfacet
  facet normal -0.4275550934302729 0.9039892931234478 0
    outer loop
      vertex 45.23580978952201 26.545763793045065 1.6
      vertex 45.23580978952201 26.545763793045065 5.800000000000001
      vertex 45.50194970290473 26.671638597533857 1.6
    endloop
  endfacet
  facet normal -0.33688985339222255 0.9415440651830198 0
    outer loop
      vertex 45.50194970290473 26.671638597533857 1.6
      vertex 45.50194970290473 26.671638597533857 5.800000000000001
      vertex 45.77914596823661 26.770821007196623 1.6
    endloop
  endfacet
  facet normal -0.24298017990326343 0.9700312531945441 0
    outer loop
      vertex 45.77914596823661 26.770821007196623 1.6
      vertex 45.77914596823661 26.770821007196623 5.800000000000001
      vertex 46.064729033951615 26.842355841209688 1.6
    endloop
  endfacet
  facet normal -0.146730474455373 0.9891765099647793 0
    outer loop
      vertex 46.064729033951615 26.842355841209688 1.6
      vertex 46.064729033951615 26.842355841209688 5.800000000000001
      vertex 46.35594857901132 26.88555418001659 1.6
    endloop
  endfacet
  facet normal -0.04906767432741262 0.9987954562051726 0
    outer loop
      vertex 46.35594857901132 26.88555418001659 1.6
      vertex 46.35594857901132 26.88555418001659 5.800000000000001
      vertex 46.65 26.9 1.6
    endloop
  endfacet
  facet normal 0.04906767432741262 0.9987954562051726 5.722108345509578e-20
    outer loop
      vertex 46.94405142098868 26.88555418001659 1.6
      vertex 46.65 26.9 1.6
      vertex 46.65 26.9 5.800000000000001
    endloop
  endfacet
  facet normal 0.146730474455373 0.9891765099647793 0
    outer loop
      vertex 46.94405142098868 26.88555418001659 1.6
      vertex 46.94405142098868 26.88555418001659 5.800000000000001
      vertex 47.23527096604838 26.842355841209688 1.6
    endloop
  endfacet
  facet normal 0.24298017990326343 0.9700312531945441 0
    outer loop
      vertex 47.23527096604838 26.842355841209688 1.6
      vertex 47.23527096604838 26.842355841209688 5.800000000000001
      vertex 47.520854031763385 26.770821007196623 1.6
    endloop
  endfacet
  facet normal 0.33688985339222255 0.9415440651830198 0
    outer loop
      vertex 47.520854031763385 26.770821007196623 1.6
      vertex 47.520854031763385 26.770821007196623 5.800000000000001
      vertex 47.798050297095266 26.671638597533857 1.6
    endloop
  endfacet
  facet normal 0.5956993044924276 0.8032075314806493 -2.6257876777210815e-18
    outer loop
      vertex 48.553179852490935 26.21903136008821 1.6
      vertex 48.3167106990588 26.394408836907633 1.6
      vertex 48.3167106990588 26.394408836907633 5.800000000000001
    endloop
  endfacet
  facet normal 0.6715589548470138 0.7409511253549633 0
    outer loop
      vertex 48.553179852490935 26.21903136008821 1.6
      vertex 48.553179852490935 26.21903136008821 5.800000000000001
      vertex 48.771320343559644 26.02132034355964 1.6
    endloop
  endfacet
  facet normal 0.8032075314806393 0.5956993044924411 0
    outer loop
      vertex 49.14440883690764 25.566710699058806 1.6
      vertex 48.96903136008821 25.803179852490935 1.6
      vertex 49.14440883690764 25.566710699058806 5.800000000000001
    endloop
  endfacet
  facet normal 0.857728610000279 0.5141027441932103 -4.970166373910749e-19
    outer loop
      vertex 49.14440883690764 25.566710699058806 1.6
      vertex 49.29576379304506 25.314190210477992 5.800000000000001
      vertex 49.29576379304506 25.314190210477992 1.6
    endloop
  endfacet
  facet normal 0.7409511253549638 0.6715589548470131 0
    outer loop
      vertex 48.96903136008821 25.803179852490935 1.6
      vertex 48.771320343559644 26.02132034355964 1.6
      vertex 48.96903136008821 25.803179852490935 5.800000000000001
    endloop
  endfacet
  facet normal 0.4275550934302729 0.9039892931234478 0
    outer loop
      vertex 47.798050297095266 26.671638597533857 1.6
      vertex 47.798050297095266 26.671638597533857 5.800000000000001
      vertex 48.06419021047799 26.545763793045065 1.6
    endloop
  endfacet
  facet normal 0.5141027441932281 0.8577286100002682 0
    outer loop
      vertex 48.06419021047799 26.545763793045065 1.6
      vertex 48.06419021047799 26.545763793045065 5.800000000000001
      vertex 48.3167106990588 26.394408836907633 1.6
    endloop
  endfacet
  facet normal -0.24298017990326343 -0.9700312531945441 0
    outer loop
      vertex 45.77914596823661 21.029178992803374 1.6
      vertex 46.064729033951615 20.95764415879031 5.800000000000001
      vertex 45.77914596823661 21.029178992803374 5.800000000000001
    endloop
  endfacet
  facet normal -0.146730474455373 -0.9891765099647793 0
    outer loop
      vertex 46.064729033951615 20.95764415879031 1.6
      vertex 46.35594857901132 20.914445819983406 5.800000000000001
      vertex 46.064729033951615 20.95764415879031 5.800000000000001
    endloop
  endfacet
  facet normal -0.04906767432741262 -0.9987954562051726 0
    outer loop
      vertex 46.35594857901132 20.914445819983406 1.6
      vertex 46.65 20.9 5.800000000000001
      vertex 46.35594857901132 20.914445819983406 5.800000000000001
    endloop
  endfacet
  facet normal 0.04906767432741262 -0.9987954562051726 0
    outer loop
      vertex 46.65 20.9 1.6
      vertex 46.94405142098868 20.914445819983406 5.800000000000001
      vertex 46.65 20.9 5.800000000000001
    endloop
  endfacet
  facet normal 0.146730474455373 -0.9891765099647793 0
    outer loop
      vertex 46.94405142098868 20.914445819983406 1.6
      vertex 47.23527096604838 20.95764415879031 5.800000000000001
      vertex 46.94405142098868 20.914445819983406 5.800000000000001
    endloop
  endfacet
  facet normal 0.24298017990326343 -0.9700312531945441 0
    outer loop
      vertex 47.23527096604838 20.95764415879031 1.6
      vertex 47.520854031763385 21.029178992803374 5.800000000000001
      vertex 47.23527096604838 20.95764415879031 5.800000000000001
    endloop
  endfacet
  facet normal 0.33688985339222255 -0.9415440651830198 0
    outer loop
      vertex 47.520854031763385 21.029178992803374 1.6
      vertex 47.798050297095266 21.12836140246614 5.800000000000001
      vertex 47.520854031763385 21.029178992803374 5.800000000000001
    endloop
  endfacet
  facet normal -0.8032075314806393 -0.5956993044924411 0
    outer loop
      vertex 44.33096863991179 21.996820147509062 1.6
      vertex 44.33096863991179 21.996820147509062 5.800000000000001
      vertex 44.15559116309236 22.23328930094119 5.800000000000001
    endloop
  endfacet
  facet normal -0.857728610000279 -0.5141027441932103 0
    outer loop
      vertex 44.15559116309236 22.23328930094119 1.6
      vertex 44.15559116309236 22.23328930094119 5.800000000000001
      vertex 44.004236206954936 22.485809789522005 5.800000000000001
    endloop
  endfacet
  facet normal -0.903989293123443 -0.42755509343028275 0
    outer loop
      vertex 44.004236206954936 22.485809789522005 1.6
      vertex 44.004236206954936 22.485809789522005 5.800000000000001
      vertex 43.87836140246614 22.751949702904728 5.800000000000001
    endloop
  endfacet
  facet normal -0.9415440651830213 -0.3368898533922187 0
    outer loop
      vertex 43.87836140246614 22.751949702904728 1.6
      vertex 43.87836140246614 22.751949702904728 5.800000000000001
      vertex 43.779178992803374 23.029145968236612 5.800000000000001
    endloop
  endfacet
  facet normal -0.9700312531945441 -0.24298017990326343 0
    outer loop
      vertex 43.779178992803374 23.029145968236612 1.6
      vertex 43.779178992803374 23.029145968236612 5.800000000000001
      vertex 43.70764415879031 23.314729033951615 5.800000000000001
    endloop
  endfacet
  facet normal -0.5141027441932281 -0.8577286100002682 0
    outer loop
      vertex 44.983289300941195 21.405591163092364 1.6
      vertex 45.23580978952201 21.254236206954932 5.800000000000001
      vertex 44.983289300941195 21.405591163092364 5.800000000000001
    endloop
  endfacet
  facet normal -0.5956993044924276 -0.8032075314806493 0
    outer loop
      vertex 44.74682014750906 21.580968639911788 1.6
      vertex 44.983289300941195 21.405591163092364 5.800000000000001
      vertex 44.74682014750906 21.580968639911788 5.800000000000001
    endloop
  endfacet
  facet normal -0.7409511253549638 -0.6715589548470131 0
    outer loop
      vertex 44.52867965644035 21.778679656440357 1.6
      vertex 44.52867965644035 21.778679656440357 5.800000000000001
      vertex 44.33096863991179 21.996820147509062 5.800000000000001
    endloop
  endfacet
  facet normal -0.6715589548470138 -0.7409511253549633 0
    outer loop
      vertex 44.52867965644035 21.778679656440357 1.6
      vertex 44.74682014750906 21.580968639911788 5.800000000000001
      vertex 44.52867965644035 21.778679656440357 5.800000000000001
    endloop
  endfacet
  facet normal -0.4275550934302729 -0.9039892931234478 0
    outer loop
      vertex 45.23580978952201 21.254236206954932 1.6
      vertex 45.50194970290473 21.12836140246614 5.800000000000001
      vertex 45.23580978952201 21.254236206954932 5.800000000000001
    endloop
  endfacet
  facet normal -0.33688985339222255 -0.9415440651830198 0
    outer loop
      vertex 45.50194970290473 21.12836140246614 1.6
      vertex 45.77914596823661 21.029178992803374 5.800000000000001
      vertex 45.50194970290473 21.12836140246614 5.800000000000001
    endloop
  endfacet
  facet normal -0.9891765099647791 -0.14673047445537474 0
    outer loop
      vertex 43.70764415879031 23.314729033951615 1.6
      vertex 43.70764415879031 23.314729033951615 5.800000000000001
      vertex 43.664445819983406 23.605948579011315 5.800000000000001
    endloop
  endfacet
  facet normal -0.9987954562051726 -0.049067674327412034 0
    outer loop
      vertex 43.664445819983406 23.605948579011315 1.6
      vertex 43.664445819983406 23.605948579011315 5.800000000000001
      vertex 43.65 23.9 5.800000000000001
    endloop
  endfacet
  facet normal -0.9987954562051726 0.049067674327412034 0
    outer loop
      vertex 43.65 23.9 1.6
      vertex 43.65 23.9 5.800000000000001
      vertex 43.664445819983406 24.194051420988682 5.800000000000001
    endloop
  endfacet
  facet normal -0.9891765099647791 0.14673047445537474 0
    outer loop
      vertex 43.664445819983406 24.194051420988682 1.6
      vertex 43.664445819983406 24.194051420988682 5.800000000000001
      vertex 43.70764415879031 24.485270966048382 5.800000000000001
    endloop
  endfacet
  facet normal -0.9700312531945441 0.24298017990326343 0
    outer loop
      vertex 43.70764415879031 24.485270966048382 1.6
      vertex 43.70764415879031 24.485270966048382 5.800000000000001
      vertex 43.779178992803374 24.770854031763385 5.800000000000001
    endloop
  endfacet
  facet normal -0.9415440651830213 0.3368898533922187 0
    outer loop
      vertex 43.779178992803374 24.770854031763385 1.6
      vertex 43.779178992803374 24.770854031763385 5.800000000000001
      vertex 43.87836140246614 25.04805029709527 5.800000000000001
    endloop
  endfacet
  facet normal -0.903989293123443 0.42755509343028275 0
    outer loop
      vertex 43.87836140246614 25.04805029709527 1.6
      vertex 43.87836140246614 25.04805029709527 5.800000000000001
      vertex 44.004236206954936 25.314190210477992 5.800000000000001
    endloop
  endfacet
  facet normal 0.4275550934302729 -0.9039892931234478 0
    outer loop
      vertex 47.798050297095266 21.12836140246614 1.6
      vertex 48.06419021047799 21.254236206954932 5.800000000000001
      vertex 47.798050297095266 21.12836140246614 5.800000000000001
    endloop
  endfacet
  facet normal 0.5141027441932281 -0.8577286100002682 0
    outer loop
      vertex 48.06419021047799 21.254236206954932 1.6
      vertex 48.3167106990588 21.405591163092364 5.800000000000001
      vertex 48.06419021047799 21.254236206954932 5.800000000000001
    endloop
  endfacet
  facet normal 0.5956993044924276 -0.8032075314806493 0
    outer loop
      vertex 48.3167106990588 21.405591163092364 1.6
      vertex 48.553179852490935 21.580968639911788 5.800000000000001
      vertex 48.3167106990588 21.405591163092364 5.800000000000001
    endloop
  endfacet
  facet normal 0.6715589548470138 -0.7409511253549633 0
    outer loop
      vertex 48.553179852490935 21.580968639911788 1.6
      vertex 48.771320343559644 21.778679656440357 5.800000000000001
      vertex 48.553179852490935 21.580968639911788 5.800000000000001
    endloop
  endfacet
  facet normal 0.7409511253549638 -0.6715589548470131 0
    outer loop
      vertex 48.96903136008821 21.996820147509062 1.6
      vertex 48.96903136008821 21.996820147509062 5.800000000000001
      vertex 48.771320343559644 21.778679656440357 5.800000000000001
    endloop
  endfacet
  facet normal 0.8032075314806393 -0.5956993044924411 0
    outer loop
      vertex 49.14440883690764 22.23328930094119 1.6
      vertex 49.14440883690764 22.23328930094119 5.800000000000001
      vertex 48.96903136008821 21.996820147509062 5.800000000000001
    endloop
  endfacet
  facet normal 0.857728610000279 -0.5141027441932103 0
    outer loop
      vertex 49.29576379304506 22.485809789522005 1.6
      vertex 49.29576379304506 22.485809789522005 5.800000000000001
      vertex 49.14440883690764 22.23328930094119 5.800000000000001
    endloop
  endfacet
  facet normal 0.903989293123443 -0.42755509343028275 0
    outer loop
      vertex 49.42163859753386 22.751949702904728 1.6
      vertex 49.42163859753386 22.751949702904728 5.800000000000001
      vertex 49.29576379304506 22.485809789522005 5.800000000000001
    endloop
  endfacet
  facet normal 0.9415440651830213 -0.3368898533922187 0
    outer loop
      vertex 49.52082100719662 23.029145968236612 1.6
      vertex 49.52082100719662 23.029145968236612 5.800000000000001
      vertex 49.42163859753386 22.751949702904728 5.800000000000001
    endloop
  endfacet
  facet normal 0.9700312531945441 -0.24298017990326343 0
    outer loop
      vertex 49.59235584120969 23.314729033951615 1.6
      vertex 49.59235584120969 23.314729033951615 5.800000000000001
      vertex 49.52082100719662 23.029145968236612 5.800000000000001
    endloop
  endfacet
  facet normal 0.9891765099647791 -0.14673047445537474 0
    outer loop
      vertex 49.63555418001659 23.605948579011315 1.6
      vertex 49.63555418001659 23.605948579011315 5.800000000000001
      vertex 49.59235584120969 23.314729033951615 5.800000000000001
    endloop
  endfacet
  facet normal 0.9987954562051726 -0.049067674327412034 0
    outer loop
      vertex 49.65 23.9 1.6
      vertex 49.65 23.9 5.800000000000001
      vertex 49.63555418001659 23.605948579011315 5.800000000000001
    endloop
  endfacet
  facet normal 0.9987954562051726 0.049067674327412034 0
    outer loop
      vertex 49.63555418001659 24.194051420988682 1.6
      vertex 49.63555418001659 24.194051420988682 5.800000000000001
      vertex 49.65 23.9 5.800000000000001
    endloop
  endfacet
  facet normal 0.9891765099647791 0.14673047445537474 0
    outer loop
      vertex 49.59235584120969 24.485270966048382 1.6
      vertex 49.59235584120969 24.485270966048382 5.800000000000001
      vertex 49.63555418001659 24.194051420988682 5.800000000000001
    endloop
  endfacet
  facet normal 0.9700312531945441 0.24298017990326343 0
    outer loop
      vertex 49.52082100719662 24.770854031763385 1.6
      vertex 49.52082100719662 24.770854031763385 5.800000000000001
      vertex 49.59235584120969 24.485270966048382 5.800000000000001
    endloop
  endfacet
  facet normal 0.9415440651830213 0.3368898533922187 0
    outer loop
      vertex 49.42163859753386 25.04805029709527 1.6
      vertex 49.42163859753386 25.04805029709527 5.800000000000001
      vertex 49.52082100719662 24.770854031763385 5.800000000000001
    endloop
  endfacet
  facet normal 0.903989293123443 0.42755509343028275 0
    outer loop
      vertex 49.29576379304506 25.314190210477992 1.6
      vertex 49.29576379304506 25.314190210477992 5.800000000000001
      vertex 49.42163859753386 25.04805029709527 5.800000000000001
    endloop
  endfacet
  facet normal 0 0 1
    outer loop
      vertex 45.77914596823661 21.029178992803374 5.800000000000001
      vertex 46.064729033951615 20.95764415879031 5.800000000000001
      vertex 45.955537208725495 22.86066298462182 5.800000000000001
    endloop
  endfacet
  facet normal 0 0 1
    outer loop
      vertex 45.77914596823661 21.029178992803374 5.800000000000001
      vertex 45.61066298462182 23.205537208725495 5.800000000000001
      vertex 45.50194970290473 21.12836140246614 5.800000000000001
    endloop
  endfacet
  facet normal 0 0 1
    outer loop
      vertex 44.33096863991179 21.996820147509062 5.800000000000001
      vertex 44.52867965644035 21.778679656440357 5.800000000000001
      vertex 44.33096863991179 25.803179852490935 5.800000000000001
    endloop
  endfacet
  facet normal 0 0 1
    outer loop
      vertex 44.74682014750906 21.580968639911788 5.800000000000001
      vertex 44.52867965644035 26.02132034355964 5.800000000000001
      vertex 44.52867965644035 21.778679656440357 5.800000000000001
    endloop
  endfacet
  facet normal 0 0 1
    outer loop
      vertex 44.74682014750906 21.580968639911788 5.800000000000001
      vertex 44.983289300941195 21.405591163092364 5.800000000000001
      vertex 44.74682014750906 26.21903136008821 5.800000000000001
    endloop
  endfacet
  facet normal 0 0 1
    outer loop
      vertex 44.983289300941195 21.405591163092364 5.800000000000001
      vertex 45.23580978952201 21.254236206954932 5.800000000000001
      vertex 44.983289300941195 26.394408836907633 5.800000000000001
    endloop
  endfacet
  facet normal 0 0 1
    outer loop
      vertex 45.50194970290473 21.12836140246614 5.800000000000001
      vertex 45.61066298462182 23.205537208725495 5.800000000000001
      vertex 45.54759841956456 23.310754078967502 5.800000000000001
    endloop
  endfacet
  facet normal 0 0 1
    outer loop
      vertex 45.50194970290473 21.12836140246614 5.800000000000001
      vertex 45.54759841956456 23.310754078967502 5.800000000000001
      vertex 45.49515058436089 23.421645709543636 5.800000000000001
    endloop
  endfacet
  facet normal 0 0 1
    outer loop
      vertex 45.77914596823661 21.029178992803374 5.800000000000001
      vertex 45.955537208725495 22.86066298462182 5.800000000000001
      vertex 45.85700839479544 22.933736933296576 5.800000000000001
    endloop
  endfacet
  facet normal 0 0 1
    outer loop
      vertex 45.77914596823661 21.029178992803374 5.800000000000001
      vertex 45.766116523516814 23.016116523516814 5.800000000000001
      vertex 45.68373693329658 23.107008394795443 5.800000000000001
    endloop
  endfacet
  facet normal 0 0 1
    outer loop
      vertex 45.77914596823661 21.029178992803374 5.800000000000001
      vertex 45.85700839479544 22.933736933296576 5.800000000000001
      vertex 45.766116523516814 23.016116523516814 5.800000000000001
    endloop
  endfacet
  facet normal 0 0 1
    outer loop
      vertex 46.064729033951615 20.95764415879031 5.800000000000001
      vertex 46.17164570954364 22.74515058436089 5.800000000000001
      vertex 46.0607540789675 22.797598419564554 5.800000000000001
    endloop
  endfacet
  facet normal 0 0 1
    outer loop
      vertex 46.064729033951615 20.95764415879031 5.800000000000001
      vertex 46.0607540789675 22.797598419564554 5.800000000000001
      vertex 45.955537208725495 22.86066298462182 5.800000000000001
    endloop
  endfacet
  facet normal 0 0 1
    outer loop
      vertex 45.77914596823661 21.029178992803374 5.800000000000001
      vertex 45.68373693329658 23.107008394795443 5.800000000000001
      vertex 45.61066298462182 23.205537208725495 5.800000000000001
    endloop
  endfacet
  facet normal 0 0 1
    outer loop
      vertex 45.50194970290473 21.12836140246614 5.800000000000001
      vertex 45.424018399495964 23.65613709747984 5.800000000000001
      vertex 45.40601909165975 23.77747857458805 5.800000000000001
    endloop
  endfacet
  facet normal 0 0 1
    outer loop
      vertex 45.50194970290473 21.12836140246614 5.800000000000001
      vertex 45.40601909165975 23.77747857458805 5.800000000000001
      vertex 45.4 23.9 5.800000000000001
    endloop
  endfacet
  facet normal 0 0 1
    outer loop
      vertex 45.50194970290473 21.12836140246614 5.800000000000001
      vertex 45.49515058436089 23.421645709543636 5.800000000000001
      vertex 45.45382458033474 23.53714415343192 5.800000000000001
    endloop
  endfacet
  facet normal 0 0 1
    outer loop
      vertex 45.50194970290473 21.12836140246614 5.800000000000001
      vertex 45.45382458033474 23.53714415343192 5.800000000000001
      vertex 45.424018399495964 23.65613709747984 5.800000000000001
    endloop
  endfacet
  facet normal 0 0 1
    outer loop
      vertex 45.23580978952201 21.254236206954932 5.800000000000001
      vertex 45.50194970290473 21.12836140246614 5.800000000000001
      vertex 45.23580978952201 26.545763793045065 5.800000000000001
    endloop
  endfacet
  facet normal 0 0 1
    outer loop
      vertex 43.87836140246614 22.751949702904728 5.800000000000001
      vertex 43.779178992803374 24.770854031763385 5.800000000000001
      vertex 43.779178992803374 23.029145968236612 5.800000000000001
    endloop
  endfacet
  facet normal 0 0 1
    outer loop
      vertex 43.779178992803374 23.029145968236612 5.800000000000001
      vertex 43.70764415879031 24.485270966048382 5.800000000000001
      vertex 43.70764415879031 23.314729033951615 5.800000000000001
    endloop
  endfacet
  facet normal 0 0 1
    outer loop
      vertex 43.70764415879031 23.314729033951615 5.800000000000001
      vertex 43.664445819983406 24.194051420988682 5.800000000000001
      vertex 43.664445819983406 23.605948579011315 5.800000000000001
    endloop
  endfacet
  facet normal 0 0 1
    outer loop
      vertex 44.004236206954936 22.485809789522005 5.800000000000001
      vertex 43.87836140246614 25.04805029709527 5.800000000000001
      vertex 43.87836140246614 22.751949702904728 5.800000000000001
    endloop
  endfacet
  facet normal 0 0 1
    outer loop
      vertex 44.15559116309236 22.23328930094119 5.800000000000001
      vertex 44.004236206954936 25.314190210477992 5.800000000000001
      vertex 44.004236206954936 22.485809789522005 5.800000000000001
    endloop
  endfacet
  facet normal 0 0 1
    outer loop
      vertex 44.33096863991179 21.996820147509062 5.800000000000001
      vertex 44.15559116309236 25.566710699058806 5.800000000000001
      vertex 44.15559116309236 22.23328930094119 5.800000000000001
    endloop
  endfacet
  facet normal 0 0 1
    outer loop
      vertex 43.664445819983406 23.605948579011315 5.800000000000001
      vertex 43.664445819983406 24.194051420988682 5.800000000000001
      vertex 43.65 23.9 5.800000000000001
    endloop
  endfacet
  facet normal 0 0 1
    outer loop
      vertex 43.70764415879031 23.314729033951615 5.800000000000001
      vertex 43.70764415879031 24.485270966048382 5.800000000000001
      vertex 43.664445819983406 24.194051420988682 5.800000000000001
    endloop
  endfacet
  facet normal 0 0 1
    outer loop
      vertex 43.779178992803374 23.029145968236612 5.800000000000001
      vertex 43.779178992803374 24.770854031763385 5.800000000000001
      vertex 43.70764415879031 24.485270966048382 5.800000000000001
    endloop
  endfacet
  facet normal 0 0 1
    outer loop
      vertex 43.87836140246614 22.751949702904728 5.800000000000001
      vertex 43.87836140246614 25.04805029709527 5.800000000000001
      vertex 43.779178992803374 24.770854031763385 5.800000000000001
    endloop
  endfacet
  facet normal 0 0 1
    outer loop
      vertex 44.004236206954936 22.485809789522005 5.800000000000001
      vertex 44.004236206954936 25.314190210477992 5.800000000000001
      vertex 43.87836140246614 25.04805029709527 5.800000000000001
    endloop
  endfacet
  facet normal 0 0 1
    outer loop
      vertex 44.15559116309236 22.23328930094119 5.800000000000001
      vertex 44.15559116309236 25.566710699058806 5.800000000000001
      vertex 44.004236206954936 25.314190210477992 5.800000000000001
    endloop
  endfacet
  facet normal 0 0 1
    outer loop
      vertex 44.33096863991179 21.996820147509062 5.800000000000001
      vertex 44.33096863991179 25.803179852490935 5.800000000000001
      vertex 44.15559116309236 25.566710699058806 5.800000000000001
    endloop
  endfacet
  facet normal 0 0 1
    outer loop
      vertex 45.50194970290473 21.12836140246614 5.800000000000001
      vertex 45.4 23.9 5.800000000000001
      vertex 45.23580978952201 26.545763793045065 5.800000000000001
    endloop
  endfacet
  facet normal 0 0 1
    outer loop
      vertex 44.52867965644035 21.778679656440357 5.800000000000001
      vertex 44.52867965644035 26.02132034355964 5.800000000000001
      vertex 44.33096863991179 25.803179852490935 5.800000000000001
    endloop
  endfacet
  facet normal 0 0 1
    outer loop
      vertex 44.74682014750906 21.580968639911788 5.800000000000001
      vertex 44.74682014750906 26.21903136008821 5.800000000000001
      vertex 44.52867965644035 26.02132034355964 5.800000000000001
    endloop
  endfacet
  facet normal 0 0 1
    outer loop
      vertex 44.983289300941195 21.405591163092364 5.800000000000001
      vertex 44.983289300941195 26.394408836907633 5.800000000000001
      vertex 44.74682014750906 26.21903136008821 5.800000000000001
    endloop
  endfacet
  facet normal 0 0 1
    outer loop
      vertex 45.23580978952201 21.254236206954932 5.800000000000001
      vertex 45.23580978952201 26.545763793045065 5.800000000000001
      vertex 44.983289300941195 26.394408836907633 5.800000000000001
    endloop
  endfacet
  facet normal 0 0 1
    outer loop
      vertex 45.4 23.9 5.800000000000001
      vertex 45.40601909165975 24.02252142541195 5.800000000000001
      vertex 45.23580978952201 26.545763793045065 5.800000000000001
    endloop
  endfacet
  facet normal 0 0 1
    outer loop
      vertex 45.40601909165975 24.02252142541195 5.800000000000001
      vertex 45.424018399495964 24.14386290252016 5.800000000000001
      vertex 45.23580978952201 26.545763793045065 5.800000000000001
    endloop
  endfacet
  facet normal 0 0 1
    outer loop
      vertex 45.424018399495964 24.14386290252016 5.800000000000001
      vertex 45.45382458033474 24.262855846568076 5.800000000000001
      vertex 45.23580978952201 26.545763793045065 5.800000000000001
    endloop
  endfacet
  facet normal 0 0 1
    outer loop
      vertex 45.45382458033474 24.262855846568076 5.800000000000001
      vertex 45.49515058436089 24.37835429045636 5.800000000000001
      vertex 45.23580978952201 26.545763793045065 5.800000000000001
    endloop
  endfacet
  facet normal 0 0 1
    outer loop
      vertex 45.49515058436089 24.37835429045636 5.800000000000001
      vertex 45.54759841956456 24.489245921032495 5.800000000000001
      vertex 45.23580978952201 26.545763793045065 5.800000000000001
    endloop
  endfacet
  facet normal 0 0 1
    outer loop
      vertex 45.54759841956456 24.489245921032495 5.800000000000001
      vertex 45.61066298462182 24.594462791274502 5.800000000000001
      vertex 45.50194970290473 26.671638597533857 5.800000000000001
    endloop
  endfacet
  facet normal 0 0 1
    outer loop
      vertex 46.064729033951615 20.95764415879031 5.800000000000001
      vertex 46.35594857901132 20.914445819983406 5.800000000000001
      vertex 46.17164570954364 22.74515058436089 5.800000000000001
    endloop
  endfacet
  facet normal 0 0 1
    outer loop
      vertex 46.35594857901132 20.914445819983406 5.800000000000001
      vertex 46.65 20.9 5.800000000000001
      vertex 46.527478574588045 22.65601909165975 5.800000000000001
    endloop
  endfacet
  facet normal 0 0 1
    outer loop
      vertex 46.65 20.9 5.800000000000001
      vertex 46.94405142098868 20.914445819983406 5.800000000000001
      vertex 46.77252142541195 22.65601909165975 5.800000000000001
    endloop
  endfacet
  facet normal 0 0 1
    outer loop
      vertex 46.35594857901132 20.914445819983406 5.800000000000001
      vertex 46.28714415343192 22.70382458033474 5.800000000000001
      vertex 46.17164570954364 22.74515058436089 5.800000000000001
    endloop
  endfacet
  facet normal 0 0 1
    outer loop
      vertex 46.35594857901132 20.914445819983406 5.800000000000001
      vertex 46.527478574588045 22.65601909165975 5.800000000000001
      vertex 46.406137097479835 22.67401839949596 5.800000000000001
    endloop
  endfacet
  facet normal 0 0 1
    outer loop
      vertex 46.35594857901132 20.914445819983406 5.800000000000001
      vertex 46.406137097479835 22.67401839949596 5.800000000000001
      vertex 46.28714415343192 22.70382458033474 5.800000000000001
    endloop
  endfacet
  facet normal 0 0 1
    outer loop
      vertex 46.65 20.9 5.800000000000001
      vertex 46.65 22.65 5.800000000000001
      vertex 46.527478574588045 22.65601909165975 5.800000000000001
    endloop
  endfacet
  facet normal 0 0 1
    outer loop
      vertex 46.65 20.9 5.800000000000001
      vertex 46.77252142541195 22.65601909165975 5.800000000000001
      vertex 46.65 22.65 5.800000000000001
    endloop
  endfacet
  facet normal 0 0 1
    outer loop
      vertex 46.94405142098868 20.914445819983406 5.800000000000001
      vertex 46.89386290252016 22.67401839949596 5.800000000000001
      vertex 46.77252142541195 22.65601909165975 5.800000000000001
    endloop
  endfacet
  facet normal 0 0 1
    outer loop
      vertex 46.94405142098868 20.914445819983406 5.800000000000001
      vertex 47.23527096604838 20.95764415879031 5.800000000000001
      vertex 46.89386290252016 22.67401839949596 5.800000000000001
    endloop
  endfacet
  facet normal 0 0 1
    outer loop
      vertex 47.23527096604838 20.95764415879031 5.800000000000001
      vertex 47.520854031763385 21.029178992803374 5.800000000000001
      vertex 47.12835429045636 22.74515058436089 5.800000000000001
    endloop
  endfacet
  facet normal 0 0 1
    outer loop
      vertex 47.23527096604838 20.95764415879031 5.800000000000001
      vertex 47.01285584656808 22.70382458033474 5.800000000000001
      vertex 46.89386290252016 22.67401839949596 5.800000000000001
    endloop
  endfacet
  facet normal 0 0 1
    outer loop
      vertex 47.23527096604838 20.95764415879031 5.800000000000001
      vertex 47.12835429045636 22.74515058436089 5.800000000000001
      vertex 47.01285584656808 22.70382458033474 5.800000000000001
    endloop
  endfacet
  facet normal 0 0 1
    outer loop
      vertex 47.520854031763385 21.029178992803374 5.800000000000001
      vertex 47.798050297095266 21.12836140246614 5.800000000000001
      vertex 47.442991605204554 22.933736933296576 5.800000000000001
    endloop
  endfacet
  facet normal 0 0 1
    outer loop
      vertex 47.798050297095266 21.12836140246614 5.800000000000001
      vertex 48.06419021047799 21.254236206954932 5.800000000000001
      vertex 47.75240158043544 23.310754078967502 5.800000000000001
    endloop
  endfacet
  facet normal 0 0 1
    outer loop
      vertex 47.520854031763385 21.029178992803374 5.800000000000001
      vertex 47.2392459210325 22.797598419564554 5.800000000000001
      vertex 47.12835429045636 22.74515058436089 5.800000000000001
    endloop
  endfacet
  facet normal 0 0 1
    outer loop
      vertex 47.520854031763385 21.029178992803374 5.800000000000001
      vertex 47.3444627912745 22.86066298462182 5.800000000000001
      vertex 47.2392459210325 22.797598419564554 5.800000000000001
    endloop
  endfacet
  facet normal 0 0 1
    outer loop
      vertex 47.520854031763385 21.029178992803374 5.800000000000001
      vertex 47.442991605204554 22.933736933296576 5.800000000000001
      vertex 47.3444627912745 22.86066298462182 5.800000000000001
    endloop
  endfacet
  facet normal 0 0 1
    outer loop
      vertex 47.798050297095266 21.12836140246614 5.800000000000001
      vertex 47.53388347648318 23.016116523516814 5.800000000000001
      vertex 47.442991605204554 22.933736933296576 5.800000000000001
    endloop
  endfacet
  facet normal 0 0 1
    outer loop
      vertex 47.798050297095266 21.12836140246614 5.800000000000001
      vertex 47.61626306670342 23.107008394795443 5.800000000000001
      vertex 47.53388347648318 23.016116523516814 5.800000000000001
    endloop
  endfacet
  facet normal 0 0 1
    outer loop
      vertex 47.798050297095266 21.12836140246614 5.800000000000001
      vertex 47.68933701537818 23.205537208725495 5.800000000000001
      vertex 47.61626306670342 23.107008394795443 5.800000000000001
    endloop
  endfacet
  facet normal 0 0 1
    outer loop
      vertex 47.798050297095266 21.12836140246614 5.800000000000001
      vertex 47.75240158043544 23.310754078967502 5.800000000000001
      vertex 47.68933701537818 23.205537208725495 5.800000000000001
    endloop
  endfacet
  facet normal 0 0 1
    outer loop
      vertex 48.06419021047799 21.254236206954932 5.800000000000001
      vertex 47.804849415639104 23.421645709543636 5.800000000000001
      vertex 47.75240158043544 23.310754078967502 5.800000000000001
    endloop
  endfacet
  facet normal 0 0 1
    outer loop
      vertex 48.06419021047799 21.254236206954932 5.800000000000001
      vertex 47.84617541966526 23.53714415343192 5.800000000000001
      vertex 47.804849415639104 23.421645709543636 5.800000000000001
    endloop
  endfacet
  facet normal 0 0 1
    outer loop
      vertex 48.06419021047799 21.254236206954932 5.800000000000001
      vertex 47.87598160050403 23.65613709747984 5.800000000000001
      vertex 47.84617541966526 23.53714415343192 5.800000000000001
    endloop
  endfacet
  facet normal 0 0 1
    outer loop
      vertex 48.06419021047799 21.254236206954932 5.800000000000001
      vertex 47.89398090834025 23.77747857458805 5.800000000000001
      vertex 47.87598160050403 23.65613709747984 5.800000000000001
    endloop
  endfacet
  facet normal 0 0 1
    outer loop
      vertex 48.06419021047799 21.254236206954932 5.800000000000001
      vertex 47.9 23.9 5.800000000000001
      vertex 47.89398090834025 23.77747857458805 5.800000000000001
    endloop
  endfacet
  facet normal 0 0 1
    outer loop
      vertex 48.06419021047799 21.254236206954932 5.800000000000001
      vertex 48.3167106990588 21.405591163092364 5.800000000000001
      vertex 48.06419021047799 26.545763793045065 5.800000000000001
    endloop
  endfacet
  facet normal 0 0 1
    outer loop
      vertex 48.3167106990588 21.405591163092364 5.800000000000001
      vertex 48.553179852490935 21.580968639911788 5.800000000000001
      vertex 48.3167106990588 26.394408836907633 5.800000000000001
    endloop
  endfacet
  facet normal 0 0 1
    outer loop
      vertex 48.553179852490935 21.580968639911788 5.800000000000001
      vertex 48.771320343559644 21.778679656440357 5.800000000000001
      vertex 48.553179852490935 26.21903136008821 5.800000000000001
    endloop
  endfacet
  facet normal 0 0 1
    outer loop
      vertex 47.9 23.9 5.800000000000001
      vertex 47.798050297095266 26.671638597533857 5.800000000000001
      vertex 47.89398090834025 24.02252142541195 5.800000000000001
    endloop
  endfacet
  facet normal 0 0 1
    outer loop
      vertex 47.87598160050403 24.14386290252016 5.800000000000001
      vertex 47.89398090834025 24.02252142541195 5.800000000000001
      vertex 47.798050297095266 26.671638597533857 5.800000000000001
    endloop
  endfacet
  facet normal 0 0 1
    outer loop
      vertex 47.87598160050403 24.14386290252016 5.800000000000001
      vertex 47.798050297095266 26.671638597533857 5.800000000000001
      vertex 47.84617541966526 24.262855846568076 5.800000000000001
    endloop
  endfacet
  facet normal 0 0 1
    outer loop
      vertex 47.84617541966526 24.262855846568076 5.800000000000001
      vertex 47.798050297095266 26.671638597533857 5.800000000000001
      vertex 47.804849415639104 24.37835429045636 5.800000000000001
    endloop
  endfacet
  facet normal 0 0 1
    outer loop
      vertex 47.804849415639104 24.37835429045636 5.800000000000001
      vertex 47.798050297095266 26.671638597533857 5.800000000000001
      vertex 47.75240158043544 24.489245921032495 5.800000000000001
    endloop
  endfacet
  facet normal 0 0 1
    outer loop
      vertex 47.75240158043544 24.489245921032495 5.800000000000001
      vertex 47.798050297095266 26.671638597533857 5.800000000000001
      vertex 47.68933701537818 24.594462791274502 5.800000000000001
    endloop
  endfacet
  facet normal 0 0 1
    outer loop
      vertex 48.06419021047799 21.254236206954932 5.800000000000001
      vertex 47.798050297095266 26.671638597533857 5.800000000000001
      vertex 47.9 23.9 5.800000000000001
    endloop
  endfacet
  facet normal 0 0 1
    outer loop
      vertex 48.771320343559644 21.778679656440357 5.800000000000001
      vertex 48.96903136008821 21.996820147509062 5.800000000000001
      vertex 48.771320343559644 26.02132034355964 5.800000000000001
    endloop
  endfacet
  facet normal 0 0 1
    outer loop
      vertex 48.96903136008821 21.996820147509062 5.800000000000001
      vertex 49.14440883690764 22.23328930094119 5.800000000000001
      vertex 48.96903136008821 25.803179852490935 5.800000000000001
    endloop
  endfacet
  facet normal 0 0 1
    outer loop
      vertex 49.14440883690764 22.23328930094119 5.800000000000001
      vertex 49.29576379304506 22.485809789522005 5.800000000000001
      vertex 49.14440883690764 25.566710699058806 5.800000000000001
    endloop
  endfacet
  facet normal 0 0 1
    outer loop
      vertex 49.29576379304506 22.485809789522005 5.800000000000001
      vertex 49.42163859753386 22.751949702904728 5.800000000000001
      vertex 49.29576379304506 25.314190210477992 5.800000000000001
    endloop
  endfacet
  facet normal 0 0 1
    outer loop
      vertex 49.42163859753386 22.751949702904728 5.800000000000001
      vertex 49.52082100719662 23.029145968236612 5.800000000000001
      vertex 49.42163859753386 25.04805029709527 5.800000000000001
    endloop
  endfacet
  facet normal 0 0 1
    outer loop
      vertex 49.52082100719662 23.029145968236612 5.800000000000001
      vertex 49.59235584120969 23.314729033951615 5.800000000000001
      vertex 49.52082100719662 24.770854031763385 5.800000000000001
    endloop
  endfacet
  facet normal 0 0 1
    outer loop
      vertex 49.59235584120969 23.314729033951615 5.800000000000001
      vertex 49.63555418001659 23.605948579011315 5.800000000000001
      vertex 49.59235584120969 24.485270966048382 5.800000000000001
    endloop
  endfacet
  facet normal 0 0 1
    outer loop
      vertex 49.63555418001659 23.605948579011315 5.800000000000001
      vertex 49.65 23.9 5.800000000000001
      vertex 49.63555418001659 24.194051420988682 5.800000000000001
    endloop
  endfacet
  facet normal 0 0 1
    outer loop
      vertex 49.63555418001659 23.605948579011315 5.800000000000001
      vertex 49.63555418001659 24.194051420988682 5.800000000000001
      vertex 49.59235584120969 24.485270966048382 5.800000000000001
    endloop
  endfacet
  facet normal 0 0 1
    outer loop
      vertex 49.59235584120969 23.314729033951615 5.800000000000001
      vertex 49.59235584120969 24.485270966048382 5.800000000000001
      vertex 49.52082100719662 24.770854031763385 5.800000000000001
    endloop
  endfacet
  facet normal 0 0 1
    outer loop
      vertex 48.3167106990588 21.405591163092364 5.800000000000001
      vertex 48.3167106990588 26.394408836907633 5.800000000000001
      vertex 48.06419021047799 26.545763793045065 5.800000000000001
    endloop
  endfacet
  facet normal 0 0 1
    outer loop
      vertex 48.553179852490935 21.580968639911788 5.800000000000001
      vertex 48.553179852490935 26.21903136008821 5.800000000000001
      vertex 48.3167106990588 26.394408836907633 5.800000000000001
    endloop
  endfacet
  facet normal 0 0 1
    outer loop
      vertex 48.771320343559644 21.778679656440357 5.800000000000001
      vertex 48.771320343559644 26.02132034355964 5.800000000000001
      vertex 48.553179852490935 26.21903136008821 5.800000000000001
    endloop
  endfacet
  facet normal 0 0 1
    outer loop
      vertex 48.06419021047799 21.254236206954932 5.800000000000001
      vertex 48.06419021047799 26.545763793045065 5.800000000000001
      vertex 47.798050297095266 26.671638597533857 5.800000000000001
    endloop
  endfacet
  facet normal 0 0 1
    outer loop
      vertex 48.96903136008821 21.996820147509062 5.800000000000001
      vertex 48.96903136008821 25.803179852490935 5.800000000000001
      vertex 48.771320343559644 26.02132034355964 5.800000000000001
    endloop
  endfacet
  facet normal 0 0 1
    outer loop
      vertex 49.14440883690764 22.23328930094119 5.800000000000001
      vertex 49.14440883690764 25.566710699058806 5.800000000000001
      vertex 48.96903136008821 25.803179852490935 5.800000000000001
    endloop
  endfacet
  facet normal 0 0 1
    outer loop
      vertex 49.42163859753386 22.751949702904728 5.800000000000001
      vertex 49.42163859753386 25.04805029709527 5.800000000000001
      vertex 49.29576379304506 25.314190210477992 5.800000000000001
    endloop
  endfacet
  facet normal 0 0 1
    outer loop
      vertex 49.29576379304506 22.485809789522005 5.800000000000001
      vertex 49.29576379304506 25.314190210477992 5.800000000000001
      vertex 49.14440883690764 25.566710699058806 5.800000000000001
    endloop
  endfacet
  facet normal 0 0 1
    outer loop
      vertex 49.52082100719662 23.029145968236612 5.800000000000001
      vertex 49.52082100719662 24.770854031763385 5.800000000000001
      vertex 49.42163859753386 25.04805029709527 5.800000000000001
    endloop
  endfacet
  facet normal -0.857728610000279 0.5141027441932103 0
    outer loop
      vertex 44.004236206954936 25.314190210477992 1.6
      vertex 44.004236206954936 25.314190210477992 5.800000000000001
      vertex 44.15559116309236 25.566710699058806 5.800000000000001
    endloop
  endfacet
  facet normal -0.8032075314806393 0.5956993044924411 0
    outer loop
      vertex 44.15559116309236 25.566710699058806 1.6
      vertex 44.15559116309236 25.566710699058806 5.800000000000001
      vertex 44.33096863991179 25.803179852490935 5.800000000000001
    endloop
  endfacet
  facet normal -0.7409511253549638 0.6715589548470131 0
    outer loop
      vertex 44.33096863991179 25.803179852490935 1.6
      vertex 44.33096863991179 25.803179852490935 5.800000000000001
      vertex 44.52867965644035 26.02132034355964 5.800000000000001
    endloop
  endfacet
  facet normal -0.6715589548470138 0.7409511253549633 0
    outer loop
      vertex 44.74682014750906 26.21903136008821 1.6
      vertex 44.52867965644035 26.02132034355964 5.800000000000001
      vertex 44.74682014750906 26.21903136008821 5.800000000000001
    endloop
  endfacet
  facet normal -0.5956993044924276 0.8032075314806493 0
    outer loop
      vertex 44.983289300941195 26.394408836907633 1.6
      vertex 44.74682014750906 26.21903136008821 5.800000000000001
      vertex 44.983289300941195 26.394408836907633 5.800000000000001
    endloop
  endfacet
  facet normal -0.5141027441932281 0.8577286100002682 0
    outer loop
      vertex 45.23580978952201 26.545763793045065 1.6
      vertex 44.983289300941195 26.394408836907633 5.800000000000001
      vertex 45.23580978952201 26.545763793045065 5.800000000000001
    endloop
  endfacet
  facet normal -0.4275550934302729 0.9039892931234478 0
    outer loop
      vertex 45.50194970290473 26.671638597533857 1.6
      vertex 45.23580978952201 26.545763793045065 5.800000000000001
      vertex 45.50194970290473 26.671638597533857 5.800000000000001
    endloop
  endfacet
  facet normal -0.33688985339222255 0.9415440651830198 0
    outer loop
      vertex 45.77914596823661 26.770821007196623 1.6
      vertex 45.50194970290473 26.671638597533857 5.800000000000001
      vertex 45.77914596823661 26.770821007196623 5.800000000000001
    endloop
  endfacet
  facet normal -0.24298017990326343 0.9700312531945441 0
    outer loop
      vertex 46.064729033951615 26.842355841209688 1.6
      vertex 45.77914596823661 26.770821007196623 5.800000000000001
      vertex 46.064729033951615 26.842355841209688 5.800000000000001
    endloop
  endfacet
  facet normal -0.146730474455373 0.9891765099647793 0
    outer loop
      vertex 46.35594857901132 26.88555418001659 1.6
      vertex 46.064729033951615 26.842355841209688 5.800000000000001
      vertex 46.35594857901132 26.88555418001659 5.800000000000001
    endloop
  endfacet
  facet normal 0.04906767432741262 0.9987954562051726 0
    outer loop
      vertex 46.94405142098868 26.88555418001659 1.6
      vertex 46.65 26.9 5.800000000000001
      vertex 46.94405142098868 26.88555418001659 5.800000000000001
    endloop
  endfacet
  facet normal -0.04906767432741262 0.9987954562051726 0
    outer loop
      vertex 46.65 26.9 1.6
      vertex 46.35594857901132 26.88555418001659 5.800000000000001
      vertex 46.65 26.9 5.800000000000001
    endloop
  endfacet
  facet normal 0.146730474455373 0.9891765099647793 0
    outer loop
      vertex 47.23527096604838 26.842355841209688 1.6
      vertex 46.94405142098868 26.88555418001659 5.800000000000001
      vertex 47.23527096604838 26.842355841209688 5.800000000000001
    endloop
  endfacet
  facet normal 0.24298017990326343 0.9700312531945441 0
    outer loop
      vertex 47.520854031763385 26.770821007196623 1.6
      vertex 47.23527096604838 26.842355841209688 5.800000000000001
      vertex 47.520854031763385 26.770821007196623 5.800000000000001
    endloop
  endfacet
  facet normal 0.33688985339222255 0.9415440651830198 0
    outer loop
      vertex 47.798050297095266 26.671638597533857 1.6
      vertex 47.520854031763385 26.770821007196623 5.800000000000001
      vertex 47.798050297095266 26.671638597533857 5.800000000000001
    endloop
  endfacet
  facet normal 0.6715589548470138 0.7409511253549633 0
    outer loop
      vertex 48.771320343559644 26.02132034355964 1.6
      vertex 48.553179852490935 26.21903136008821 5.800000000000001
      vertex 48.771320343559644 26.02132034355964 5.800000000000001
    endloop
  endfacet
  facet normal 0.5956993044924276 0.8032075314806493 0
    outer loop
      vertex 48.553179852490935 26.21903136008821 1.6
      vertex 48.3167106990588 26.394408836907633 5.800000000000001
      vertex 48.553179852490935 26.21903136008821 5.800000000000001
    endloop
  endfacet
  facet normal 0.857728610000279 0.5141027441932103 0
    outer loop
      vertex 49.14440883690764 25.566710699058806 1.6
      vertex 49.14440883690764 25.566710699058806 5.800000000000001
      vertex 49.29576379304506 25.314190210477992 5.800000000000001
    endloop
  endfacet
  facet normal 0.8032075314806393 0.5956993044924411 0
    outer loop
      vertex 48.96903136008821 25.803179852490935 1.6
      vertex 48.96903136008821 25.803179852490935 5.800000000000001
      vertex 49.14440883690764 25.566710699058806 5.800000000000001
    endloop
  endfacet
  facet normal 0.7409511253549638 0.6715589548470131 0
    outer loop
      vertex 48.771320343559644 26.02132034355964 1.6
      vertex 48.771320343559644 26.02132034355964 5.800000000000001
      vertex 48.96903136008821 25.803179852490935 5.800000000000001
    endloop
  endfacet
  facet normal 0.4275550934302729 0.9039892931234478 0
    outer loop
      vertex 48.06419021047799 26.545763793045065 1.6
      vertex 47.798050297095266 26.671638597533857 5.800000000000001
      vertex 48.06419021047799 26.545763793045065 5.800000000000001
    endloop
  endfacet
  facet normal 0.5141027441932281 0.8577286100002682 0
    outer loop
      vertex 48.3167106990588 26.394408836907633 1.6
      vertex 48.06419021047799 26.545763793045065 5.800000000000001
      vertex 48.3167106990588 26.394408836907633 5.800000000000001
    endloop
  endfacet
  facet normal 0 0 1
    outer loop
      vertex 45.61066298462182 24.594462791274502 5.800000000000001
      vertex 45.68373693329658 24.692991605204554 5.800000000000001
      vertex 45.50194970290473 26.671638597533857 5.800000000000001
    endloop
  endfacet
  facet normal 0 0 1
    outer loop
      vertex 45.68373693329658 24.692991605204554 5.800000000000001
      vertex 45.766116523516814 24.783883476483183 5.800000000000001
      vertex 45.50194970290473 26.671638597533857 5.800000000000001
    endloop
  endfacet
  facet normal 0 0 1
    outer loop
      vertex 45.766116523516814 24.783883476483183 5.800000000000001
      vertex 45.85700839479544 24.86626306670342 5.800000000000001
      vertex 45.50194970290473 26.671638597533857 5.800000000000001
    endloop
  endfacet
  facet normal 0 0 1
    outer loop
      vertex 45.85700839479544 24.86626306670342 5.800000000000001
      vertex 45.955537208725495 24.93933701537818 5.800000000000001
      vertex 45.77914596823661 26.770821007196623 5.800000000000001
    endloop
  endfacet
  facet normal 0 0 1
    outer loop
      vertex 45.955537208725495 24.93933701537818 5.800000000000001
      vertex 46.0607540789675 25.002401580435443 5.800000000000001
      vertex 45.77914596823661 26.770821007196623 5.800000000000001
    endloop
  endfacet
  facet normal 0 0 1
    outer loop
      vertex 46.0607540789675 25.002401580435443 5.800000000000001
      vertex 46.17164570954364 25.054849415639108 5.800000000000001
      vertex 45.77914596823661 26.770821007196623 5.800000000000001
    endloop
  endfacet
  facet normal 0 0 1
    outer loop
      vertex 45.54759841956456 24.489245921032495 5.800000000000001
      vertex 45.50194970290473 26.671638597533857 5.800000000000001
      vertex 45.23580978952201 26.545763793045065 5.800000000000001
    endloop
  endfacet
  facet normal 0 0 1
    outer loop
      vertex 45.85700839479544 24.86626306670342 5.800000000000001
      vertex 45.77914596823661 26.770821007196623 5.800000000000001
      vertex 45.50194970290473 26.671638597533857 5.800000000000001
    endloop
  endfacet
  facet normal 0 0 1
    outer loop
      vertex 46.17164570954364 25.054849415639108 5.800000000000001
      vertex 46.064729033951615 26.842355841209688 5.800000000000001
      vertex 45.77914596823661 26.770821007196623 5.800000000000001
    endloop
  endfacet
  facet normal 0 0 1
    outer loop
      vertex 46.17164570954364 25.054849415639108 5.800000000000001
      vertex 46.28714415343192 25.096175419665258 5.800000000000001
      vertex 46.064729033951615 26.842355841209688 5.800000000000001
    endloop
  endfacet
  facet normal 0 0 1
    outer loop
      vertex 46.28714415343192 25.096175419665258 5.800000000000001
      vertex 46.406137097479835 25.125981600504037 5.800000000000001
      vertex 46.064729033951615 26.842355841209688 5.800000000000001
    endloop
  endfacet
  facet normal 0 0 1
    outer loop
      vertex 46.406137097479835 25.125981600504037 5.800000000000001
      vertex 46.527478574588045 25.143980908340247 5.800000000000001
      vertex 46.35594857901132 26.88555418001659 5.800000000000001
    endloop
  endfacet
  facet normal 0 0 1
    outer loop
      vertex 46.527478574588045 25.143980908340247 5.800000000000001
      vertex 46.65 25.15 5.800000000000001
      vertex 46.65 26.9 5.800000000000001
    endloop
  endfacet
  facet normal 0 0 1
    outer loop
      vertex 46.65 25.15 5.800000000000001
      vertex 46.77252142541195 25.143980908340247 5.800000000000001
      vertex 46.65 26.9 5.800000000000001
    endloop
  endfacet
  facet normal 0 0 1
    outer loop
      vertex 46.89386290252016 25.125981600504037 5.800000000000001
      vertex 47.01285584656808 25.096175419665258 5.800000000000001
      vertex 46.94405142098868 26.88555418001659 5.800000000000001
    endloop
  endfacet
  facet normal 0 0 1
    outer loop
      vertex 46.77252142541195 25.143980908340247 5.800000000000001
      vertex 46.89386290252016 25.125981600504037 5.800000000000001
      vertex 46.94405142098868 26.88555418001659 5.800000000000001
    endloop
  endfacet
  facet normal 0 0 1
    outer loop
      vertex 46.406137097479835 25.125981600504037 5.800000000000001
      vertex 46.35594857901132 26.88555418001659 5.800000000000001
      vertex 46.064729033951615 26.842355841209688 5.800000000000001
    endloop
  endfacet
  facet normal 0 0 1
    outer loop
      vertex 46.527478574588045 25.143980908340247 5.800000000000001
      vertex 46.65 26.9 5.800000000000001
      vertex 46.35594857901132 26.88555418001659 5.800000000000001
    endloop
  endfacet
  facet normal 0 0 1
    outer loop
      vertex 46.77252142541195 25.143980908340247 5.800000000000001
      vertex 46.94405142098868 26.88555418001659 5.800000000000001
      vertex 46.65 26.9 5.800000000000001
    endloop
  endfacet
  facet normal 0 0 1
    outer loop
      vertex 47.3444627912745 24.93933701537818 5.800000000000001
      vertex 47.442991605204554 24.86626306670342 5.800000000000001
      vertex 47.520854031763385 26.770821007196623 5.800000000000001
    endloop
  endfacet
  facet normal 0 0 1
    outer loop
      vertex 47.01285584656808 25.096175419665258 5.800000000000001
      vertex 47.12835429045636 25.054849415639108 5.800000000000001
      vertex 46.94405142098868 26.88555418001659 5.800000000000001
    endloop
  endfacet
  facet normal 0 0 1
    outer loop
      vertex 47.2392459210325 25.002401580435443 5.800000000000001
      vertex 47.23527096604838 26.842355841209688 5.800000000000001
      vertex 47.12835429045636 25.054849415639108 5.800000000000001
    endloop
  endfacet
  facet normal 0 0 1
    outer loop
      vertex 47.2392459210325 25.002401580435443 5.800000000000001
      vertex 47.3444627912745 24.93933701537818 5.800000000000001
      vertex 47.23527096604838 26.842355841209688 5.800000000000001
    endloop
  endfacet
  facet normal 0 0 1
    outer loop
      vertex 47.61626306670342 24.692991605204554 5.800000000000001
      vertex 47.68933701537818 24.594462791274502 5.800000000000001
      vertex 47.520854031763385 26.770821007196623 5.800000000000001
    endloop
  endfacet
  facet normal 0 0 1
    outer loop
      vertex 47.53388347648318 24.783883476483183 5.800000000000001
      vertex 47.61626306670342 24.692991605204554 5.800000000000001
      vertex 47.520854031763385 26.770821007196623 5.800000000000001
    endloop
  endfacet
  facet normal 0 0 1
    outer loop
      vertex 47.53388347648318 24.783883476483183 5.800000000000001
      vertex 47.520854031763385 26.770821007196623 5.800000000000001
      vertex 47.442991605204554 24.86626306670342 5.800000000000001
    endloop
  endfacet
  facet normal 0 0 1
    outer loop
      vertex 47.12835429045636 25.054849415639108 5.800000000000001
      vertex 47.23527096604838 26.842355841209688 5.800000000000001
      vertex 46.94405142098868 26.88555418001659 5.800000000000001
    endloop
  endfacet
  facet normal 0 0 1
    outer loop
      vertex 47.3444627912745 24.93933701537818 5.800000000000001
      vertex 47.520854031763385 26.770821007196623 5.800000000000001
      vertex 47.23527096604838 26.842355841209688 5.800000000000001
    endloop
  endfacet
  facet normal 0 0 1
    outer loop
      vertex 47.68933701537818 24.594462791274502 5.800000000000001
      vertex 47.798050297095266 26.671638597533857 5.800000000000001
      vertex 47.520854031763385 26.770821007196623 5.800000000000001
    endloop
  endfacet
  facet normal -0.8032075314806393 -0.5956993044924411 1.420591570066263e-18
    outer loop
      vertex 44.33096863991179 -25.803179852490935 1.6
      vertex 44.15559116309236 -25.566710699058806 5.800000000000001
      vertex 44.15559116309236 -25.566710699058806 1.6
    endloop
  endfacet
  facet normal -0.857728610000279 -0.5141027441932103 0
    outer loop
      vertex 44.004236206954936 -25.314190210477992 1.6
      vertex 44.15559116309236 -25.566710699058806 1.6
      vertex 44.004236206954936 -25.314190210477992 5.800000000000001
    endloop
  endfacet
  facet normal -0.5141027441932281 -0.8577286100002682 1.8543950195474833e-18
    outer loop
      vertex 44.983289300941195 -26.394408836907633 1.6
      vertex 45.23580978952201 -26.545763793045065 1.6
      vertex 45.23580978952201 -26.545763793045065 5.800000000000001
    endloop
  endfacet
  facet normal -0.4275550934302729 -0.9039892931234478 0
    outer loop
      vertex 45.50194970290473 -26.671638597533857 1.6
      vertex 45.50194970290473 -26.671638597533857 5.800000000000001
      vertex 45.23580978952201 -26.545763793045065 1.6
    endloop
  endfacet
  facet normal -0.33688985339222255 -0.9415440651830198 -1.0483711421911137e-18
    outer loop
      vertex 45.50194970290473 -26.671638597533857 1.6
      vertex 45.77914596823661 -26.770821007196623 1.6
      vertex 45.77914596823661 -26.770821007196623 5.800000000000001
    endloop
  endfacet
  facet normal -0.24298017990326343 -0.9700312531945441 7.02966758770348e-20
    outer loop
      vertex 45.77914596823661 -26.770821007196623 1.6
      vertex 46.064729033951615 -26.842355841209688 1.6
      vertex 46.064729033951615 -26.842355841209688 5.800000000000001
    endloop
  endfacet
  facet normal -0.6715589548470138 -0.7409511253549633 0
    outer loop
      vertex 44.74682014750906 -26.21903136008821 1.6
      vertex 44.74682014750906 -26.21903136008821 5.800000000000001
      vertex 44.52867965644035 -26.02132034355964 1.6
    endloop
  endfacet
  facet normal -0.7409511253549638 -0.6715589548470131 0
    outer loop
      vertex 44.33096863991179 -25.803179852490935 1.6
      vertex 44.52867965644035 -26.02132034355964 1.6
      vertex 44.33096863991179 -25.803179852490935 5.800000000000001
    endloop
  endfacet
  facet normal -0.5956993044924276 -0.8032075314806493 0
    outer loop
      vertex 44.983289300941195 -26.394408836907633 1.6
      vertex 44.983289300941195 -26.394408836907633 5.800000000000001
      vertex 44.74682014750906 -26.21903136008821 1.6
    endloop
  endfacet
  facet normal -0.04906767432741262 -0.9987954562051726 0
    outer loop
      vertex 46.65 -26.9 1.6
      vertex 46.65 -26.9 5.800000000000001
      vertex 46.35594857901132 -26.88555418001659 1.6
    endloop
  endfacet
  facet normal -0.146730474455373 -0.9891765099647793 3.3059769799669276e-19
    outer loop
      vertex 46.064729033951615 -26.842355841209688 1.6
      vertex 46.35594857901132 -26.88555418001659 1.6
      vertex 46.35594857901132 -26.88555418001659 5.800000000000001
    endloop
  endfacet
  facet normal 0.04906767432741262 -0.9987954562051726 -5.722108345509578e-20
    outer loop
      vertex 46.65 -26.9 1.6
      vertex 46.94405142098868 -26.88555418001659 1.6
      vertex 46.94405142098868 -26.88555418001659 5.800000000000001
    endloop
  endfacet
  facet normal 0.146730474455373 -0.9891765099647793 -3.3059769799669276e-19
    outer loop
      vertex 46.94405142098868 -26.88555418001659 1.6
      vertex 47.23527096604838 -26.842355841209688 1.6
      vertex 47.23527096604838 -26.842355841209688 5.800000000000001
    endloop
  endfacet
  facet normal 0.24298017990326343 -0.9700312531945441 -7.02966758770348e-20
    outer loop
      vertex 47.23527096604838 -26.842355841209688 1.6
      vertex 47.520854031763385 -26.770821007196623 1.6
      vertex 47.520854031763385 -26.770821007196623 5.800000000000001
    endloop
  endfacet
  facet normal 0.33688985339222255 -0.9415440651830198 1.0483711421911137e-18
    outer loop
      vertex 47.520854031763385 -26.770821007196623 1.6
      vertex 47.798050297095266 -26.671638597533857 1.6
      vertex 47.798050297095266 -26.671638597533857 5.800000000000001
    endloop
  endfacet
  facet normal 0.4275550934302729 -0.9039892931234478 -4.567006212129077e-19
    outer loop
      vertex 47.798050297095266 -26.671638597533857 1.6
      vertex 48.06419021047799 -26.545763793045065 1.6
      vertex 48.06419021047799 -26.545763793045065 5.800000000000001
    endloop
  endfacet
  facet normal 0.5141027441932281 -0.8577286100002682 -1.8543950195474833e-18
    outer loop
      vertex 48.06419021047799 -26.545763793045065 1.6
      vertex 48.3167106990588 -26.394408836907633 1.6
      vertex 48.3167106990588 -26.394408836907633 5.800000000000001
    endloop
  endfacet
  facet normal 0.5956993044924276 -0.8032075314806493 2.6257876777210815e-18
    outer loop
      vertex 48.3167106990588 -26.394408836907633 1.6
      vertex 48.553179852490935 -26.21903136008821 1.6
      vertex 48.553179852490935 -26.21903136008821 5.800000000000001
    endloop
  endfacet
  facet normal 0.6715589548470138 -0.7409511253549633 -1.2781824375434236e-18
    outer loop
      vertex 48.553179852490935 -26.21903136008821 1.6
      vertex 48.771320343559644 -26.02132034355964 1.6
      vertex 48.771320343559644 -26.02132034355964 5.800000000000001
    endloop
  endfacet
  facet normal 0.7409511253549638 -0.6715589548470131 0
    outer loop
      vertex 48.771320343559644 -26.02132034355964 1.6
      vertex 48.96903136008821 -25.803179852490935 1.6
      vertex 48.771320343559644 -26.02132034355964 5.800000000000001
    endloop
  endfacet
  facet normal 0.8032075314806393 -0.5956993044924411 0
    outer loop
      vertex 48.96903136008821 -25.803179852490935 1.6
      vertex 49.14440883690764 -25.566710699058806 1.6
      vertex 48.96903136008821 -25.803179852490935 5.800000000000001
    endloop
  endfacet
  facet normal 0.857728610000279 -0.5141027441932103 0
    outer loop
      vertex 49.14440883690764 -25.566710699058806 1.6
      vertex 49.29576379304506 -25.314190210477992 1.6
      vertex 49.14440883690764 -25.566710699058806 5.800000000000001
    endloop
  endfacet
  facet normal -0.9415440651830213 -0.3368898533922187 1.7838096296523365e-19
    outer loop
      vertex 43.87836140246614 -25.04805029709527 1.6
      vertex 43.779178992803374 -24.770854031763385 5.800000000000001
      vertex 43.779178992803374 -24.770854031763385 1.6
    endloop
  endfacet
  facet normal -0.903989293123443 -0.42755509343028275 -1.0227428397527143e-18
    outer loop
      vertex 44.004236206954936 -25.314190210477992 1.6
      vertex 43.87836140246614 -25.04805029709527 5.800000000000001
      vertex 43.87836140246614 -25.04805029709527 1.6
    endloop
  endfacet
  facet normal -0.9700312531945441 -0.24298017990326343 7.02966758770348e-20
    outer loop
      vertex 43.779178992803374 -24.770854031763385 1.6
      vertex 43.70764415879031 -24.485270966048382 5.800000000000001
      vertex 43.70764415879031 -24.485270966048382 1.6
    endloop
  endfacet
  facet normal -0.9891765099647791 -0.14673047445537474 -4.126745807646478e-19
    outer loop
      vertex 43.70764415879031 -24.485270966048382 1.6
      vertex 43.664445819983406 -24.194051420988682 5.800000000000001
      vertex 43.664445819983406 -24.194051420988682 1.6
    endloop
  endfacet
  facet normal -0.9987954562051726 -0.049067674327412034 -6.208265436542447e-20
    outer loop
      vertex 43.664445819983406 -24.194051420988682 1.6
      vertex 43.65 -23.9 5.800000000000001
      vertex 43.65 -23.9 1.6
    endloop
  endfacet
  facet normal -0.9987954562051726 0.049067674327412034 6.208265436542447e-20
    outer loop
      vertex 43.65 -23.9 1.6
      vertex 43.664445819983406 -23.605948579011315 5.800000000000001
      vertex 43.664445819983406 -23.605948579011315 1.6
    endloop
  endfacet
  facet normal -0.9891765099647791 0.14673047445537474 4.126745807646478e-19
    outer loop
      vertex 43.664445819983406 -23.605948579011315 1.6
      vertex 43.70764415879031 -23.314729033951615 5.800000000000001
      vertex 43.70764415879031 -23.314729033951615 1.6
    endloop
  endfacet
  facet normal -0.9700312531945441 0.24298017990326343 -7.02966758770348e-20
    outer loop
      vertex 43.70764415879031 -23.314729033951615 1.6
      vertex 43.779178992803374 -23.029145968236612 5.800000000000001
      vertex 43.779178992803374 -23.029145968236612 1.6
    endloop
  endfacet
  facet normal -0.9415440651830213 0.3368898533922187 -1.7838096296523365e-19
    outer loop
      vertex 43.779178992803374 -23.029145968236612 1.6
      vertex 43.87836140246614 -22.751949702904728 5.800000000000001
      vertex 43.87836140246614 -22.751949702904728 1.6
    endloop
  endfacet
  facet normal -0.903989293123443 0.42755509343028275 1.0227428397527143e-18
    outer loop
      vertex 43.87836140246614 -22.751949702904728 1.6
      vertex 44.004236206954936 -22.485809789522005 5.800000000000001
      vertex 44.004236206954936 -22.485809789522005 1.6
    endloop
  endfacet
  facet normal -0.857728610000279 0.5141027441932103 4.970166373910749e-19
    outer loop
      vertex 44.004236206954936 -22.485809789522005 1.6
      vertex 44.15559116309236 -22.23328930094119 5.800000000000001
      vertex 44.15559116309236 -22.23328930094119 1.6
    endloop
  endfacet
  facet normal -0.8032075314806393 0.5956993044924411 -1.420591570066263e-18
    outer loop
      vertex 44.15559116309236 -22.23328930094119 1.6
      vertex 44.33096863991179 -21.996820147509062 5.800000000000001
      vertex 44.33096863991179 -21.996820147509062 1.6
    endloop
  endfacet
  facet normal -0.7409511253549638 0.6715589548470131 -8.066421233085063e-19
    outer loop
      vertex 44.33096863991179 -21.996820147509062 1.6
      vertex 44.52867965644035 -21.778679656440357 5.800000000000001
      vertex 44.52867965644035 -21.778679656440357 1.6
    endloop
  endfacet
  facet normal -0.6715589548470138 0.7409511253549633 0
    outer loop
      vertex 44.52867965644035 -21.778679656440357 1.6
      vertex 44.52867965644035 -21.778679656440357 5.800000000000001
      vertex 44.74682014750906 -21.580968639911788 1.6
    endloop
  endfacet
  facet normal -0.5956993044924276 0.8032075314806493 0
    outer loop
      vertex 44.74682014750906 -21.580968639911788 1.6
      vertex 44.74682014750906 -21.580968639911788 5.800000000000001
      vertex 44.983289300941195 -21.405591163092364 1.6
    endloop
  endfacet
  facet normal -0.5141027441932281 0.8577286100002682 0
    outer loop
      vertex 44.983289300941195 -21.405591163092364 1.6
      vertex 44.983289300941195 -21.405591163092364 5.800000000000001
      vertex 45.23580978952201 -21.254236206954932 1.6
    endloop
  endfacet
  facet normal -0.4275550934302729 0.9039892931234478 0
    outer loop
      vertex 45.23580978952201 -21.254236206954932 1.6
      vertex 45.23580978952201 -21.254236206954932 5.800000000000001
      vertex 45.50194970290473 -21.12836140246614 1.6
    endloop
  endfacet
  facet normal -0.33688985339222255 0.9415440651830198 0
    outer loop
      vertex 45.50194970290473 -21.12836140246614 1.6
      vertex 45.50194970290473 -21.12836140246614 5.800000000000001
      vertex 45.77914596823661 -21.029178992803374 1.6
    endloop
  endfacet
  facet normal 0.903989293123443 -0.42755509343028275 0
    outer loop
      vertex 49.29576379304506 -25.314190210477992 1.6
      vertex 49.42163859753386 -25.04805029709527 1.6
      vertex 49.29576379304506 -25.314190210477992 5.800000000000001
    endloop
  endfacet
  facet normal 0.9415440651830213 -0.3368898533922187 0
    outer loop
      vertex 49.42163859753386 -25.04805029709527 1.6
      vertex 49.52082100719662 -24.770854031763385 1.6
      vertex 49.42163859753386 -25.04805029709527 5.800000000000001
    endloop
  endfacet
  facet normal 0.9700312531945441 -0.24298017990326343 0
    outer loop
      vertex 49.52082100719662 -24.770854031763385 1.6
      vertex 49.59235584120969 -24.485270966048382 1.6
      vertex 49.52082100719662 -24.770854031763385 5.800000000000001
    endloop
  endfacet
  facet normal 0.9891765099647791 -0.14673047445537474 0
    outer loop
      vertex 49.59235584120969 -24.485270966048382 1.6
      vertex 49.63555418001659 -24.194051420988682 1.6
      vertex 49.59235584120969 -24.485270966048382 5.800000000000001
    endloop
  endfacet
  facet normal 0.9987954562051726 -0.049067674327412034 0
    outer loop
      vertex 49.63555418001659 -24.194051420988682 1.6
      vertex 49.65 -23.9 1.6
      vertex 49.63555418001659 -24.194051420988682 5.800000000000001
    endloop
  endfacet
  facet normal 0.9987954562051726 0.049067674327412034 0
    outer loop
      vertex 49.65 -23.9 1.6
      vertex 49.63555418001659 -23.605948579011315 1.6
      vertex 49.65 -23.9 5.800000000000001
    endloop
  endfacet
  facet normal 0.9891765099647791 0.14673047445537474 0
    outer loop
      vertex 49.63555418001659 -23.605948579011315 1.6
      vertex 49.59235584120969 -23.314729033951615 1.6
      vertex 49.63555418001659 -23.605948579011315 5.800000000000001
    endloop
  endfacet
  facet normal 0.9700312531945441 0.24298017990326343 0
    outer loop
      vertex 49.59235584120969 -23.314729033951615 1.6
      vertex 49.52082100719662 -23.029145968236612 1.6
      vertex 49.59235584120969 -23.314729033951615 5.800000000000001
    endloop
  endfacet
  facet normal 0.9415440651830213 0.3368898533922187 0
    outer loop
      vertex 49.52082100719662 -23.029145968236612 1.6
      vertex 49.42163859753386 -22.751949702904728 1.6
      vertex 49.52082100719662 -23.029145968236612 5.800000000000001
    endloop
  endfacet
  facet normal 0.8032075314806393 0.5956993044924411 0
    outer loop
      vertex 49.14440883690764 -22.23328930094119 1.6
      vertex 48.96903136008821 -21.996820147509062 1.6
      vertex 49.14440883690764 -22.23328930094119 5.800000000000001
    endloop
  endfacet
  facet normal 0.903989293123443 0.42755509343028275 0
    outer loop
      vertex 49.42163859753386 -22.751949702904728 1.6
      vertex 49.29576379304506 -22.485809789522005 1.6
      vertex 49.42163859753386 -22.751949702904728 5.800000000000001
    endloop
  endfacet
  facet normal 0.857728610000279 0.5141027441932103 -4.970166373910749e-19
    outer loop
      vertex 49.14440883690764 -22.23328930094119 1.6
      vertex 49.29576379304506 -22.485809789522005 5.800000000000001
      vertex 49.29576379304506 -22.485809789522005 1.6
    endloop
  endfacet
  facet normal 0.6715589548470138 0.7409511253549633 0
    outer loop
      vertex 48.553179852490935 -21.580968639911788 1.6
      vertex 48.553179852490935 -21.580968639911788 5.800000000000001
      vertex 48.771320343559644 -21.778679656440357 1.6
    endloop
  endfacet
  facet normal 0.4275550934302729 0.9039892931234478 0
    outer loop
      vertex 47.798050297095266 -21.12836140246614 1.6
      vertex 47.798050297095266 -21.12836140246614 5.800000000000001
      vertex 48.06419021047799 -21.254236206954932 1.6
    endloop
  endfacet
  facet normal 0.5141027441932281 0.8577286100002682 1.8543950195474833e-18
    outer loop
      vertex 48.3167106990588 -21.405591163092364 1.6
      vertex 48.06419021047799 -21.254236206954932 1.6
      vertex 48.06419021047799 -21.254236206954932 5.800000000000001
    endloop
  endfacet
  facet normal 0.5956993044924276 0.8032075314806493 0
    outer loop
      vertex 48.3167106990588 -21.405591163092364 1.6
      vertex 48.3167106990588 -21.405591163092364 5.800000000000001
      vertex 48.553179852490935 -21.580968639911788 1.6
    endloop
  endfacet
  facet normal 0.7409511253549638 0.6715589548470131 0
    outer loop
      vertex 48.96903136008821 -21.996820147509062 1.6
      vertex 48.771320343559644 -21.778679656440357 1.6
      vertex 48.96903136008821 -21.996820147509062 5.800000000000001
    endloop
  endfacet
  facet normal -0.24298017990326343 0.9700312531945441 0
    outer loop
      vertex 45.77914596823661 -21.029178992803374 1.6
      vertex 45.77914596823661 -21.029178992803374 5.800000000000001
      vertex 46.064729033951615 -20.95764415879031 1.6
    endloop
  endfacet
  facet normal -0.146730474455373 0.9891765099647793 0
    outer loop
      vertex 46.064729033951615 -20.95764415879031 1.6
      vertex 46.064729033951615 -20.95764415879031 5.800000000000001
      vertex 46.35594857901132 -20.914445819983406 1.6
    endloop
  endfacet
  facet normal -0.04906767432741262 0.9987954562051726 0
    outer loop
      vertex 46.35594857901132 -20.914445819983406 1.6
      vertex 46.35594857901132 -20.914445819983406 5.800000000000001
      vertex 46.65 -20.9 1.6
    endloop
  endfacet
  facet normal 0.04906767432741262 0.9987954562051726 0
    outer loop
      vertex 46.65 -20.9 1.6
      vertex 46.65 -20.9 5.800000000000001
      vertex 46.94405142098868 -20.914445819983406 1.6
    endloop
  endfacet
  facet normal 0.146730474455373 0.9891765099647793 0
    outer loop
      vertex 46.94405142098868 -20.914445819983406 1.6
      vertex 46.94405142098868 -20.914445819983406 5.800000000000001
      vertex 47.23527096604838 -20.95764415879031 1.6
    endloop
  endfacet
  facet normal 0.24298017990326343 0.9700312531945441 0
    outer loop
      vertex 47.23527096604838 -20.95764415879031 1.6
      vertex 47.23527096604838 -20.95764415879031 5.800000000000001
      vertex 47.520854031763385 -21.029178992803374 1.6
    endloop
  endfacet
  facet normal 0.33688985339222255 0.9415440651830198 -1.0483711421911137e-18
    outer loop
      vertex 47.798050297095266 -21.12836140246614 1.6
      vertex 47.520854031763385 -21.029178992803374 1.6
      vertex 47.520854031763385 -21.029178992803374 5.800000000000001
    endloop
  endfacet
  facet normal -0.8032075314806393 -0.5956993044924411 0
    outer loop
      vertex 44.33096863991179 -25.803179852490935 1.6
      vertex 44.33096863991179 -25.803179852490935 5.800000000000001
      vertex 44.15559116309236 -25.566710699058806 5.800000000000001
    endloop
  endfacet
  facet normal -0.857728610000279 -0.5141027441932103 0
    outer loop
      vertex 44.15559116309236 -25.566710699058806 1.6
      vertex 44.15559116309236 -25.566710699058806 5.800000000000001
      vertex 44.004236206954936 -25.314190210477992 5.800000000000001
    endloop
  endfacet
  facet normal -0.5141027441932281 -0.8577286100002682 0
    outer loop
      vertex 44.983289300941195 -26.394408836907633 1.6
      vertex 45.23580978952201 -26.545763793045065 5.800000000000001
      vertex 44.983289300941195 -26.394408836907633 5.800000000000001
    endloop
  endfacet
  facet normal -0.33688985339222255 -0.9415440651830198 0
    outer loop
      vertex 45.50194970290473 -26.671638597533857 1.6
      vertex 45.77914596823661 -26.770821007196623 5.800000000000001
      vertex 45.50194970290473 -26.671638597533857 5.800000000000001
    endloop
  endfacet
  facet normal -0.4275550934302729 -0.9039892931234478 0
    outer loop
      vertex 45.23580978952201 -26.545763793045065 1.6
      vertex 45.50194970290473 -26.671638597533857 5.800000000000001
      vertex 45.23580978952201 -26.545763793045065 5.800000000000001
    endloop
  endfacet
  facet normal -0.24298017990326343 -0.9700312531945441 0
    outer loop
      vertex 45.77914596823661 -26.770821007196623 1.6
      vertex 46.064729033951615 -26.842355841209688 5.800000000000001
      vertex 45.77914596823661 -26.770821007196623 5.800000000000001
    endloop
  endfacet
  facet normal -0.7409511253549638 -0.6715589548470131 0
    outer loop
      vertex 44.52867965644035 -26.02132034355964 1.6
      vertex 44.52867965644035 -26.02132034355964 5.800000000000001
      vertex 44.33096863991179 -25.803179852490935 5.800000000000001
    endloop
  endfacet
  facet normal -0.6715589548470138 -0.7409511253549633 0
    outer loop
      vertex 44.52867965644035 -26.02132034355964 1.6
      vertex 44.74682014750906 -26.21903136008821 5.800000000000001
      vertex 44.52867965644035 -26.02132034355964 5.800000000000001
    endloop
  endfacet
  facet normal -0.5956993044924276 -0.8032075314806493 0
    outer loop
      vertex 44.74682014750906 -26.21903136008821 1.6
      vertex 44.983289300941195 -26.394408836907633 5.800000000000001
      vertex 44.74682014750906 -26.21903136008821 5.800000000000001
    endloop
  endfacet
  facet normal 0.04906767432741262 -0.9987954562051726 0
    outer loop
      vertex 46.65 -26.9 1.6
      vertex 46.94405142098868 -26.88555418001659 5.800000000000001
      vertex 46.65 -26.9 5.800000000000001
    endloop
  endfacet
  facet normal -0.146730474455373 -0.9891765099647793 0
    outer loop
      vertex 46.064729033951615 -26.842355841209688 1.6
      vertex 46.35594857901132 -26.88555418001659 5.800000000000001
      vertex 46.064729033951615 -26.842355841209688 5.800000000000001
    endloop
  endfacet
  facet normal -0.04906767432741262 -0.9987954562051726 0
    outer loop
      vertex 46.35594857901132 -26.88555418001659 1.6
      vertex 46.65 -26.9 5.800000000000001
      vertex 46.35594857901132 -26.88555418001659 5.800000000000001
    endloop
  endfacet
  facet normal 0.146730474455373 -0.9891765099647793 0
    outer loop
      vertex 46.94405142098868 -26.88555418001659 1.6
      vertex 47.23527096604838 -26.842355841209688 5.800000000000001
      vertex 46.94405142098868 -26.88555418001659 5.800000000000001
    endloop
  endfacet
  facet normal 0.24298017990326343 -0.9700312531945441 0
    outer loop
      vertex 47.23527096604838 -26.842355841209688 1.6
      vertex 47.520854031763385 -26.770821007196623 5.800000000000001
      vertex 47.23527096604838 -26.842355841209688 5.800000000000001
    endloop
  endfacet
  facet normal 0.33688985339222255 -0.9415440651830198 0
    outer loop
      vertex 47.520854031763385 -26.770821007196623 1.6
      vertex 47.798050297095266 -26.671638597533857 5.800000000000001
      vertex 47.520854031763385 -26.770821007196623 5.800000000000001
    endloop
  endfacet
  facet normal 0.4275550934302729 -0.9039892931234478 0
    outer loop
      vertex 47.798050297095266 -26.671638597533857 1.6
      vertex 48.06419021047799 -26.545763793045065 5.800000000000001
      vertex 47.798050297095266 -26.671638597533857 5.800000000000001
    endloop
  endfacet
  facet normal 0.5141027441932281 -0.8577286100002682 0
    outer loop
      vertex 48.06419021047799 -26.545763793045065 1.6
      vertex 48.3167106990588 -26.394408836907633 5.800000000000001
      vertex 48.06419021047799 -26.545763793045065 5.800000000000001
    endloop
  endfacet
  facet normal 0.5956993044924276 -0.8032075314806493 0
    outer loop
      vertex 48.3167106990588 -26.394408836907633 1.6
      vertex 48.553179852490935 -26.21903136008821 5.800000000000001
      vertex 48.3167106990588 -26.394408836907633 5.800000000000001
    endloop
  endfacet
  facet normal 0.6715589548470138 -0.7409511253549633 0
    outer loop
      vertex 48.553179852490935 -26.21903136008821 1.6
      vertex 48.771320343559644 -26.02132034355964 5.800000000000001
      vertex 48.553179852490935 -26.21903136008821 5.800000000000001
    endloop
  endfacet
  facet normal 0.7409511253549638 -0.6715589548470131 0
    outer loop
      vertex 48.96903136008821 -25.803179852490935 1.6
      vertex 48.96903136008821 -25.803179852490935 5.800000000000001
      vertex 48.771320343559644 -26.02132034355964 5.800000000000001
    endloop
  endfacet
  facet normal 0.8032075314806393 -0.5956993044924411 0
    outer loop
      vertex 49.14440883690764 -25.566710699058806 1.6
      vertex 49.14440883690764 -25.566710699058806 5.800000000000001
      vertex 48.96903136008821 -25.803179852490935 5.800000000000001
    endloop
  endfacet
  facet normal 0.857728610000279 -0.5141027441932103 0
    outer loop
      vertex 49.29576379304506 -25.314190210477992 1.6
      vertex 49.29576379304506 -25.314190210477992 5.800000000000001
      vertex 49.14440883690764 -25.566710699058806 5.800000000000001
    endloop
  endfacet
  facet normal 0 0 1
    outer loop
      vertex 45.50194970290473 -26.671638597533857 5.800000000000001
      vertex 45.77914596823661 -26.770821007196623 5.800000000000001
      vertex 45.61066298462182 -24.594462791274502 5.800000000000001
    endloop
  endfacet
  facet normal 0 0 1
    outer loop
      vertex 45.77914596823661 -26.770821007196623 5.800000000000001
      vertex 46.064729033951615 -26.842355841209688 5.800000000000001
      vertex 45.955537208725495 -24.93933701537818 5.800000000000001
    endloop
  endfacet
  facet normal 0 0 1
    outer loop
      vertex 46.064729033951615 -26.842355841209688 5.800000000000001
      vertex 46.0607540789675 -25.002401580435443 5.800000000000001
      vertex 45.955537208725495 -24.93933701537818 5.800000000000001
    endloop
  endfacet
  facet normal 0 0 1
    outer loop
      vertex 46.064729033951615 -26.842355841209688 5.800000000000001
      vertex 46.17164570954364 -25.054849415639108 5.800000000000001
      vertex 46.0607540789675 -25.002401580435443 5.800000000000001
    endloop
  endfacet
  facet normal 0 0 1
    outer loop
      vertex 45.77914596823661 -26.770821007196623 5.800000000000001
      vertex 45.955537208725495 -24.93933701537818 5.800000000000001
      vertex 45.85700839479544 -24.86626306670342 5.800000000000001
    endloop
  endfacet
  facet normal 0 0 1
    outer loop
      vertex 45.77914596823661 -26.770821007196623 5.800000000000001
      vertex 45.85700839479544 -24.86626306670342 5.800000000000001
      vertex 45.766116523516814 -24.783883476483183 5.800000000000001
    endloop
  endfacet
  facet normal 0 0 1
    outer loop
      vertex 45.77914596823661 -26.770821007196623 5.800000000000001
      vertex 45.766116523516814 -24.783883476483183 5.800000000000001
      vertex 45.68373693329658 -24.692991605204554 5.800000000000001
    endloop
  endfacet
  facet normal 0 0 1
    outer loop
      vertex 45.77914596823661 -26.770821007196623 5.800000000000001
      vertex 45.68373693329658 -24.692991605204554 5.800000000000001
      vertex 45.61066298462182 -24.594462791274502 5.800000000000001
    endloop
  endfacet
  facet normal 0 0 1
    outer loop
      vertex 46.064729033951615 -26.842355841209688 5.800000000000001
      vertex 46.35594857901132 -26.88555418001659 5.800000000000001
      vertex 46.17164570954364 -25.054849415639108 5.800000000000001
    endloop
  endfacet
  facet normal 0 0 1
    outer loop
      vertex 46.65 -26.9 5.800000000000001
      vertex 46.527478574588045 -25.143980908340247 5.800000000000001
      vertex 46.35594857901132 -26.88555418001659 5.800000000000001
    endloop
  endfacet
  facet normal 0 0 1
    outer loop
      vertex 46.65 -26.9 5.800000000000001
      vertex 46.94405142098868 -26.88555418001659 5.800000000000001
      vertex 46.77252142541195 -25.143980908340247 5.800000000000001
    endloop
  endfacet
  facet normal 0 0 1
    outer loop
      vertex 46.35594857901132 -26.88555418001659 5.800000000000001
      vertex 46.28714415343192 -25.096175419665258 5.800000000000001
      vertex 46.17164570954364 -25.054849415639108 5.800000000000001
    endloop
  endfacet
  facet normal 0 0 1
    outer loop
      vertex 46.35594857901132 -26.88555418001659 5.800000000000001
      vertex 46.527478574588045 -25.143980908340247 5.800000000000001
      vertex 46.406137097479835 -25.125981600504037 5.800000000000001
    endloop
  endfacet
  facet normal 0 0 1
    outer loop
      vertex 46.35594857901132 -26.88555418001659 5.800000000000001
      vertex 46.406137097479835 -25.125981600504037 5.800000000000001
      vertex 46.28714415343192 -25.096175419665258 5.800000000000001
    endloop
  endfacet
  facet normal 0 0 1
    outer loop
      vertex 46.65 -26.9 5.800000000000001
      vertex 46.65 -25.15 5.800000000000001
      vertex 46.527478574588045 -25.143980908340247 5.800000000000001
    endloop
  endfacet
  facet normal 0 0 1
    outer loop
      vertex 46.65 -26.9 5.800000000000001
      vertex 46.77252142541195 -25.143980908340247 5.800000000000001
      vertex 46.65 -25.15 5.800000000000001
    endloop
  endfacet
  facet normal 0 0 1
    outer loop
      vertex 46.94405142098868 -26.88555418001659 5.800000000000001
      vertex 46.89386290252016 -25.125981600504037 5.800000000000001
      vertex 46.77252142541195 -25.143980908340247 5.800000000000001
    endloop
  endfacet
  facet normal 0 0 1
    outer loop
      vertex 46.94405142098868 -26.88555418001659 5.800000000000001
      vertex 47.23527096604838 -26.842355841209688 5.800000000000001
      vertex 46.89386290252016 -25.125981600504037 5.800000000000001
    endloop
  endfacet
  facet normal 0 0 1
    outer loop
      vertex 47.23527096604838 -26.842355841209688 5.800000000000001
      vertex 47.520854031763385 -26.770821007196623 5.800000000000001
      vertex 47.12835429045636 -25.054849415639108 5.800000000000001
    endloop
  endfacet
  facet normal 0 0 1
    outer loop
      vertex 47.520854031763385 -26.770821007196623 5.800000000000001
      vertex 47.798050297095266 -26.671638597533857 5.800000000000001
      vertex 47.442991605204554 -24.86626306670342 5.800000000000001
    endloop
  endfacet
  facet normal 0 0 1
    outer loop
      vertex 47.798050297095266 -26.671638597533857 5.800000000000001
      vertex 48.06419021047799 -26.545763793045065 5.800000000000001
      vertex 47.75240158043544 -24.489245921032495 5.800000000000001
    endloop
  endfacet
  facet normal 0 0 1
    outer loop
      vertex 47.23527096604838 -26.842355841209688 5.800000000000001
      vertex 47.01285584656808 -25.096175419665258 5.800000000000001
      vertex 46.89386290252016 -25.125981600504037 5.800000000000001
    endloop
  endfacet
  facet normal 0 0 1
    outer loop
      vertex 47.23527096604838 -26.842355841209688 5.800000000000001
      vertex 47.12835429045636 -25.054849415639108 5.800000000000001
      vertex 47.01285584656808 -25.096175419665258 5.800000000000001
    endloop
  endfacet
  facet normal 0 0 1
    outer loop
      vertex 47.520854031763385 -26.770821007196623 5.800000000000001
      vertex 47.2392459210325 -25.002401580435443 5.800000000000001
      vertex 47.12835429045636 -25.054849415639108 5.800000000000001
    endloop
  endfacet
  facet normal 0 0 1
    outer loop
      vertex 47.520854031763385 -26.770821007196623 5.800000000000001
      vertex 47.3444627912745 -24.93933701537818 5.800000000000001
      vertex 47.2392459210325 -25.002401580435443 5.800000000000001
    endloop
  endfacet
  facet normal 0 0 1
    outer loop
      vertex 47.520854031763385 -26.770821007196623 5.800000000000001
      vertex 47.442991605204554 -24.86626306670342 5.800000000000001
      vertex 47.3444627912745 -24.93933701537818 5.800000000000001
    endloop
  endfacet
  facet normal 0 0 1
    outer loop
      vertex 47.798050297095266 -26.671638597533857 5.800000000000001
      vertex 47.53388347648318 -24.783883476483183 5.800000000000001
      vertex 47.442991605204554 -24.86626306670342 5.800000000000001
    endloop
  endfacet
  facet normal 0 0 1
    outer loop
      vertex 47.798050297095266 -26.671638597533857 5.800000000000001
      vertex 47.61626306670342 -24.692991605204554 5.800000000000001
      vertex 47.53388347648318 -24.783883476483183 5.800000000000001
    endloop
  endfacet
  facet normal 0 0 1
    outer loop
      vertex 47.798050297095266 -26.671638597533857 5.800000000000001
      vertex 47.68933701537818 -24.594462791274502 5.800000000000001
      vertex 47.61626306670342 -24.692991605204554 5.800000000000001
    endloop
  endfacet
  facet normal -0.9415440651830213 -0.3368898533922187 0
    outer loop
      vertex 43.87836140246614 -25.04805029709527 1.6
      vertex 43.87836140246614 -25.04805029709527 5.800000000000001
      vertex 43.779178992803374 -24.770854031763385 5.800000000000001
    endloop
  endfacet
  facet normal -0.903989293123443 -0.42755509343028275 0
    outer loop
      vertex 44.004236206954936 -25.314190210477992 1.6
      vertex 44.004236206954936 -25.314190210477992 5.800000000000001
      vertex 43.87836140246614 -25.04805029709527 5.800000000000001
    endloop
  endfacet
  facet normal -0.9700312531945441 -0.24298017990326343 0
    outer loop
      vertex 43.779178992803374 -24.770854031763385 1.6
      vertex 43.779178992803374 -24.770854031763385 5.800000000000001
      vertex 43.70764415879031 -24.485270966048382 5.800000000000001
    endloop
  endfacet
  facet normal -0.9891765099647791 -0.14673047445537474 0
    outer loop
      vertex 43.70764415879031 -24.485270966048382 1.6
      vertex 43.70764415879031 -24.485270966048382 5.800000000000001
      vertex 43.664445819983406 -24.194051420988682 5.800000000000001
    endloop
  endfacet
  facet normal -0.9987954562051726 -0.049067674327412034 0
    outer loop
      vertex 43.664445819983406 -24.194051420988682 1.6
      vertex 43.664445819983406 -24.194051420988682 5.800000000000001
      vertex 43.65 -23.9 5.800000000000001
    endloop
  endfacet
  facet normal -0.9987954562051726 0.049067674327412034 0
    outer loop
      vertex 43.65 -23.9 1.6
      vertex 43.65 -23.9 5.800000000000001
      vertex 43.664445819983406 -23.605948579011315 5.800000000000001
    endloop
  endfacet
  facet normal -0.9891765099647791 0.14673047445537474 0
    outer loop
      vertex 43.664445819983406 -23.605948579011315 1.6
      vertex 43.664445819983406 -23.605948579011315 5.800000000000001
      vertex 43.70764415879031 -23.314729033951615 5.800000000000001
    endloop
  endfacet
  facet normal -0.9700312531945441 0.24298017990326343 0
    outer loop
      vertex 43.70764415879031 -23.314729033951615 1.6
      vertex 43.70764415879031 -23.314729033951615 5.800000000000001
      vertex 43.779178992803374 -23.029145968236612 5.800000000000001
    endloop
  endfacet
  facet normal -0.9415440651830213 0.3368898533922187 0
    outer loop
      vertex 43.779178992803374 -23.029145968236612 1.6
      vertex 43.779178992803374 -23.029145968236612 5.800000000000001
      vertex 43.87836140246614 -22.751949702904728 5.800000000000001
    endloop
  endfacet
  facet normal -0.903989293123443 0.42755509343028275 0
    outer loop
      vertex 43.87836140246614 -22.751949702904728 1.6
      vertex 43.87836140246614 -22.751949702904728 5.800000000000001
      vertex 44.004236206954936 -22.485809789522005 5.800000000000001
    endloop
  endfacet
  facet normal -0.857728610000279 0.5141027441932103 0
    outer loop
      vertex 44.004236206954936 -22.485809789522005 1.6
      vertex 44.004236206954936 -22.485809789522005 5.800000000000001
      vertex 44.15559116309236 -22.23328930094119 5.800000000000001
    endloop
  endfacet
  facet normal -0.8032075314806393 0.5956993044924411 0
    outer loop
      vertex 44.15559116309236 -22.23328930094119 1.6
      vertex 44.15559116309236 -22.23328930094119 5.800000000000001
      vertex 44.33096863991179 -21.996820147509062 5.800000000000001
    endloop
  endfacet
  facet normal -0.7409511253549638 0.6715589548470131 0
    outer loop
      vertex 44.33096863991179 -21.996820147509062 1.6
      vertex 44.33096863991179 -21.996820147509062 5.800000000000001
      vertex 44.52867965644035 -21.778679656440357 5.800000000000001
    endloop
  endfacet
  facet normal -0.6715589548470138 0.7409511253549633 0
    outer loop
      vertex 44.74682014750906 -21.580968639911788 1.6
      vertex 44.52867965644035 -21.778679656440357 5.800000000000001
      vertex 44.74682014750906 -21.580968639911788 5.800000000000001
    endloop
  endfacet
  facet normal -0.5956993044924276 0.8032075314806493 0
    outer loop
      vertex 44.983289300941195 -21.405591163092364 1.6
      vertex 44.74682014750906 -21.580968639911788 5.800000000000001
      vertex 44.983289300941195 -21.405591163092364 5.800000000000001
    endloop
  endfacet
  facet normal -0.5141027441932281 0.8577286100002682 0
    outer loop
      vertex 45.23580978952201 -21.254236206954932 1.6
      vertex 44.983289300941195 -21.405591163092364 5.800000000000001
      vertex 45.23580978952201 -21.254236206954932 5.800000000000001
    endloop
  endfacet
  facet normal -0.4275550934302729 0.9039892931234478 0
    outer loop
      vertex 45.50194970290473 -21.12836140246614 1.6
      vertex 45.23580978952201 -21.254236206954932 5.800000000000001
      vertex 45.50194970290473 -21.12836140246614 5.800000000000001
    endloop
  endfacet
  facet normal 0.903989293123443 -0.42755509343028275 0
    outer loop
      vertex 49.42163859753386 -25.04805029709527 1.6
      vertex 49.42163859753386 -25.04805029709527 5.800000000000001
      vertex 49.29576379304506 -25.314190210477992 5.800000000000001
    endloop
  endfacet
  facet normal 0.9415440651830213 -0.3368898533922187 0
    outer loop
      vertex 49.52082100719662 -24.770854031763385 1.6
      vertex 49.52082100719662 -24.770854031763385 5.800000000000001
      vertex 49.42163859753386 -25.04805029709527 5.800000000000001
    endloop
  endfacet
  facet normal 0.9700312531945441 -0.24298017990326343 0
    outer loop
      vertex 49.59235584120969 -24.485270966048382 1.6
      vertex 49.59235584120969 -24.485270966048382 5.800000000000001
      vertex 49.52082100719662 -24.770854031763385 5.800000000000001
    endloop
  endfacet
  facet normal 0.9891765099647791 -0.14673047445537474 0
    outer loop
      vertex 49.63555418001659 -24.194051420988682 1.6
      vertex 49.63555418001659 -24.194051420988682 5.800000000000001
      vertex 49.59235584120969 -24.485270966048382 5.800000000000001
    endloop
  endfacet
  facet normal 0.9987954562051726 -0.049067674327412034 0
    outer loop
      vertex 49.65 -23.9 1.6
      vertex 49.65 -23.9 5.800000000000001
      vertex 49.63555418001659 -24.194051420988682 5.800000000000001
    endloop
  endfacet
  facet normal 0.9987954562051726 0.049067674327412034 0
    outer loop
      vertex 49.63555418001659 -23.605948579011315 1.6
      vertex 49.63555418001659 -23.605948579011315 5.800000000000001
      vertex 49.65 -23.9 5.800000000000001
    endloop
  endfacet
  facet normal 0.9891765099647791 0.14673047445537474 0
    outer loop
      vertex 49.59235584120969 -23.314729033951615 1.6
      vertex 49.59235584120969 -23.314729033951615 5.800000000000001
      vertex 49.63555418001659 -23.605948579011315 5.800000000000001
    endloop
  endfacet
  facet normal 0.33688985339222255 0.9415440651830198 0
    outer loop
      vertex 47.798050297095266 -21.12836140246614 1.6
      vertex 47.520854031763385 -21.029178992803374 5.800000000000001
      vertex 47.798050297095266 -21.12836140246614 5.800000000000001
    endloop
  endfacet
  facet normal 0.9700312531945441 0.24298017990326343 0
    outer loop
      vertex 49.52082100719662 -23.029145968236612 1.6
      vertex 49.52082100719662 -23.029145968236612 5.800000000000001
      vertex 49.59235584120969 -23.314729033951615 5.800000000000001
    endloop
  endfacet
  facet normal 0.9415440651830213 0.3368898533922187 0
    outer loop
      vertex 49.42163859753386 -22.751949702904728 1.6
      vertex 49.42163859753386 -22.751949702904728 5.800000000000001
      vertex 49.52082100719662 -23.029145968236612 5.800000000000001
    endloop
  endfacet
  facet normal 0.857728610000279 0.5141027441932103 0
    outer loop
      vertex 49.14440883690764 -22.23328930094119 1.6
      vertex 49.14440883690764 -22.23328930094119 5.800000000000001
      vertex 49.29576379304506 -22.485809789522005 5.800000000000001
    endloop
  endfacet
  facet normal 0.903989293123443 0.42755509343028275 0
    outer loop
      vertex 49.29576379304506 -22.485809789522005 1.6
      vertex 49.29576379304506 -22.485809789522005 5.800000000000001
      vertex 49.42163859753386 -22.751949702904728 5.800000000000001
    endloop
  endfacet
  facet normal 0.6715589548470138 0.7409511253549633 0
    outer loop
      vertex 48.771320343559644 -21.778679656440357 1.6
      vertex 48.553179852490935 -21.580968639911788 5.800000000000001
      vertex 48.771320343559644 -21.778679656440357 5.800000000000001
    endloop
  endfacet
  facet normal 0.4275550934302729 0.9039892931234478 0
    outer loop
      vertex 48.06419021047799 -21.254236206954932 1.6
      vertex 47.798050297095266 -21.12836140246614 5.800000000000001
      vertex 48.06419021047799 -21.254236206954932 5.800000000000001
    endloop
  endfacet
  facet normal 0.5141027441932281 0.8577286100002682 0
    outer loop
      vertex 48.3167106990588 -21.405591163092364 1.6
      vertex 48.06419021047799 -21.254236206954932 5.800000000000001
      vertex 48.3167106990588 -21.405591163092364 5.800000000000001
    endloop
  endfacet
  facet normal 0.5956993044924276 0.8032075314806493 0
    outer loop
      vertex 48.553179852490935 -21.580968639911788 1.6
      vertex 48.3167106990588 -21.405591163092364 5.800000000000001
      vertex 48.553179852490935 -21.580968639911788 5.800000000000001
    endloop
  endfacet
  facet normal 0.8032075314806393 0.5956993044924411 0
    outer loop
      vertex 48.96903136008821 -21.996820147509062 1.6
      vertex 48.96903136008821 -21.996820147509062 5.800000000000001
      vertex 49.14440883690764 -22.23328930094119 5.800000000000001
    endloop
  endfacet
  facet normal 0.7409511253549638 0.6715589548470131 0
    outer loop
      vertex 48.771320343559644 -21.778679656440357 1.6
      vertex 48.771320343559644 -21.778679656440357 5.800000000000001
      vertex 48.96903136008821 -21.996820147509062 5.800000000000001
    endloop
  endfacet
  facet normal -0.33688985339222255 0.9415440651830198 0
    outer loop
      vertex 45.77914596823661 -21.029178992803374 1.6
      vertex 45.50194970290473 -21.12836140246614 5.800000000000001
      vertex 45.77914596823661 -21.029178992803374 5.800000000000001
    endloop
  endfacet
  facet normal -0.24298017990326343 0.9700312531945441 0
    outer loop
      vertex 46.064729033951615 -20.95764415879031 1.6
      vertex 45.77914596823661 -21.029178992803374 5.800000000000001
      vertex 46.064729033951615 -20.95764415879031 5.800000000000001
    endloop
  endfacet
  facet normal -0.146730474455373 0.9891765099647793 0
    outer loop
      vertex 46.35594857901132 -20.914445819983406 1.6
      vertex 46.064729033951615 -20.95764415879031 5.800000000000001
      vertex 46.35594857901132 -20.914445819983406 5.800000000000001
    endloop
  endfacet
  facet normal -0.04906767432741262 0.9987954562051726 0
    outer loop
      vertex 46.65 -20.9 1.6
      vertex 46.35594857901132 -20.914445819983406 5.800000000000001
      vertex 46.65 -20.9 5.800000000000001
    endloop
  endfacet
  facet normal 0.04906767432741262 0.9987954562051726 0
    outer loop
      vertex 46.94405142098868 -20.914445819983406 1.6
      vertex 46.65 -20.9 5.800000000000001
      vertex 46.94405142098868 -20.914445819983406 5.800000000000001
    endloop
  endfacet
  facet normal 0.146730474455373 0.9891765099647793 0
    outer loop
      vertex 47.23527096604838 -20.95764415879031 1.6
      vertex 46.94405142098868 -20.914445819983406 5.800000000000001
      vertex 47.23527096604838 -20.95764415879031 5.800000000000001
    endloop
  endfacet
  facet normal 0.24298017990326343 0.9700312531945441 0
    outer loop
      vertex 47.520854031763385 -21.029178992803374 1.6
      vertex 47.23527096604838 -20.95764415879031 5.800000000000001
      vertex 47.520854031763385 -21.029178992803374 5.800000000000001
    endloop
  endfacet
  facet normal 0 0 1
    outer loop
      vertex 43.87836140246614 -25.04805029709527 5.800000000000001
      vertex 43.779178992803374 -23.029145968236612 5.800000000000001
      vertex 43.779178992803374 -24.770854031763385 5.800000000000001
    endloop
  endfacet
  facet normal 0 0 1
    outer loop
      vertex 44.33096863991179 -25.803179852490935 5.800000000000001
      vertex 44.15559116309236 -22.23328930094119 5.800000000000001
      vertex 44.15559116309236 -25.566710699058806 5.800000000000001
    endloop
  endfacet
  facet normal 0 0 1
    outer loop
      vertex 44.004236206954936 -25.314190210477992 5.800000000000001
      vertex 44.15559116309236 -25.566710699058806 5.800000000000001
      vertex 44.004236206954936 -22.485809789522005 5.800000000000001
    endloop
  endfacet
  facet normal 0 0 1
    outer loop
      vertex 44.004236206954936 -25.314190210477992 5.800000000000001
      vertex 43.87836140246614 -22.751949702904728 5.800000000000001
      vertex 43.87836140246614 -25.04805029709527 5.800000000000001
    endloop
  endfacet
  facet normal 0 0 1
    outer loop
      vertex 43.779178992803374 -24.770854031763385 5.800000000000001
      vertex 43.70764415879031 -23.314729033951615 5.800000000000001
      vertex 43.70764415879031 -24.485270966048382 5.800000000000001
    endloop
  endfacet
  facet normal 0 0 1
    outer loop
      vertex 43.70764415879031 -24.485270966048382 5.800000000000001
      vertex 43.664445819983406 -23.605948579011315 5.800000000000001
      vertex 43.664445819983406 -24.194051420988682 5.800000000000001
    endloop
  endfacet
  facet normal 0 0 1
    outer loop
      vertex 43.664445819983406 -24.194051420988682 5.800000000000001
      vertex 43.664445819983406 -23.605948579011315 5.800000000000001
      vertex 43.65 -23.9 5.800000000000001
    endloop
  endfacet
  facet normal 0 0 1
    outer loop
      vertex 43.70764415879031 -24.485270966048382 5.800000000000001
      vertex 43.70764415879031 -23.314729033951615 5.800000000000001
      vertex 43.664445819983406 -23.605948579011315 5.800000000000001
    endloop
  endfacet
  facet normal 0 0 1
    outer loop
      vertex 43.779178992803374 -24.770854031763385 5.800000000000001
      vertex 43.779178992803374 -23.029145968236612 5.800000000000001
      vertex 43.70764415879031 -23.314729033951615 5.800000000000001
    endloop
  endfacet
  facet normal 0 0 1
    outer loop
      vertex 43.87836140246614 -25.04805029709527 5.800000000000001
      vertex 43.87836140246614 -22.751949702904728 5.800000000000001
      vertex 43.779178992803374 -23.029145968236612 5.800000000000001
    endloop
  endfacet
  facet normal 0 0 1
    outer loop
      vertex 44.004236206954936 -25.314190210477992 5.800000000000001
      vertex 44.004236206954936 -22.485809789522005 5.800000000000001
      vertex 43.87836140246614 -22.751949702904728 5.800000000000001
    endloop
  endfacet
  facet normal 0 0 1
    outer loop
      vertex 44.15559116309236 -25.566710699058806 5.800000000000001
      vertex 44.15559116309236 -22.23328930094119 5.800000000000001
      vertex 44.004236206954936 -22.485809789522005 5.800000000000001
    endloop
  endfacet
  facet normal 0 0 1
    outer loop
      vertex 44.33096863991179 -25.803179852490935 5.800000000000001
      vertex 44.33096863991179 -21.996820147509062 5.800000000000001
      vertex 44.15559116309236 -22.23328930094119 5.800000000000001
    endloop
  endfacet
  facet normal 0 0 1
    outer loop
      vertex 44.33096863991179 -25.803179852490935 5.800000000000001
      vertex 44.52867965644035 -26.02132034355964 5.800000000000001
      vertex 44.33096863991179 -21.996820147509062 5.800000000000001
    endloop
  endfacet
  facet normal 0 0 1
    outer loop
      vertex 44.74682014750906 -26.21903136008821 5.800000000000001
      vertex 44.52867965644035 -21.778679656440357 5.800000000000001
      vertex 44.52867965644035 -26.02132034355964 5.800000000000001
    endloop
  endfacet
  facet normal 0 0 1
    outer loop
      vertex 44.983289300941195 -26.394408836907633 5.800000000000001
      vertex 44.74682014750906 -21.580968639911788 5.800000000000001
      vertex 44.74682014750906 -26.21903136008821 5.800000000000001
    endloop
  endfacet
  facet normal 0 0 1
    outer loop
      vertex 44.983289300941195 -26.394408836907633 5.800000000000001
      vertex 45.23580978952201 -26.545763793045065 5.800000000000001
      vertex 44.983289300941195 -21.405591163092364 5.800000000000001
    endloop
  endfacet
  facet normal 0 0 1
    outer loop
      vertex 45.50194970290473 -26.671638597533857 5.800000000000001
      vertex 45.61066298462182 -24.594462791274502 5.800000000000001
      vertex 45.54759841956456 -24.489245921032495 5.800000000000001
    endloop
  endfacet
  facet normal 0 0 1
    outer loop
      vertex 45.50194970290473 -26.671638597533857 5.800000000000001
      vertex 45.54759841956456 -24.489245921032495 5.800000000000001
      vertex 45.49515058436089 -24.37835429045636 5.800000000000001
    endloop
  endfacet
  facet normal 0 0 1
    outer loop
      vertex 45.50194970290473 -26.671638597533857 5.800000000000001
      vertex 45.49515058436089 -24.37835429045636 5.800000000000001
      vertex 45.45382458033474 -24.262855846568076 5.800000000000001
    endloop
  endfacet
  facet normal 0 0 1
    outer loop
      vertex 45.50194970290473 -26.671638597533857 5.800000000000001
      vertex 45.424018399495964 -24.14386290252016 5.800000000000001
      vertex 45.40601909165975 -24.02252142541195 5.800000000000001
    endloop
  endfacet
  facet normal 0 0 1
    outer loop
      vertex 45.50194970290473 -26.671638597533857 5.800000000000001
      vertex 45.23580978952201 -21.254236206954932 5.800000000000001
      vertex 45.23580978952201 -26.545763793045065 5.800000000000001
    endloop
  endfacet
  facet normal 0 0 1
    outer loop
      vertex 45.50194970290473 -26.671638597533857 5.800000000000001
      vertex 45.40601909165975 -24.02252142541195 5.800000000000001
      vertex 45.4 -23.9 5.800000000000001
    endloop
  endfacet
  facet normal 0 0 1
    outer loop
      vertex 45.50194970290473 -26.671638597533857 5.800000000000001
      vertex 45.45382458033474 -24.262855846568076 5.800000000000001
      vertex 45.424018399495964 -24.14386290252016 5.800000000000001
    endloop
  endfacet
  facet normal 0 0 1
    outer loop
      vertex 44.52867965644035 -26.02132034355964 5.800000000000001
      vertex 44.52867965644035 -21.778679656440357 5.800000000000001
      vertex 44.33096863991179 -21.996820147509062 5.800000000000001
    endloop
  endfacet
  facet normal 0 0 1
    outer loop
      vertex 45.50194970290473 -26.671638597533857 5.800000000000001
      vertex 45.4 -23.9 5.800000000000001
      vertex 45.23580978952201 -21.254236206954932 5.800000000000001
    endloop
  endfacet
  facet normal 0 0 1
    outer loop
      vertex 44.74682014750906 -26.21903136008821 5.800000000000001
      vertex 44.74682014750906 -21.580968639911788 5.800000000000001
      vertex 44.52867965644035 -21.778679656440357 5.800000000000001
    endloop
  endfacet
  facet normal 0 0 1
    outer loop
      vertex 44.983289300941195 -26.394408836907633 5.800000000000001
      vertex 44.983289300941195 -21.405591163092364 5.800000000000001
      vertex 44.74682014750906 -21.580968639911788 5.800000000000001
    endloop
  endfacet
  facet normal 0 0 1
    outer loop
      vertex 45.23580978952201 -26.545763793045065 5.800000000000001
      vertex 45.23580978952201 -21.254236206954932 5.800000000000001
      vertex 44.983289300941195 -21.405591163092364 5.800000000000001
    endloop
  endfacet
  facet normal 0 0 1
    outer loop
      vertex 45.4 -23.9 5.800000000000001
      vertex 45.40601909165975 -23.77747857458805 5.800000000000001
      vertex 45.23580978952201 -21.254236206954932 5.800000000000001
    endloop
  endfacet
  facet normal 0 0 1
    outer loop
      vertex 45.40601909165975 -23.77747857458805 5.800000000000001
      vertex 45.424018399495964 -23.65613709747984 5.800000000000001
      vertex 45.23580978952201 -21.254236206954932 5.800000000000001
    endloop
  endfacet
  facet normal 0 0 1
    outer loop
      vertex 45.424018399495964 -23.65613709747984 5.800000000000001
      vertex 45.45382458033474 -23.53714415343192 5.800000000000001
      vertex 45.23580978952201 -21.254236206954932 5.800000000000001
    endloop
  endfacet
  facet normal 0 0 1
    outer loop
      vertex 45.45382458033474 -23.53714415343192 5.800000000000001
      vertex 45.49515058436089 -23.421645709543636 5.800000000000001
      vertex 45.23580978952201 -21.254236206954932 5.800000000000001
    endloop
  endfacet
  facet normal 0 0 1
    outer loop
      vertex 45.49515058436089 -23.421645709543636 5.800000000000001
      vertex 45.54759841956456 -23.310754078967502 5.800000000000001
      vertex 45.23580978952201 -21.254236206954932 5.800000000000001
    endloop
  endfacet
  facet normal 0 0 1
    outer loop
      vertex 45.54759841956456 -23.310754078967502 5.800000000000001
      vertex 45.61066298462182 -23.205537208725495 5.800000000000001
      vertex 45.50194970290473 -21.12836140246614 5.800000000000001
    endloop
  endfacet
  facet normal 0 0 1
    outer loop
      vertex 45.61066298462182 -23.205537208725495 5.800000000000001
      vertex 45.68373693329658 -23.107008394795443 5.800000000000001
      vertex 45.50194970290473 -21.12836140246614 5.800000000000001
    endloop
  endfacet
  facet normal 0 0 1
    outer loop
      vertex 45.68373693329658 -23.107008394795443 5.800000000000001
      vertex 45.766116523516814 -23.016116523516814 5.800000000000001
      vertex 45.50194970290473 -21.12836140246614 5.800000000000001
    endloop
  endfacet
  facet normal 0 0 1
    outer loop
      vertex 45.766116523516814 -23.016116523516814 5.800000000000001
      vertex 45.85700839479544 -22.933736933296576 5.800000000000001
      vertex 45.50194970290473 -21.12836140246614 5.800000000000001
    endloop
  endfacet
  facet normal 0 0 1
    outer loop
      vertex 45.85700839479544 -22.933736933296576 5.800000000000001
      vertex 45.955537208725495 -22.86066298462182 5.800000000000001
      vertex 45.77914596823661 -21.029178992803374 5.800000000000001
    endloop
  endfacet
  facet normal 0 0 1
    outer loop
      vertex 45.955537208725495 -22.86066298462182 5.800000000000001
      vertex 46.0607540789675 -22.797598419564554 5.800000000000001
      vertex 45.77914596823661 -21.029178992803374 5.800000000000001
    endloop
  endfacet
  facet normal 0 0 1
    outer loop
      vertex 46.0607540789675 -22.797598419564554 5.800000000000001
      vertex 46.17164570954364 -22.74515058436089 5.800000000000001
      vertex 45.77914596823661 -21.029178992803374 5.800000000000001
    endloop
  endfacet
  facet normal 0 0 1
    outer loop
      vertex 45.54759841956456 -23.310754078967502 5.800000000000001
      vertex 45.50194970290473 -21.12836140246614 5.800000000000001
      vertex 45.23580978952201 -21.254236206954932 5.800000000000001
    endloop
  endfacet
  facet normal 0 0 1
    outer loop
      vertex 45.85700839479544 -22.933736933296576 5.800000000000001
      vertex 45.77914596823661 -21.029178992803374 5.800000000000001
      vertex 45.50194970290473 -21.12836140246614 5.800000000000001
    endloop
  endfacet
  facet normal 0 0 1
    outer loop
      vertex 46.17164570954364 -22.74515058436089 5.800000000000001
      vertex 46.064729033951615 -20.95764415879031 5.800000000000001
      vertex 45.77914596823661 -21.029178992803374 5.800000000000001
    endloop
  endfacet
  facet normal 0 0 1
    outer loop
      vertex 47.798050297095266 -26.671638597533857 5.800000000000001
      vertex 47.75240158043544 -24.489245921032495 5.800000000000001
      vertex 47.68933701537818 -24.594462791274502 5.800000000000001
    endloop
  endfacet
  facet normal 0 0 1
    outer loop
      vertex 48.06419021047799 -26.545763793045065 5.800000000000001
      vertex 47.804849415639104 -24.37835429045636 5.800000000000001
      vertex 47.75240158043544 -24.489245921032495 5.800000000000001
    endloop
  endfacet
  facet normal 0 0 1
    outer loop
      vertex 48.06419021047799 -26.545763793045065 5.800000000000001
      vertex 47.84617541966526 -24.262855846568076 5.800000000000001
      vertex 47.804849415639104 -24.37835429045636 5.800000000000001
    endloop
  endfacet
  facet normal 0 0 1
    outer loop
      vertex 48.06419021047799 -26.545763793045065 5.800000000000001
      vertex 47.87598160050403 -24.14386290252016 5.800000000000001
      vertex 47.84617541966526 -24.262855846568076 5.800000000000001
    endloop
  endfacet
  facet normal 0 0 1
    outer loop
      vertex 48.06419021047799 -26.545763793045065 5.800000000000001
      vertex 47.89398090834025 -24.02252142541195 5.800000000000001
      vertex 47.87598160050403 -24.14386290252016 5.800000000000001
    endloop
  endfacet
  facet normal 0 0 1
    outer loop
      vertex 48.06419021047799 -26.545763793045065 5.800000000000001
      vertex 47.9 -23.9 5.800000000000001
      vertex 47.89398090834025 -24.02252142541195 5.800000000000001
    endloop
  endfacet
  facet normal 0 0 1
    outer loop
      vertex 48.06419021047799 -26.545763793045065 5.800000000000001
      vertex 48.3167106990588 -26.394408836907633 5.800000000000001
      vertex 48.06419021047799 -21.254236206954932 5.800000000000001
    endloop
  endfacet
  facet normal 0 0 1
    outer loop
      vertex 48.3167106990588 -26.394408836907633 5.800000000000001
      vertex 48.553179852490935 -26.21903136008821 5.800000000000001
      vertex 48.3167106990588 -21.405591163092364 5.800000000000001
    endloop
  endfacet
  facet normal 0 0 1
    outer loop
      vertex 48.553179852490935 -26.21903136008821 5.800000000000001
      vertex 48.771320343559644 -26.02132034355964 5.800000000000001
      vertex 48.553179852490935 -21.580968639911788 5.800000000000001
    endloop
  endfacet
  facet normal 0 0 1
    outer loop
      vertex 48.771320343559644 -26.02132034355964 5.800000000000001
      vertex 48.96903136008821 -25.803179852490935 5.800000000000001
      vertex 48.771320343559644 -21.778679656440357 5.800000000000001
    endloop
  endfacet
  facet normal 0 0 1
    outer loop
      vertex 48.96903136008821 -25.803179852490935 5.800000000000001
      vertex 49.14440883690764 -25.566710699058806 5.800000000000001
      vertex 48.96903136008821 -21.996820147509062 5.800000000000001
    endloop
  endfacet
  facet normal 0 0 1
    outer loop
      vertex 49.14440883690764 -25.566710699058806 5.800000000000001
      vertex 49.29576379304506 -25.314190210477992 5.800000000000001
      vertex 49.14440883690764 -22.23328930094119 5.800000000000001
    endloop
  endfacet
  facet normal 0 0 1
    outer loop
      vertex 49.29576379304506 -25.314190210477992 5.800000000000001
      vertex 49.42163859753386 -25.04805029709527 5.800000000000001
      vertex 49.29576379304506 -22.485809789522005 5.800000000000001
    endloop
  endfacet
  facet normal 0 0 1
    outer loop
      vertex 48.06419021047799 -26.545763793045065 5.800000000000001
      vertex 47.798050297095266 -21.12836140246614 5.800000000000001
      vertex 47.9 -23.9 5.800000000000001
    endloop
  endfacet
  facet normal 0 0 1
    outer loop
      vertex 49.42163859753386 -25.04805029709527 5.800000000000001
      vertex 49.52082100719662 -24.770854031763385 5.800000000000001
      vertex 49.42163859753386 -22.751949702904728 5.800000000000001
    endloop
  endfacet
  facet normal 0 0 1
    outer loop
      vertex 49.52082100719662 -24.770854031763385 5.800000000000001
      vertex 49.59235584120969 -24.485270966048382 5.800000000000001
      vertex 49.52082100719662 -23.029145968236612 5.800000000000001
    endloop
  endfacet
  facet normal 0 0 1
    outer loop
      vertex 49.59235584120969 -24.485270966048382 5.800000000000001
      vertex 49.63555418001659 -24.194051420988682 5.800000000000001
      vertex 49.59235584120969 -23.314729033951615 5.800000000000001
    endloop
  endfacet
  facet normal 0 0 1
    outer loop
      vertex 49.63555418001659 -24.194051420988682 5.800000000000001
      vertex 49.65 -23.9 5.800000000000001
      vertex 49.63555418001659 -23.605948579011315 5.800000000000001
    endloop
  endfacet
  facet normal 0 0 1
    outer loop
      vertex 49.14440883690764 -25.566710699058806 5.800000000000001
      vertex 49.14440883690764 -22.23328930094119 5.800000000000001
      vertex 48.96903136008821 -21.996820147509062 5.800000000000001
    endloop
  endfacet
  facet normal 0 0 1
    outer loop
      vertex 49.63555418001659 -24.194051420988682 5.800000000000001
      vertex 49.63555418001659 -23.605948579011315 5.800000000000001
      vertex 49.59235584120969 -23.314729033951615 5.800000000000001
    endloop
  endfacet
  facet normal 0 0 1
    outer loop
      vertex 49.59235584120969 -24.485270966048382 5.800000000000001
      vertex 49.59235584120969 -23.314729033951615 5.800000000000001
      vertex 49.52082100719662 -23.029145968236612 5.800000000000001
    endloop
  endfacet
  facet normal 0 0 1
    outer loop
      vertex 49.52082100719662 -24.770854031763385 5.800000000000001
      vertex 49.52082100719662 -23.029145968236612 5.800000000000001
      vertex 49.42163859753386 -22.751949702904728 5.800000000000001
    endloop
  endfacet
  facet normal 0 0 1
    outer loop
      vertex 49.29576379304506 -25.314190210477992 5.800000000000001
      vertex 49.29576379304506 -22.485809789522005 5.800000000000001
      vertex 49.14440883690764 -22.23328930094119 5.800000000000001
    endloop
  endfacet
  facet normal 0 0 1
    outer loop
      vertex 49.42163859753386 -25.04805029709527 5.800000000000001
      vertex 49.42163859753386 -22.751949702904728 5.800000000000001
      vertex 49.29576379304506 -22.485809789522005 5.800000000000001
    endloop
  endfacet
  facet normal 0 0 1
    outer loop
      vertex 47.9 -23.9 5.800000000000001
      vertex 47.798050297095266 -21.12836140246614 5.800000000000001
      vertex 47.89398090834025 -23.77747857458805 5.800000000000001
    endloop
  endfacet
  facet normal 0 0 1
    outer loop
      vertex 47.87598160050403 -23.65613709747984 5.800000000000001
      vertex 47.89398090834025 -23.77747857458805 5.800000000000001
      vertex 47.798050297095266 -21.12836140246614 5.800000000000001
    endloop
  endfacet
  facet normal 0 0 1
    outer loop
      vertex 47.87598160050403 -23.65613709747984 5.800000000000001
      vertex 47.798050297095266 -21.12836140246614 5.800000000000001
      vertex 47.84617541966526 -23.53714415343192 5.800000000000001
    endloop
  endfacet
  facet normal 0 0 1
    outer loop
      vertex 47.84617541966526 -23.53714415343192 5.800000000000001
      vertex 47.798050297095266 -21.12836140246614 5.800000000000001
      vertex 47.804849415639104 -23.421645709543636 5.800000000000001
    endloop
  endfacet
  facet normal 0 0 1
    outer loop
      vertex 47.12835429045636 -22.74515058436089 5.800000000000001
      vertex 47.2392459210325 -22.797598419564554 5.800000000000001
      vertex 47.23527096604838 -20.95764415879031 5.800000000000001
    endloop
  endfacet
  facet normal 0 0 1
    outer loop
      vertex 47.3444627912745 -22.86066298462182 5.800000000000001
      vertex 47.23527096604838 -20.95764415879031 5.800000000000001
      vertex 47.2392459210325 -22.797598419564554 5.800000000000001
    endloop
  endfacet
  facet normal 0 0 1
    outer loop
      vertex 47.3444627912745 -22.86066298462182 5.800000000000001
      vertex 47.442991605204554 -22.933736933296576 5.800000000000001
      vertex 47.520854031763385 -21.029178992803374 5.800000000000001
    endloop
  endfacet
  facet normal 0 0 1
    outer loop
      vertex 47.68933701537818 -23.205537208725495 5.800000000000001
      vertex 47.520854031763385 -21.029178992803374 5.800000000000001
      vertex 47.61626306670342 -23.107008394795443 5.800000000000001
    endloop
  endfacet
  facet normal 0 0 1
    outer loop
      vertex 47.75240158043544 -23.310754078967502 5.800000000000001
      vertex 47.798050297095266 -21.12836140246614 5.800000000000001
      vertex 47.68933701537818 -23.205537208725495 5.800000000000001
    endloop
  endfacet
  facet normal 0 0 1
    outer loop
      vertex 47.804849415639104 -23.421645709543636 5.800000000000001
      vertex 47.798050297095266 -21.12836140246614 5.800000000000001
      vertex 47.75240158043544 -23.310754078967502 5.800000000000001
    endloop
  endfacet
  facet normal 0 0 1
    outer loop
      vertex 47.53388347648318 -23.016116523516814 5.800000000000001
      vertex 47.520854031763385 -21.029178992803374 5.800000000000001
      vertex 47.442991605204554 -22.933736933296576 5.800000000000001
    endloop
  endfacet
  facet normal 0 0 1
    outer loop
      vertex 47.61626306670342 -23.107008394795443 5.800000000000001
      vertex 47.520854031763385 -21.029178992803374 5.800000000000001
      vertex 47.53388347648318 -23.016116523516814 5.800000000000001
    endloop
  endfacet
  facet normal 0 0 1
    outer loop
      vertex 46.17164570954364 -22.74515058436089 5.800000000000001
      vertex 46.28714415343192 -22.70382458033474 5.800000000000001
      vertex 46.064729033951615 -20.95764415879031 5.800000000000001
    endloop
  endfacet
  facet normal 0 0 1
    outer loop
      vertex 46.28714415343192 -22.70382458033474 5.800000000000001
      vertex 46.406137097479835 -22.67401839949596 5.800000000000001
      vertex 46.064729033951615 -20.95764415879031 5.800000000000001
    endloop
  endfacet
  facet normal 0 0 1
    outer loop
      vertex 46.406137097479835 -22.67401839949596 5.800000000000001
      vertex 46.527478574588045 -22.65601909165975 5.800000000000001
      vertex 46.35594857901132 -20.914445819983406 5.800000000000001
    endloop
  endfacet
  facet normal 0 0 1
    outer loop
      vertex 46.527478574588045 -22.65601909165975 5.800000000000001
      vertex 46.65 -22.65 5.800000000000001
      vertex 46.65 -20.9 5.800000000000001
    endloop
  endfacet
  facet normal 0 0 1
    outer loop
      vertex 46.65 -22.65 5.800000000000001
      vertex 46.77252142541195 -22.65601909165975 5.800000000000001
      vertex 46.65 -20.9 5.800000000000001
    endloop
  endfacet
  facet normal 0 0 1
    outer loop
      vertex 46.77252142541195 -22.65601909165975 5.800000000000001
      vertex 46.89386290252016 -22.67401839949596 5.800000000000001
      vertex 46.94405142098868 -20.914445819983406 5.800000000000001
    endloop
  endfacet
  facet normal 0 0 1
    outer loop
      vertex 46.89386290252016 -22.67401839949596 5.800000000000001
      vertex 47.01285584656808 -22.70382458033474 5.800000000000001
      vertex 46.94405142098868 -20.914445819983406 5.800000000000001
    endloop
  endfacet
  facet normal 0 0 1
    outer loop
      vertex 46.406137097479835 -22.67401839949596 5.800000000000001
      vertex 46.35594857901132 -20.914445819983406 5.800000000000001
      vertex 46.064729033951615 -20.95764415879031 5.800000000000001
    endloop
  endfacet
  facet normal 0 0 1
    outer loop
      vertex 46.527478574588045 -22.65601909165975 5.800000000000001
      vertex 46.65 -20.9 5.800000000000001
      vertex 46.35594857901132 -20.914445819983406 5.800000000000001
    endloop
  endfacet
  facet normal 0 0 1
    outer loop
      vertex 46.77252142541195 -22.65601909165975 5.800000000000001
      vertex 46.94405142098868 -20.914445819983406 5.800000000000001
      vertex 46.65 -20.9 5.800000000000001
    endloop
  endfacet
  facet normal 0 0 1
    outer loop
      vertex 47.01285584656808 -22.70382458033474 5.800000000000001
      vertex 47.12835429045636 -22.74515058436089 5.800000000000001
      vertex 46.94405142098868 -20.914445819983406 5.800000000000001
    endloop
  endfacet
  facet normal 0 0 1
    outer loop
      vertex 47.68933701537818 -23.205537208725495 5.800000000000001
      vertex 47.798050297095266 -21.12836140246614 5.800000000000001
      vertex 47.520854031763385 -21.029178992803374 5.800000000000001
    endloop
  endfacet
  facet normal 0 0 1
    outer loop
      vertex 47.12835429045636 -22.74515058436089 5.800000000000001
      vertex 47.23527096604838 -20.95764415879031 5.800000000000001
      vertex 46.94405142098868 -20.914445819983406 5.800000000000001
    endloop
  endfacet
  facet normal 0 0 1
    outer loop
      vertex 47.3444627912745 -22.86066298462182 5.800000000000001
      vertex 47.520854031763385 -21.029178992803374 5.800000000000001
      vertex 47.23527096604838 -20.95764415879031 5.800000000000001
    endloop
  endfacet
  facet normal 0 0 1
    outer loop
      vertex 48.06419021047799 -26.545763793045065 5.800000000000001
      vertex 48.06419021047799 -21.254236206954932 5.800000000000001
      vertex 47.798050297095266 -21.12836140246614 5.800000000000001
    endloop
  endfacet
  facet normal 0 0 1
    outer loop
      vertex 48.3167106990588 -26.394408836907633 5.800000000000001
      vertex 48.3167106990588 -21.405591163092364 5.800000000000001
      vertex 48.06419021047799 -21.254236206954932 5.800000000000001
    endloop
  endfacet
  facet normal 0 0 1
    outer loop
      vertex 48.553179852490935 -26.21903136008821 5.800000000000001
      vertex 48.553179852490935 -21.580968639911788 5.800000000000001
      vertex 48.3167106990588 -21.405591163092364 5.800000000000001
    endloop
  endfacet
  facet normal 0 0 1
    outer loop
      vertex 48.771320343559644 -26.02132034355964 5.800000000000001
      vertex 48.771320343559644 -21.778679656440357 5.800000000000001
      vertex 48.553179852490935 -21.580968639911788 5.800000000000001
    endloop
  endfacet
  facet normal 0 0 1
    outer loop
      vertex 48.96903136008821 -25.803179852490935 5.800000000000001
      vertex 48.96903136008821 -21.996820147509062 5.800000000000001
      vertex 48.771320343559644 -21.778679656440357 5.800000000000001
    endloop
  endfacet
  facet normal -0.5141027441932281 -0.8577286100002682 1.8543950195474833e-18
    outer loop
      vertex -48.3167106990588 -26.394408836907633 1.6
      vertex -48.06419021047799 -26.545763793045065 1.6
      vertex -48.06419021047799 -26.545763793045065 5.800000000000001
    endloop
  endfacet
  facet normal -0.4275550934302729 -0.9039892931234478 4.567006212129077e-19
    outer loop
      vertex -48.06419021047799 -26.545763793045065 1.6
      vertex -47.798050297095266 -26.671638597533857 1.6
      vertex -47.798050297095266 -26.671638597533857 5.800000000000001
    endloop
  endfacet
  facet normal -0.7409511253549638 -0.6715589548470131 8.066421233085063e-19
    outer loop
      vertex -48.771320343559644 -26.02132034355964 1.6
      vertex -48.96903136008821 -25.803179852490935 5.800000000000001
      vertex -48.96903136008821 -25.803179852490935 1.6
    endloop
  endfacet
  facet normal -0.857728610000279 -0.5141027441932103 0
    outer loop
      vertex -49.29576379304506 -25.314190210477992 1.6
      vertex -49.14440883690764 -25.566710699058806 1.6
      vertex -49.29576379304506 -25.314190210477992 5.800000000000001
    endloop
  endfacet
  facet normal -0.8032075314806393 -0.5956993044924411 1.420591570066263e-18
    outer loop
      vertex -48.96903136008821 -25.803179852490935 1.6
      vertex -49.14440883690764 -25.566710699058806 5.800000000000001
      vertex -49.14440883690764 -25.566710699058806 1.6
    endloop
  endfacet
  facet normal -0.6715589548470138 -0.7409511253549633 1.2781824375434236e-18
    outer loop
      vertex -48.771320343559644 -26.02132034355964 1.6
      vertex -48.553179852490935 -26.21903136008821 1.6
      vertex -48.553179852490935 -26.21903136008821 5.800000000000001
    endloop
  endfacet
  facet normal -0.5956993044924276 -0.8032075314806493 0
    outer loop
      vertex -48.3167106990588 -26.394408836907633 1.6
      vertex -48.3167106990588 -26.394408836907633 5.800000000000001
      vertex -48.553179852490935 -26.21903136008821 1.6
    endloop
  endfacet
  facet normal -0.33688985339222255 -0.9415440651830198 -1.0483711421911137e-18
    outer loop
      vertex -47.798050297095266 -26.671638597533857 1.6
      vertex -47.520854031763385 -26.770821007196623 1.6
      vertex -47.520854031763385 -26.770821007196623 5.800000000000001
    endloop
  endfacet
  facet normal -0.24298017990326343 -0.9700312531945441 7.02966758770348e-20
    outer loop
      vertex -47.520854031763385 -26.770821007196623 1.6
      vertex -47.23527096604838 -26.842355841209688 1.6
      vertex -47.23527096604838 -26.842355841209688 5.800000000000001
    endloop
  endfacet
  facet normal -0.146730474455373 -0.9891765099647793 3.3059769799669276e-19
    outer loop
      vertex -47.23527096604838 -26.842355841209688 1.6
      vertex -46.94405142098868 -26.88555418001659 1.6
      vertex -46.94405142098868 -26.88555418001659 5.800000000000001
    endloop
  endfacet
  facet normal -0.04906767432741262 -0.9987954562051726 0
    outer loop
      vertex -46.65 -26.9 1.6
      vertex -46.65 -26.9 5.800000000000001
      vertex -46.94405142098868 -26.88555418001659 1.6
    endloop
  endfacet
  facet normal 0.04906767432741262 -0.9987954562051726 -5.722108345509578e-20
    outer loop
      vertex -46.65 -26.9 1.6
      vertex -46.35594857901132 -26.88555418001659 1.6
      vertex -46.35594857901132 -26.88555418001659 5.800000000000001
    endloop
  endfacet
  facet normal 0.146730474455373 -0.9891765099647793 -3.3059769799669276e-19
    outer loop
      vertex -46.35594857901132 -26.88555418001659 1.6
      vertex -46.064729033951615 -26.842355841209688 1.6
      vertex -46.064729033951615 -26.842355841209688 5.800000000000001
    endloop
  endfacet
  facet normal 0.24298017990326343 -0.9700312531945441 -7.02966758770348e-20
    outer loop
      vertex -46.064729033951615 -26.842355841209688 1.6
      vertex -45.77914596823661 -26.770821007196623 1.6
      vertex -45.77914596823661 -26.770821007196623 5.800000000000001
    endloop
  endfacet
  facet normal 0.33688985339222255 -0.9415440651830198 1.0483711421911137e-18
    outer loop
      vertex -45.77914596823661 -26.770821007196623 1.6
      vertex -45.50194970290473 -26.671638597533857 1.6
      vertex -45.50194970290473 -26.671638597533857 5.800000000000001
    endloop
  endfacet
  facet normal 0.4275550934302729 -0.9039892931234478 -4.567006212129077e-19
    outer loop
      vertex -45.50194970290473 -26.671638597533857 1.6
      vertex -45.23580978952201 -26.545763793045065 1.6
      vertex -45.23580978952201 -26.545763793045065 5.800000000000001
    endloop
  endfacet
  facet normal 0.5141027441932281 -0.8577286100002682 -1.8543950195474833e-18
    outer loop
      vertex -45.23580978952201 -26.545763793045065 1.6
      vertex -44.983289300941195 -26.394408836907633 1.6
      vertex -44.983289300941195 -26.394408836907633 5.800000000000001
    endloop
  endfacet
  facet normal 0.5956993044924276 -0.8032075314806493 2.6257876777210815e-18
    outer loop
      vertex -44.983289300941195 -26.394408836907633 1.6
      vertex -44.74682014750906 -26.21903136008821 1.6
      vertex -44.74682014750906 -26.21903136008821 5.800000000000001
    endloop
  endfacet
  facet normal 0.6715589548470138 -0.7409511253549633 -1.2781824375434236e-18
    outer loop
      vertex -44.74682014750906 -26.21903136008821 1.6
      vertex -44.52867965644035 -26.02132034355964 1.6
      vertex -44.52867965644035 -26.02132034355964 5.800000000000001
    endloop
  endfacet
  facet normal 0.7409511253549638 -0.6715589548470131 0
    outer loop
      vertex -44.52867965644035 -26.02132034355964 1.6
      vertex -44.33096863991179 -25.803179852490935 1.6
      vertex -44.52867965644035 -26.02132034355964 5.800000000000001
    endloop
  endfacet
  facet normal 0.8032075314806393 -0.5956993044924411 0
    outer loop
      vertex -44.33096863991179 -25.803179852490935 1.6
      vertex -44.15559116309236 -25.566710699058806 1.6
      vertex -44.33096863991179 -25.803179852490935 5.800000000000001
    endloop
  endfacet
  facet normal 0.857728610000279 -0.5141027441932103 0
    outer loop
      vertex -44.15559116309236 -25.566710699058806 1.6
      vertex -44.004236206954936 -25.314190210477992 1.6
      vertex -44.15559116309236 -25.566710699058806 5.800000000000001
    endloop
  endfacet
  facet normal -0.903989293123443 -0.42755509343028275 -1.0227428397527143e-18
    outer loop
      vertex -49.29576379304506 -25.314190210477992 1.6
      vertex -49.42163859753386 -25.04805029709527 5.800000000000001
      vertex -49.42163859753386 -25.04805029709527 1.6
    endloop
  endfacet
  facet normal -0.9415440651830213 -0.3368898533922187 1.7838096296523365e-19
    outer loop
      vertex -49.42163859753386 -25.04805029709527 1.6
      vertex -49.52082100719662 -24.770854031763385 5.800000000000001
      vertex -49.52082100719662 -24.770854031763385 1.6
    endloop
  endfacet
  facet normal -0.9700312531945441 -0.24298017990326343 7.02966758770348e-20
    outer loop
      vertex -49.52082100719662 -24.770854031763385 1.6
      vertex -49.59235584120969 -24.485270966048382 5.800000000000001
      vertex -49.59235584120969 -24.485270966048382 1.6
    endloop
  endfacet
  facet normal -0.9891765099647791 -0.14673047445537474 -4.126745807646478e-19
    outer loop
      vertex -49.59235584120969 -24.485270966048382 1.6
      vertex -49.63555418001659 -24.194051420988682 5.800000000000001
      vertex -49.63555418001659 -24.194051420988682 1.6
    endloop
  endfacet
  facet normal -0.9987954562051726 -0.049067674327412034 -6.208265436542447e-20
    outer loop
      vertex -49.63555418001659 -24.194051420988682 1.6
      vertex -49.65 -23.9 5.800000000000001
      vertex -49.65 -23.9 1.6
    endloop
  endfacet
  facet normal -0.9987954562051726 0.049067674327412034 6.208265436542447e-20
    outer loop
      vertex -49.65 -23.9 1.6
      vertex -49.63555418001659 -23.605948579011315 5.800000000000001
      vertex -49.63555418001659 -23.605948579011315 1.6
    endloop
  endfacet
  facet normal -0.9891765099647791 0.14673047445537474 4.126745807646478e-19
    outer loop
      vertex -49.63555418001659 -23.605948579011315 1.6
      vertex -49.59235584120969 -23.314729033951615 5.800000000000001
      vertex -49.59235584120969 -23.314729033951615 1.6
    endloop
  endfacet
  facet normal -0.9700312531945441 0.24298017990326343 -7.02966758770348e-20
    outer loop
      vertex -49.59235584120969 -23.314729033951615 1.6
      vertex -49.52082100719662 -23.029145968236612 5.800000000000001
      vertex -49.52082100719662 -23.029145968236612 1.6
    endloop
  endfacet
  facet normal -0.9415440651830213 0.3368898533922187 -1.7838096296523365e-19
    outer loop
      vertex -49.52082100719662 -23.029145968236612 1.6
      vertex -49.42163859753386 -22.751949702904728 5.800000000000001
      vertex -49.42163859753386 -22.751949702904728 1.6
    endloop
  endfacet
  facet normal -0.903989293123443 0.42755509343028275 1.0227428397527143e-18
    outer loop
      vertex -49.42163859753386 -22.751949702904728 1.6
      vertex -49.29576379304506 -22.485809789522005 5.800000000000001
      vertex -49.29576379304506 -22.485809789522005 1.6
    endloop
  endfacet
  facet normal -0.857728610000279 0.5141027441932103 4.970166373910749e-19
    outer loop
      vertex -49.29576379304506 -22.485809789522005 1.6
      vertex -49.14440883690764 -22.23328930094119 5.800000000000001
      vertex -49.14440883690764 -22.23328930094119 1.6
    endloop
  endfacet
  facet normal -0.8032075314806393 0.5956993044924411 -1.420591570066263e-18
    outer loop
      vertex -49.14440883690764 -22.23328930094119 1.6
      vertex -48.96903136008821 -21.996820147509062 5.800000000000001
      vertex -48.96903136008821 -21.996820147509062 1.6
    endloop
  endfacet
  facet normal -0.7409511253549638 0.6715589548470131 -8.066421233085063e-19
    outer loop
      vertex -48.96903136008821 -21.996820147509062 1.6
      vertex -48.771320343559644 -21.778679656440357 5.800000000000001
      vertex -48.771320343559644 -21.778679656440357 1.6
    endloop
  endfacet
  facet normal -0.6715589548470138 0.7409511253549633 0
    outer loop
      vertex -48.771320343559644 -21.778679656440357 1.6
      vertex -48.771320343559644 -21.778679656440357 5.800000000000001
      vertex -48.553179852490935 -21.580968639911788 1.6
    endloop
  endfacet
  facet normal -0.5956993044924276 0.8032075314806493 0
    outer loop
      vertex -48.553179852490935 -21.580968639911788 1.6
      vertex -48.553179852490935 -21.580968639911788 5.800000000000001
      vertex -48.3167106990588 -21.405591163092364 1.6
    endloop
  endfacet
  facet normal -0.5141027441932281 0.8577286100002682 0
    outer loop
      vertex -48.3167106990588 -21.405591163092364 1.6
      vertex -48.3167106990588 -21.405591163092364 5.800000000000001
      vertex -48.06419021047799 -21.254236206954932 1.6
    endloop
  endfacet
  facet normal -0.4275550934302729 0.9039892931234478 0
    outer loop
      vertex -48.06419021047799 -21.254236206954932 1.6
      vertex -48.06419021047799 -21.254236206954932 5.800000000000001
      vertex -47.798050297095266 -21.12836140246614 1.6
    endloop
  endfacet
  facet normal -0.33688985339222255 0.9415440651830198 0
    outer loop
      vertex -47.798050297095266 -21.12836140246614 1.6
      vertex -47.798050297095266 -21.12836140246614 5.800000000000001
      vertex -47.520854031763385 -21.029178992803374 1.6
    endloop
  endfacet
  facet normal 0.903989293123443 -0.42755509343028275 0
    outer loop
      vertex -44.004236206954936 -25.314190210477992 1.6
      vertex -43.87836140246614 -25.04805029709527 1.6
      vertex -44.004236206954936 -25.314190210477992 5.800000000000001
    endloop
  endfacet
  facet normal 0.9415440651830213 -0.3368898533922187 0
    outer loop
      vertex -43.87836140246614 -25.04805029709527 1.6
      vertex -43.779178992803374 -24.770854031763385 1.6
      vertex -43.87836140246614 -25.04805029709527 5.800000000000001
    endloop
  endfacet
  facet normal 0.9700312531945441 -0.24298017990326343 0
    outer loop
      vertex -43.779178992803374 -24.770854031763385 1.6
      vertex -43.70764415879031 -24.485270966048382 1.6
      vertex -43.779178992803374 -24.770854031763385 5.800000000000001
    endloop
  endfacet
  facet normal 0.9891765099647791 -0.14673047445537474 0
    outer loop
      vertex -43.70764415879031 -24.485270966048382 1.6
      vertex -43.664445819983406 -24.194051420988682 1.6
      vertex -43.70764415879031 -24.485270966048382 5.800000000000001
    endloop
  endfacet
  facet normal 0.9987954562051726 -0.049067674327412034 0
    outer loop
      vertex -43.664445819983406 -24.194051420988682 1.6
      vertex -43.65 -23.9 1.6
      vertex -43.664445819983406 -24.194051420988682 5.800000000000001
    endloop
  endfacet
  facet normal 0.9987954562051726 0.049067674327412034 0
    outer loop
      vertex -43.65 -23.9 1.6
      vertex -43.664445819983406 -23.605948579011315 1.6
      vertex -43.65 -23.9 5.800000000000001
    endloop
  endfacet
  facet normal 0.9891765099647791 0.14673047445537474 0
    outer loop
      vertex -43.664445819983406 -23.605948579011315 1.6
      vertex -43.70764415879031 -23.314729033951615 1.6
      vertex -43.664445819983406 -23.605948579011315 5.800000000000001
    endloop
  endfacet
  facet normal 0.9700312531945441 0.24298017990326343 0
    outer loop
      vertex -43.70764415879031 -23.314729033951615 1.6
      vertex -43.779178992803374 -23.029145968236612 1.6
      vertex -43.70764415879031 -23.314729033951615 5.800000000000001
    endloop
  endfacet
  facet normal 0.4275550934302729 0.9039892931234478 0
    outer loop
      vertex -45.50194970290473 -21.12836140246614 1.6
      vertex -45.50194970290473 -21.12836140246614 5.800000000000001
      vertex -45.23580978952201 -21.254236206954932 1.6
    endloop
  endfacet
  facet normal 0.7409511253549638 0.6715589548470131 8.066421233085063e-19
    outer loop
      vertex -44.52867965644035 -21.778679656440357 1.6
      vertex -44.33096863991179 -21.996820147509062 5.800000000000001
      vertex -44.33096863991179 -21.996820147509062 1.6
    endloop
  endfacet
  facet normal 0.6715589548470138 0.7409511253549633 1.2781824375434236e-18
    outer loop
      vertex -44.52867965644035 -21.778679656440357 1.6
      vertex -44.74682014750906 -21.580968639911788 1.6
      vertex -44.74682014750906 -21.580968639911788 5.800000000000001
    endloop
  endfacet
  facet normal 0.5956993044924276 0.8032075314806493 0
    outer loop
      vertex -44.983289300941195 -21.405591163092364 1.6
      vertex -44.983289300941195 -21.405591163092364 5.800000000000001
      vertex -44.74682014750906 -21.580968639911788 1.6
    endloop
  endfacet
  facet normal 0.5141027441932281 0.8577286100002682 0
    outer loop
      vertex -45.23580978952201 -21.254236206954932 1.6
      vertex -45.23580978952201 -21.254236206954932 5.800000000000001
      vertex -44.983289300941195 -21.405591163092364 1.6
    endloop
  endfacet
  facet normal 0.9415440651830213 0.3368898533922187 0
    outer loop
      vertex -43.779178992803374 -23.029145968236612 1.6
      vertex -43.87836140246614 -22.751949702904728 1.6
      vertex -43.779178992803374 -23.029145968236612 5.800000000000001
    endloop
  endfacet
  facet normal 0.903989293123443 0.42755509343028275 0
    outer loop
      vertex -43.87836140246614 -22.751949702904728 1.6
      vertex -44.004236206954936 -22.485809789522005 1.6
      vertex -43.87836140246614 -22.751949702904728 5.800000000000001
    endloop
  endfacet
  facet normal 0.8032075314806393 0.5956993044924411 0
    outer loop
      vertex -44.15559116309236 -22.23328930094119 1.6
      vertex -44.33096863991179 -21.996820147509062 1.6
      vertex -44.15559116309236 -22.23328930094119 5.800000000000001
    endloop
  endfacet
  facet normal 0.857728610000279 0.5141027441932103 0
    outer loop
      vertex -44.004236206954936 -22.485809789522005 1.6
      vertex -44.15559116309236 -22.23328930094119 1.6
      vertex -44.004236206954936 -22.485809789522005 5.800000000000001
    endloop
  endfacet
  facet normal -0.24298017990326343 0.9700312531945441 0
    outer loop
      vertex -47.520854031763385 -21.029178992803374 1.6
      vertex -47.520854031763385 -21.029178992803374 5.800000000000001
      vertex -47.23527096604838 -20.95764415879031 1.6
    endloop
  endfacet
  facet normal -0.146730474455373 0.9891765099647793 0
    outer loop
      vertex -47.23527096604838 -20.95764415879031 1.6
      vertex -47.23527096604838 -20.95764415879031 5.800000000000001
      vertex -46.94405142098868 -20.914445819983406 1.6
    endloop
  endfacet
  facet normal -0.04906767432741262 0.9987954562051726 0
    outer loop
      vertex -46.94405142098868 -20.914445819983406 1.6
      vertex -46.94405142098868 -20.914445819983406 5.800000000000001
      vertex -46.65 -20.9 1.6
    endloop
  endfacet
  facet normal 0.04906767432741262 0.9987954562051726 0
    outer loop
      vertex -46.65 -20.9 1.6
      vertex -46.65 -20.9 5.800000000000001
      vertex -46.35594857901132 -20.914445819983406 1.6
    endloop
  endfacet
  facet normal 0.146730474455373 0.9891765099647793 0
    outer loop
      vertex -46.35594857901132 -20.914445819983406 1.6
      vertex -46.35594857901132 -20.914445819983406 5.800000000000001
      vertex -46.064729033951615 -20.95764415879031 1.6
    endloop
  endfacet
  facet normal 0.24298017990326343 0.9700312531945441 0
    outer loop
      vertex -46.064729033951615 -20.95764415879031 1.6
      vertex -46.064729033951615 -20.95764415879031 5.800000000000001
      vertex -45.77914596823661 -21.029178992803374 1.6
    endloop
  endfacet
  facet normal 0.33688985339222255 0.9415440651830198 -1.0483711421911137e-18
    outer loop
      vertex -45.50194970290473 -21.12836140246614 1.6
      vertex -45.77914596823661 -21.029178992803374 1.6
      vertex -45.77914596823661 -21.029178992803374 5.800000000000001
    endloop
  endfacet
  facet normal -0.5141027441932281 -0.8577286100002682 0
    outer loop
      vertex -48.3167106990588 -26.394408836907633 1.6
      vertex -48.06419021047799 -26.545763793045065 5.800000000000001
      vertex -48.3167106990588 -26.394408836907633 5.800000000000001
    endloop
  endfacet
  facet normal -0.4275550934302729 -0.9039892931234478 0
    outer loop
      vertex -48.06419021047799 -26.545763793045065 1.6
      vertex -47.798050297095266 -26.671638597533857 5.800000000000001
      vertex -48.06419021047799 -26.545763793045065 5.800000000000001
    endloop
  endfacet
  facet normal -0.7409511253549638 -0.6715589548470131 0
    outer loop
      vertex -48.771320343559644 -26.02132034355964 1.6
      vertex -48.771320343559644 -26.02132034355964 5.800000000000001
      vertex -48.96903136008821 -25.803179852490935 5.800000000000001
    endloop
  endfacet
  facet normal -0.8032075314806393 -0.5956993044924411 0
    outer loop
      vertex -48.96903136008821 -25.803179852490935 1.6
      vertex -48.96903136008821 -25.803179852490935 5.800000000000001
      vertex -49.14440883690764 -25.566710699058806 5.800000000000001
    endloop
  endfacet
  facet normal -0.857728610000279 -0.5141027441932103 0
    outer loop
      vertex -49.14440883690764 -25.566710699058806 1.6
      vertex -49.14440883690764 -25.566710699058806 5.800000000000001
      vertex -49.29576379304506 -25.314190210477992 5.800000000000001
    endloop
  endfacet
  facet normal -0.5956993044924276 -0.8032075314806493 0
    outer loop
      vertex -48.553179852490935 -26.21903136008821 1.6
      vertex -48.3167106990588 -26.394408836907633 5.800000000000001
      vertex -48.553179852490935 -26.21903136008821 5.800000000000001
    endloop
  endfacet
  facet normal -0.6715589548470138 -0.7409511253549633 0
    outer loop
      vertex -48.771320343559644 -26.02132034355964 1.6
      vertex -48.553179852490935 -26.21903136008821 5.800000000000001
      vertex -48.771320343559644 -26.02132034355964 5.800000000000001
    endloop
  endfacet
  facet normal -0.33688985339222255 -0.9415440651830198 0
    outer loop
      vertex -47.798050297095266 -26.671638597533857 1.6
      vertex -47.520854031763385 -26.770821007196623 5.800000000000001
      vertex -47.798050297095266 -26.671638597533857 5.800000000000001
    endloop
  endfacet
  facet normal -0.24298017990326343 -0.9700312531945441 0
    outer loop
      vertex -47.520854031763385 -26.770821007196623 1.6
      vertex -47.23527096604838 -26.842355841209688 5.800000000000001
      vertex -47.520854031763385 -26.770821007196623 5.800000000000001
    endloop
  endfacet
  facet normal -0.146730474455373 -0.9891765099647793 0
    outer loop
      vertex -47.23527096604838 -26.842355841209688 1.6
      vertex -46.94405142098868 -26.88555418001659 5.800000000000001
      vertex -47.23527096604838 -26.842355841209688 5.800000000000001
    endloop
  endfacet
  facet normal 0.04906767432741262 -0.9987954562051726 0
    outer loop
      vertex -46.65 -26.9 1.6
      vertex -46.35594857901132 -26.88555418001659 5.800000000000001
      vertex -46.65 -26.9 5.800000000000001
    endloop
  endfacet
  facet normal -0.04906767432741262 -0.9987954562051726 0
    outer loop
      vertex -46.94405142098868 -26.88555418001659 1.6
      vertex -46.65 -26.9 5.800000000000001
      vertex -46.94405142098868 -26.88555418001659 5.800000000000001
    endloop
  endfacet
  facet normal 0.146730474455373 -0.9891765099647793 0
    outer loop
      vertex -46.35594857901132 -26.88555418001659 1.6
      vertex -46.064729033951615 -26.842355841209688 5.800000000000001
      vertex -46.35594857901132 -26.88555418001659 5.800000000000001
    endloop
  endfacet
  facet normal 0.24298017990326343 -0.9700312531945441 0
    outer loop
      vertex -46.064729033951615 -26.842355841209688 1.6
      vertex -45.77914596823661 -26.770821007196623 5.800000000000001
      vertex -46.064729033951615 -26.842355841209688 5.800000000000001
    endloop
  endfacet
  facet normal 0.33688985339222255 -0.9415440651830198 0
    outer loop
      vertex -45.77914596823661 -26.770821007196623 1.6
      vertex -45.50194970290473 -26.671638597533857 5.800000000000001
      vertex -45.77914596823661 -26.770821007196623 5.800000000000001
    endloop
  endfacet
  facet normal 0.4275550934302729 -0.9039892931234478 0
    outer loop
      vertex -45.50194970290473 -26.671638597533857 1.6
      vertex -45.23580978952201 -26.545763793045065 5.800000000000001
      vertex -45.50194970290473 -26.671638597533857 5.800000000000001
    endloop
  endfacet
  facet normal 0.5141027441932281 -0.8577286100002682 0
    outer loop
      vertex -45.23580978952201 -26.545763793045065 1.6
      vertex -44.983289300941195 -26.394408836907633 5.800000000000001
      vertex -45.23580978952201 -26.545763793045065 5.800000000000001
    endloop
  endfacet
  facet normal 0.5956993044924276 -0.8032075314806493 0
    outer loop
      vertex -44.983289300941195 -26.394408836907633 1.6
      vertex -44.74682014750906 -26.21903136008821 5.800000000000001
      vertex -44.983289300941195 -26.394408836907633 5.800000000000001
    endloop
  endfacet
  facet normal 0.6715589548470138 -0.7409511253549633 0
    outer loop
      vertex -44.74682014750906 -26.21903136008821 1.6
      vertex -44.52867965644035 -26.02132034355964 5.800000000000001
      vertex -44.74682014750906 -26.21903136008821 5.800000000000001
    endloop
  endfacet
  facet normal 0.7409511253549638 -0.6715589548470131 0
    outer loop
      vertex -44.33096863991179 -25.803179852490935 1.6
      vertex -44.33096863991179 -25.803179852490935 5.800000000000001
      vertex -44.52867965644035 -26.02132034355964 5.800000000000001
    endloop
  endfacet
  facet normal 0.8032075314806393 -0.5956993044924411 0
    outer loop
      vertex -44.15559116309236 -25.566710699058806 1.6
      vertex -44.15559116309236 -25.566710699058806 5.800000000000001
      vertex -44.33096863991179 -25.803179852490935 5.800000000000001
    endloop
  endfacet
  facet normal 0.857728610000279 -0.5141027441932103 0
    outer loop
      vertex -44.004236206954936 -25.314190210477992 1.6
      vertex -44.004236206954936 -25.314190210477992 5.800000000000001
      vertex -44.15559116309236 -25.566710699058806 5.800000000000001
    endloop
  endfacet
  facet normal 0 0 1
    outer loop
      vertex -47.798050297095266 -26.671638597533857 5.800000000000001
      vertex -47.520854031763385 -26.770821007196623 5.800000000000001
      vertex -47.68933701537818 -24.594462791274502 5.800000000000001
    endloop
  endfacet
  facet normal 0 0 1
    outer loop
      vertex -47.520854031763385 -26.770821007196623 5.800000000000001
      vertex -47.23527096604838 -26.842355841209688 5.800000000000001
      vertex -47.3444627912745 -24.93933701537818 5.800000000000001
    endloop
  endfacet
  facet normal 0 0 1
    outer loop
      vertex -47.23527096604838 -26.842355841209688 5.800000000000001
      vertex -46.94405142098868 -26.88555418001659 5.800000000000001
      vertex -47.12835429045636 -25.054849415639108 5.800000000000001
    endloop
  endfacet
  facet normal 0 0 1
    outer loop
      vertex -47.520854031763385 -26.770821007196623 5.800000000000001
      vertex -47.442991605204554 -24.86626306670342 5.800000000000001
      vertex -47.53388347648318 -24.783883476483183 5.800000000000001
    endloop
  endfacet
  facet normal 0 0 1
    outer loop
      vertex -47.520854031763385 -26.770821007196623 5.800000000000001
      vertex -47.53388347648318 -24.783883476483183 5.800000000000001
      vertex -47.61626306670342 -24.692991605204554 5.800000000000001
    endloop
  endfacet
  facet normal 0 0 1
    outer loop
      vertex -47.520854031763385 -26.770821007196623 5.800000000000001
      vertex -47.61626306670342 -24.692991605204554 5.800000000000001
      vertex -47.68933701537818 -24.594462791274502 5.800000000000001
    endloop
  endfacet
  facet normal 0 0 1
    outer loop
      vertex -47.23527096604838 -26.842355841209688 5.800000000000001
      vertex -47.2392459210325 -25.002401580435443 5.800000000000001
      vertex -47.3444627912745 -24.93933701537818 5.800000000000001
    endloop
  endfacet
  facet normal 0 0 1
    outer loop
      vertex -47.23527096604838 -26.842355841209688 5.800000000000001
      vertex -47.12835429045636 -25.054849415639108 5.800000000000001
      vertex -47.2392459210325 -25.002401580435443 5.800000000000001
    endloop
  endfacet
  facet normal 0 0 1
    outer loop
      vertex -46.94405142098868 -26.88555418001659 5.800000000000001
      vertex -47.01285584656808 -25.096175419665258 5.800000000000001
      vertex -47.12835429045636 -25.054849415639108 5.800000000000001
    endloop
  endfacet
  facet normal 0 0 1
    outer loop
      vertex -47.520854031763385 -26.770821007196623 5.800000000000001
      vertex -47.3444627912745 -24.93933701537818 5.800000000000001
      vertex -47.442991605204554 -24.86626306670342 5.800000000000001
    endloop
  endfacet
  facet normal 0 0 1
    outer loop
      vertex -46.65 -26.9 5.800000000000001
      vertex -46.77252142541195 -25.143980908340247 5.800000000000001
      vertex -46.94405142098868 -26.88555418001659 5.800000000000001
    endloop
  endfacet
  facet normal 0 0 1
    outer loop
      vertex -46.65 -26.9 5.800000000000001
      vertex -46.35594857901132 -26.88555418001659 5.800000000000001
      vertex -46.527478574588045 -25.143980908340247 5.800000000000001
    endloop
  endfacet
  facet normal 0 0 1
    outer loop
      vertex -46.35594857901132 -26.88555418001659 5.800000000000001
      vertex -46.064729033951615 -26.842355841209688 5.800000000000001
      vertex -46.406137097479835 -25.125981600504037 5.800000000000001
    endloop
  endfacet
  facet normal 0 0 1
    outer loop
      vertex -46.94405142098868 -26.88555418001659 5.800000000000001
      vertex -46.77252142541195 -25.143980908340247 5.800000000000001
      vertex -46.89386290252016 -25.125981600504037 5.800000000000001
    endloop
  endfacet
  facet normal 0 0 1
    outer loop
      vertex -46.94405142098868 -26.88555418001659 5.800000000000001
      vertex -46.89386290252016 -25.125981600504037 5.800000000000001
      vertex -47.01285584656808 -25.096175419665258 5.800000000000001
    endloop
  endfacet
  facet normal 0 0 1
    outer loop
      vertex -46.65 -26.9 5.800000000000001
      vertex -46.65 -25.15 5.800000000000001
      vertex -46.77252142541195 -25.143980908340247 5.800000000000001
    endloop
  endfacet
  facet normal 0 0 1
    outer loop
      vertex -46.65 -26.9 5.800000000000001
      vertex -46.527478574588045 -25.143980908340247 5.800000000000001
      vertex -46.65 -25.15 5.800000000000001
    endloop
  endfacet
  facet normal 0 0 1
    outer loop
      vertex -46.35594857901132 -26.88555418001659 5.800000000000001
      vertex -46.406137097479835 -25.125981600504037 5.800000000000001
      vertex -46.527478574588045 -25.143980908340247 5.800000000000001
    endloop
  endfacet
  facet normal 0 0 1
    outer loop
      vertex -46.064729033951615 -26.842355841209688 5.800000000000001
      vertex -46.28714415343192 -25.096175419665258 5.800000000000001
      vertex -46.406137097479835 -25.125981600504037 5.800000000000001
    endloop
  endfacet
  facet normal 0 0 1
    outer loop
      vertex -46.064729033951615 -26.842355841209688 5.800000000000001
      vertex -46.17164570954364 -25.054849415639108 5.800000000000001
      vertex -46.28714415343192 -25.096175419665258 5.800000000000001
    endloop
  endfacet
  facet normal 0 0 1
    outer loop
      vertex -46.064729033951615 -26.842355841209688 5.800000000000001
      vertex -45.77914596823661 -26.770821007196623 5.800000000000001
      vertex -46.17164570954364 -25.054849415639108 5.800000000000001
    endloop
  endfacet
  facet normal 0 0 1
    outer loop
      vertex -45.77914596823661 -26.770821007196623 5.800000000000001
      vertex -45.50194970290473 -26.671638597533857 5.800000000000001
      vertex -45.85700839479544 -24.86626306670342 5.800000000000001
    endloop
  endfacet
  facet normal 0 0 1
    outer loop
      vertex -45.50194970290473 -26.671638597533857 5.800000000000001
      vertex -45.23580978952201 -26.545763793045065 5.800000000000001
      vertex -45.54759841956456 -24.489245921032495 5.800000000000001
    endloop
  endfacet
  facet normal 0 0 1
    outer loop
      vertex -45.77914596823661 -26.770821007196623 5.800000000000001
      vertex -46.0607540789675 -25.002401580435443 5.800000000000001
      vertex -46.17164570954364 -25.054849415639108 5.800000000000001
    endloop
  endfacet
  facet normal 0 0 1
    outer loop
      vertex -45.77914596823661 -26.770821007196623 5.800000000000001
      vertex -45.955537208725495 -24.93933701537818 5.800000000000001
      vertex -46.0607540789675 -25.002401580435443 5.800000000000001
    endloop
  endfacet
  facet normal 0 0 1
    outer loop
      vertex -45.77914596823661 -26.770821007196623 5.800000000000001
      vertex -45.85700839479544 -24.86626306670342 5.800000000000001
      vertex -45.955537208725495 -24.93933701537818 5.800000000000001
    endloop
  endfacet
  facet normal 0 0 1
    outer loop
      vertex -45.50194970290473 -26.671638597533857 5.800000000000001
      vertex -45.766116523516814 -24.783883476483183 5.800000000000001
      vertex -45.85700839479544 -24.86626306670342 5.800000000000001
    endloop
  endfacet
  facet normal 0 0 1
    outer loop
      vertex -45.50194970290473 -26.671638597533857 5.800000000000001
      vertex -45.68373693329658 -24.692991605204554 5.800000000000001
      vertex -45.766116523516814 -24.783883476483183 5.800000000000001
    endloop
  endfacet
  facet normal 0 0 1
    outer loop
      vertex -45.50194970290473 -26.671638597533857 5.800000000000001
      vertex -45.61066298462182 -24.594462791274502 5.800000000000001
      vertex -45.68373693329658 -24.692991605204554 5.800000000000001
    endloop
  endfacet
  facet normal -0.903989293123443 -0.42755509343028275 0
    outer loop
      vertex -49.29576379304506 -25.314190210477992 1.6
      vertex -49.29576379304506 -25.314190210477992 5.800000000000001
      vertex -49.42163859753386 -25.04805029709527 5.800000000000001
    endloop
  endfacet
  facet normal -0.9415440651830213 -0.3368898533922187 0
    outer loop
      vertex -49.42163859753386 -25.04805029709527 1.6
      vertex -49.42163859753386 -25.04805029709527 5.800000000000001
      vertex -49.52082100719662 -24.770854031763385 5.800000000000001
    endloop
  endfacet
  facet normal -0.9700312531945441 -0.24298017990326343 0
    outer loop
      vertex -49.52082100719662 -24.770854031763385 1.6
      vertex -49.52082100719662 -24.770854031763385 5.800000000000001
      vertex -49.59235584120969 -24.485270966048382 5.800000000000001
    endloop
  endfacet
  facet normal -0.9891765099647791 -0.14673047445537474 0
    outer loop
      vertex -49.59235584120969 -24.485270966048382 1.6
      vertex -49.59235584120969 -24.485270966048382 5.800000000000001
      vertex -49.63555418001659 -24.194051420988682 5.800000000000001
    endloop
  endfacet
  facet normal -0.9987954562051726 -0.049067674327412034 0
    outer loop
      vertex -49.63555418001659 -24.194051420988682 1.6
      vertex -49.63555418001659 -24.194051420988682 5.800000000000001
      vertex -49.65 -23.9 5.800000000000001
    endloop
  endfacet
  facet normal -0.9987954562051726 0.049067674327412034 0
    outer loop
      vertex -49.65 -23.9 1.6
      vertex -49.65 -23.9 5.800000000000001
      vertex -49.63555418001659 -23.605948579011315 5.800000000000001
    endloop
  endfacet
  facet normal -0.9891765099647791 0.14673047445537474 0
    outer loop
      vertex -49.63555418001659 -23.605948579011315 1.6
      vertex -49.63555418001659 -23.605948579011315 5.800000000000001
      vertex -49.59235584120969 -23.314729033951615 5.800000000000001
    endloop
  endfacet
  facet normal -0.9700312531945441 0.24298017990326343 0
    outer loop
      vertex -49.59235584120969 -23.314729033951615 1.6
      vertex -49.59235584120969 -23.314729033951615 5.800000000000001
      vertex -49.52082100719662 -23.029145968236612 5.800000000000001
    endloop
  endfacet
  facet normal -0.9415440651830213 0.3368898533922187 0
    outer loop
      vertex -49.52082100719662 -23.029145968236612 1.6
      vertex -49.52082100719662 -23.029145968236612 5.800000000000001
      vertex -49.42163859753386 -22.751949702904728 5.800000000000001
    endloop
  endfacet
  facet normal -0.903989293123443 0.42755509343028275 0
    outer loop
      vertex -49.42163859753386 -22.751949702904728 1.6
      vertex -49.42163859753386 -22.751949702904728 5.800000000000001
      vertex -49.29576379304506 -22.485809789522005 5.800000000000001
    endloop
  endfacet
  facet normal -0.857728610000279 0.5141027441932103 0
    outer loop
      vertex -49.29576379304506 -22.485809789522005 1.6
      vertex -49.29576379304506 -22.485809789522005 5.800000000000001
      vertex -49.14440883690764 -22.23328930094119 5.800000000000001
    endloop
  endfacet
  facet normal -0.8032075314806393 0.5956993044924411 0
    outer loop
      vertex -49.14440883690764 -22.23328930094119 1.6
      vertex -49.14440883690764 -22.23328930094119 5.800000000000001
      vertex -48.96903136008821 -21.996820147509062 5.800000000000001
    endloop
  endfacet
  facet normal -0.7409511253549638 0.6715589548470131 0
    outer loop
      vertex -48.96903136008821 -21.996820147509062 1.6
      vertex -48.96903136008821 -21.996820147509062 5.800000000000001
      vertex -48.771320343559644 -21.778679656440357 5.800000000000001
    endloop
  endfacet
  facet normal -0.6715589548470138 0.7409511253549633 0
    outer loop
      vertex -48.553179852490935 -21.580968639911788 1.6
      vertex -48.771320343559644 -21.778679656440357 5.800000000000001
      vertex -48.553179852490935 -21.580968639911788 5.800000000000001
    endloop
  endfacet
  facet normal -0.5956993044924276 0.8032075314806493 0
    outer loop
      vertex -48.3167106990588 -21.405591163092364 1.6
      vertex -48.553179852490935 -21.580968639911788 5.800000000000001
      vertex -48.3167106990588 -21.405591163092364 5.800000000000001
    endloop
  endfacet
  facet normal -0.5141027441932281 0.8577286100002682 0
    outer loop
      vertex -48.06419021047799 -21.254236206954932 1.6
      vertex -48.3167106990588 -21.405591163092364 5.800000000000001
      vertex -48.06419021047799 -21.254236206954932 5.800000000000001
    endloop
  endfacet
  facet normal -0.4275550934302729 0.9039892931234478 0
    outer loop
      vertex -47.798050297095266 -21.12836140246614 1.6
      vertex -48.06419021047799 -21.254236206954932 5.800000000000001
      vertex -47.798050297095266 -21.12836140246614 5.800000000000001
    endloop
  endfacet
  facet normal 0.903989293123443 -0.42755509343028275 0
    outer loop
      vertex -43.87836140246614 -25.04805029709527 1.6
      vertex -43.87836140246614 -25.04805029709527 5.800000000000001
      vertex -44.004236206954936 -25.314190210477992 5.800000000000001
    endloop
  endfacet
  facet normal 0.9415440651830213 -0.3368898533922187 0
    outer loop
      vertex -43.779178992803374 -24.770854031763385 1.6
      vertex -43.779178992803374 -24.770854031763385 5.800000000000001
      vertex -43.87836140246614 -25.04805029709527 5.800000000000001
    endloop
  endfacet
  facet normal 0.9700312531945441 -0.24298017990326343 0
    outer loop
      vertex -43.70764415879031 -24.485270966048382 1.6
      vertex -43.70764415879031 -24.485270966048382 5.800000000000001
      vertex -43.779178992803374 -24.770854031763385 5.800000000000001
    endloop
  endfacet
  facet normal 0.9891765099647791 -0.14673047445537474 0
    outer loop
      vertex -43.664445819983406 -24.194051420988682 1.6
      vertex -43.664445819983406 -24.194051420988682 5.800000000000001
      vertex -43.70764415879031 -24.485270966048382 5.800000000000001
    endloop
  endfacet
  facet normal 0.9987954562051726 -0.049067674327412034 0
    outer loop
      vertex -43.65 -23.9 1.6
      vertex -43.65 -23.9 5.800000000000001
      vertex -43.664445819983406 -24.194051420988682 5.800000000000001
    endloop
  endfacet
  facet normal 0.9987954562051726 0.049067674327412034 0
    outer loop
      vertex -43.664445819983406 -23.605948579011315 1.6
      vertex -43.664445819983406 -23.605948579011315 5.800000000000001
      vertex -43.65 -23.9 5.800000000000001
    endloop
  endfacet
  facet normal 0.9891765099647791 0.14673047445537474 0
    outer loop
      vertex -43.70764415879031 -23.314729033951615 1.6
      vertex -43.70764415879031 -23.314729033951615 5.800000000000001
      vertex -43.664445819983406 -23.605948579011315 5.800000000000001
    endloop
  endfacet
  facet normal 0.33688985339222255 0.9415440651830198 0
    outer loop
      vertex -45.50194970290473 -21.12836140246614 1.6
      vertex -45.77914596823661 -21.029178992803374 5.800000000000001
      vertex -45.50194970290473 -21.12836140246614 5.800000000000001
    endloop
  endfacet
  facet normal 0.4275550934302729 0.9039892931234478 0
    outer loop
      vertex -45.23580978952201 -21.254236206954932 1.6
      vertex -45.50194970290473 -21.12836140246614 5.800000000000001
      vertex -45.23580978952201 -21.254236206954932 5.800000000000001
    endloop
  endfacet
  facet normal 0.6715589548470138 0.7409511253549633 0
    outer loop
      vertex -44.52867965644035 -21.778679656440357 1.6
      vertex -44.74682014750906 -21.580968639911788 5.800000000000001
      vertex -44.52867965644035 -21.778679656440357 5.800000000000001
    endloop
  endfacet
  facet normal 0.7409511253549638 0.6715589548470131 0
    outer loop
      vertex -44.52867965644035 -21.778679656440357 1.6
      vertex -44.52867965644035 -21.778679656440357 5.800000000000001
      vertex -44.33096863991179 -21.996820147509062 5.800000000000001
    endloop
  endfacet
  facet normal 0.5956993044924276 0.8032075314806493 0
    outer loop
      vertex -44.74682014750906 -21.580968639911788 1.6
      vertex -44.983289300941195 -21.405591163092364 5.800000000000001
      vertex -44.74682014750906 -21.580968639911788 5.800000000000001
    endloop
  endfacet
  facet normal 0.5141027441932281 0.8577286100002682 0
    outer loop
      vertex -44.983289300941195 -21.405591163092364 1.6
      vertex -45.23580978952201 -21.254236206954932 5.800000000000001
      vertex -44.983289300941195 -21.405591163092364 5.800000000000001
    endloop
  endfacet
  facet normal 0.9700312531945441 0.24298017990326343 0
    outer loop
      vertex -43.779178992803374 -23.029145968236612 1.6
      vertex -43.779178992803374 -23.029145968236612 5.800000000000001
      vertex -43.70764415879031 -23.314729033951615 5.800000000000001
    endloop
  endfacet
  facet normal 0.9415440651830213 0.3368898533922187 0
    outer loop
      vertex -43.87836140246614 -22.751949702904728 1.6
      vertex -43.87836140246614 -22.751949702904728 5.800000000000001
      vertex -43.779178992803374 -23.029145968236612 5.800000000000001
    endloop
  endfacet
  facet normal 0.903989293123443 0.42755509343028275 0
    outer loop
      vertex -44.004236206954936 -22.485809789522005 1.6
      vertex -44.004236206954936 -22.485809789522005 5.800000000000001
      vertex -43.87836140246614 -22.751949702904728 5.800000000000001
    endloop
  endfacet
  facet normal 0.857728610000279 0.5141027441932103 0
    outer loop
      vertex -44.15559116309236 -22.23328930094119 1.6
      vertex -44.15559116309236 -22.23328930094119 5.800000000000001
      vertex -44.004236206954936 -22.485809789522005 5.800000000000001
    endloop
  endfacet
  facet normal 0.8032075314806393 0.5956993044924411 0
    outer loop
      vertex -44.33096863991179 -21.996820147509062 1.6
      vertex -44.33096863991179 -21.996820147509062 5.800000000000001
      vertex -44.15559116309236 -22.23328930094119 5.800000000000001
    endloop
  endfacet
  facet normal -0.33688985339222255 0.9415440651830198 0
    outer loop
      vertex -47.520854031763385 -21.029178992803374 1.6
      vertex -47.798050297095266 -21.12836140246614 5.800000000000001
      vertex -47.520854031763385 -21.029178992803374 5.800000000000001
    endloop
  endfacet
  facet normal -0.24298017990326343 0.9700312531945441 0
    outer loop
      vertex -47.23527096604838 -20.95764415879031 1.6
      vertex -47.520854031763385 -21.029178992803374 5.800000000000001
      vertex -47.23527096604838 -20.95764415879031 5.800000000000001
    endloop
  endfacet
  facet normal -0.146730474455373 0.9891765099647793 0
    outer loop
      vertex -46.94405142098868 -20.914445819983406 1.6
      vertex -47.23527096604838 -20.95764415879031 5.800000000000001
      vertex -46.94405142098868 -20.914445819983406 5.800000000000001
    endloop
  endfacet
  facet normal -0.04906767432741262 0.9987954562051726 0
    outer loop
      vertex -46.65 -20.9 1.6
      vertex -46.94405142098868 -20.914445819983406 5.800000000000001
      vertex -46.65 -20.9 5.800000000000001
    endloop
  endfacet
  facet normal 0.04906767432741262 0.9987954562051726 0
    outer loop
      vertex -46.35594857901132 -20.914445819983406 1.6
      vertex -46.65 -20.9 5.800000000000001
      vertex -46.35594857901132 -20.914445819983406 5.800000000000001
    endloop
  endfacet
  facet normal 0.146730474455373 0.9891765099647793 0
    outer loop
      vertex -46.064729033951615 -20.95764415879031 1.6
      vertex -46.35594857901132 -20.914445819983406 5.800000000000001
      vertex -46.064729033951615 -20.95764415879031 5.800000000000001
    endloop
  endfacet
  facet normal 0.24298017990326343 0.9700312531945441 0
    outer loop
      vertex -45.77914596823661 -21.029178992803374 1.6
      vertex -46.064729033951615 -20.95764415879031 5.800000000000001
      vertex -45.77914596823661 -21.029178992803374 5.800000000000001
    endloop
  endfacet
  facet normal 0 0 1
    outer loop
      vertex -49.42163859753386 -25.04805029709527 5.800000000000001
      vertex -49.52082100719662 -23.029145968236612 5.800000000000001
      vertex -49.52082100719662 -24.770854031763385 5.800000000000001
    endloop
  endfacet
  facet normal 0 0 1
    outer loop
      vertex -49.29576379304506 -25.314190210477992 5.800000000000001
      vertex -49.14440883690764 -25.566710699058806 5.800000000000001
      vertex -49.29576379304506 -22.485809789522005 5.800000000000001
    endloop
  endfacet
  facet normal 0 0 1
    outer loop
      vertex -49.29576379304506 -25.314190210477992 5.800000000000001
      vertex -49.42163859753386 -22.751949702904728 5.800000000000001
      vertex -49.42163859753386 -25.04805029709527 5.800000000000001
    endloop
  endfacet
  facet normal 0 0 1
    outer loop
      vertex -48.96903136008821 -25.803179852490935 5.800000000000001
      vertex -49.14440883690764 -22.23328930094119 5.800000000000001
      vertex -49.14440883690764 -25.566710699058806 5.800000000000001
    endloop
  endfacet
  facet normal 0 0 1
    outer loop
      vertex -48.771320343559644 -26.02132034355964 5.800000000000001
      vertex -48.96903136008821 -21.996820147509062 5.800000000000001
      vertex -48.96903136008821 -25.803179852490935 5.800000000000001
    endloop
  endfacet
  facet normal 0 0 1
    outer loop
      vertex -48.06419021047799 -26.545763793045065 5.800000000000001
      vertex -47.798050297095266 -26.671638597533857 5.800000000000001
      vertex -48.06419021047799 -21.254236206954932 5.800000000000001
    endloop
  endfacet
  facet normal 0 0 1
    outer loop
      vertex -48.771320343559644 -26.02132034355964 5.800000000000001
      vertex -48.553179852490935 -26.21903136008821 5.800000000000001
      vertex -48.771320343559644 -21.778679656440357 5.800000000000001
    endloop
  endfacet
  facet normal 0 0 1
    outer loop
      vertex -48.3167106990588 -26.394408836907633 5.800000000000001
      vertex -48.553179852490935 -21.580968639911788 5.800000000000001
      vertex -48.553179852490935 -26.21903136008821 5.800000000000001
    endloop
  endfacet
  facet normal 0 0 1
    outer loop
      vertex -48.3167106990588 -26.394408836907633 5.800000000000001
      vertex -48.06419021047799 -26.545763793045065 5.800000000000001
      vertex -48.3167106990588 -21.405591163092364 5.800000000000001
    endloop
  endfacet
  facet normal 0 0 1
    outer loop
      vertex -49.52082100719662 -24.770854031763385 5.800000000000001
      vertex -49.59235584120969 -23.314729033951615 5.800000000000001
      vertex -49.59235584120969 -24.485270966048382 5.800000000000001
    endloop
  endfacet
  facet normal 0 0 1
    outer loop
      vertex -49.59235584120969 -24.485270966048382 5.800000000000001
      vertex -49.63555418001659 -23.605948579011315 5.800000000000001
      vertex -49.63555418001659 -24.194051420988682 5.800000000000001
    endloop
  endfacet
  facet normal 0 0 1
    outer loop
      vertex -49.63555418001659 -24.194051420988682 5.800000000000001
      vertex -49.63555418001659 -23.605948579011315 5.800000000000001
      vertex -49.65 -23.9 5.800000000000001
    endloop
  endfacet
  facet normal 0 0 1
    outer loop
      vertex -49.59235584120969 -24.485270966048382 5.800000000000001
      vertex -49.59235584120969 -23.314729033951615 5.800000000000001
      vertex -49.63555418001659 -23.605948579011315 5.800000000000001
    endloop
  endfacet
  facet normal 0 0 1
    outer loop
      vertex -49.52082100719662 -24.770854031763385 5.800000000000001
      vertex -49.52082100719662 -23.029145968236612 5.800000000000001
      vertex -49.59235584120969 -23.314729033951615 5.800000000000001
    endloop
  endfacet
  facet normal 0 0 1
    outer loop
      vertex -49.42163859753386 -25.04805029709527 5.800000000000001
      vertex -49.42163859753386 -22.751949702904728 5.800000000000001
      vertex -49.52082100719662 -23.029145968236612 5.800000000000001
    endloop
  endfacet
  facet normal 0 0 1
    outer loop
      vertex -49.29576379304506 -25.314190210477992 5.800000000000001
      vertex -49.29576379304506 -22.485809789522005 5.800000000000001
      vertex -49.42163859753386 -22.751949702904728 5.800000000000001
    endloop
  endfacet
  facet normal 0 0 1
    outer loop
      vertex -49.14440883690764 -25.566710699058806 5.800000000000001
      vertex -49.14440883690764 -22.23328930094119 5.800000000000001
      vertex -49.29576379304506 -22.485809789522005 5.800000000000001
    endloop
  endfacet
  facet normal 0 0 1
    outer loop
      vertex -48.96903136008821 -25.803179852490935 5.800000000000001
      vertex -48.96903136008821 -21.996820147509062 5.800000000000001
      vertex -49.14440883690764 -22.23328930094119 5.800000000000001
    endloop
  endfacet
  facet normal 0 0 1
    outer loop
      vertex -48.771320343559644 -26.02132034355964 5.800000000000001
      vertex -48.771320343559644 -21.778679656440357 5.800000000000001
      vertex -48.96903136008821 -21.996820147509062 5.800000000000001
    endloop
  endfacet
  facet normal 0 0 1
    outer loop
      vertex -47.798050297095266 -26.671638597533857 5.800000000000001
      vertex -47.9 -23.9 5.800000000000001
      vertex -48.06419021047799 -21.254236206954932 5.800000000000001
    endloop
  endfacet
  facet normal 0 0 1
    outer loop
      vertex -47.798050297095266 -26.671638597533857 5.800000000000001
      vertex -47.68933701537818 -24.594462791274502 5.800000000000001
      vertex -47.75240158043544 -24.489245921032495 5.800000000000001
    endloop
  endfacet
  facet normal 0 0 1
    outer loop
      vertex -47.798050297095266 -26.671638597533857 5.800000000000001
      vertex -47.75240158043544 -24.489245921032495 5.800000000000001
      vertex -47.804849415639104 -24.37835429045636 5.800000000000001
    endloop
  endfacet
  facet normal 0 0 1
    outer loop
      vertex -47.798050297095266 -26.671638597533857 5.800000000000001
      vertex -47.804849415639104 -24.37835429045636 5.800000000000001
      vertex -47.84617541966526 -24.262855846568076 5.800000000000001
    endloop
  endfacet
  facet normal 0 0 1
    outer loop
      vertex -47.798050297095266 -26.671638597533857 5.800000000000001
      vertex -47.84617541966526 -24.262855846568076 5.800000000000001
      vertex -47.87598160050403 -24.14386290252016 5.800000000000001
    endloop
  endfacet
  facet normal 0 0 1
    outer loop
      vertex -47.798050297095266 -26.671638597533857 5.800000000000001
      vertex -47.87598160050403 -24.14386290252016 5.800000000000001
      vertex -47.89398090834025 -24.02252142541195 5.800000000000001
    endloop
  endfacet
  facet normal 0 0 1
    outer loop
      vertex -47.798050297095266 -26.671638597533857 5.800000000000001
      vertex -47.89398090834025 -24.02252142541195 5.800000000000001
      vertex -47.9 -23.9 5.800000000000001
    endloop
  endfacet
  facet normal 0 0 1
    outer loop
      vertex -48.553179852490935 -26.21903136008821 5.800000000000001
      vertex -48.553179852490935 -21.580968639911788 5.800000000000001
      vertex -48.771320343559644 -21.778679656440357 5.800000000000001
    endloop
  endfacet
  facet normal 0 0 1
    outer loop
      vertex -48.3167106990588 -26.394408836907633 5.800000000000001
      vertex -48.3167106990588 -21.405591163092364 5.800000000000001
      vertex -48.553179852490935 -21.580968639911788 5.800000000000001
    endloop
  endfacet
  facet normal 0 0 1
    outer loop
      vertex -48.06419021047799 -26.545763793045065 5.800000000000001
      vertex -48.06419021047799 -21.254236206954932 5.800000000000001
      vertex -48.3167106990588 -21.405591163092364 5.800000000000001
    endloop
  endfacet
  facet normal 0 0 1
    outer loop
      vertex -47.9 -23.9 5.800000000000001
      vertex -47.89398090834025 -23.77747857458805 5.800000000000001
      vertex -48.06419021047799 -21.254236206954932 5.800000000000001
    endloop
  endfacet
  facet normal 0 0 1
    outer loop
      vertex -47.89398090834025 -23.77747857458805 5.800000000000001
      vertex -47.87598160050403 -23.65613709747984 5.800000000000001
      vertex -48.06419021047799 -21.254236206954932 5.800000000000001
    endloop
  endfacet
  facet normal 0 0 1
    outer loop
      vertex -47.87598160050403 -23.65613709747984 5.800000000000001
      vertex -47.84617541966526 -23.53714415343192 5.800000000000001
      vertex -48.06419021047799 -21.254236206954932 5.800000000000001
    endloop
  endfacet
  facet normal 0 0 1
    outer loop
      vertex -47.84617541966526 -23.53714415343192 5.800000000000001
      vertex -47.804849415639104 -23.421645709543636 5.800000000000001
      vertex -48.06419021047799 -21.254236206954932 5.800000000000001
    endloop
  endfacet
  facet normal 0 0 1
    outer loop
      vertex -47.804849415639104 -23.421645709543636 5.800000000000001
      vertex -47.75240158043544 -23.310754078967502 5.800000000000001
      vertex -48.06419021047799 -21.254236206954932 5.800000000000001
    endloop
  endfacet
  facet normal 0 0 1
    outer loop
      vertex -47.75240158043544 -23.310754078967502 5.800000000000001
      vertex -47.68933701537818 -23.205537208725495 5.800000000000001
      vertex -47.798050297095266 -21.12836140246614 5.800000000000001
    endloop
  endfacet
  facet normal 0 0 1
    outer loop
      vertex -47.68933701537818 -23.205537208725495 5.800000000000001
      vertex -47.61626306670342 -23.107008394795443 5.800000000000001
      vertex -47.798050297095266 -21.12836140246614 5.800000000000001
    endloop
  endfacet
  facet normal 0 0 1
    outer loop
      vertex -47.61626306670342 -23.107008394795443 5.800000000000001
      vertex -47.53388347648318 -23.016116523516814 5.800000000000001
      vertex -47.798050297095266 -21.12836140246614 5.800000000000001
    endloop
  endfacet
  facet normal 0 0 1
    outer loop
      vertex -47.53388347648318 -23.016116523516814 5.800000000000001
      vertex -47.442991605204554 -22.933736933296576 5.800000000000001
      vertex -47.798050297095266 -21.12836140246614 5.800000000000001
    endloop
  endfacet
  facet normal 0 0 1
    outer loop
      vertex -47.442991605204554 -22.933736933296576 5.800000000000001
      vertex -47.3444627912745 -22.86066298462182 5.800000000000001
      vertex -47.520854031763385 -21.029178992803374 5.800000000000001
    endloop
  endfacet
  facet normal 0 0 1
    outer loop
      vertex -47.3444627912745 -22.86066298462182 5.800000000000001
      vertex -47.2392459210325 -22.797598419564554 5.800000000000001
      vertex -47.520854031763385 -21.029178992803374 5.800000000000001
    endloop
  endfacet
  facet normal 0 0 1
    outer loop
      vertex -47.2392459210325 -22.797598419564554 5.800000000000001
      vertex -47.12835429045636 -22.74515058436089 5.800000000000001
      vertex -47.520854031763385 -21.029178992803374 5.800000000000001
    endloop
  endfacet
  facet normal 0 0 1
    outer loop
      vertex -47.75240158043544 -23.310754078967502 5.800000000000001
      vertex -47.798050297095266 -21.12836140246614 5.800000000000001
      vertex -48.06419021047799 -21.254236206954932 5.800000000000001
    endloop
  endfacet
  facet normal 0 0 1
    outer loop
      vertex -47.442991605204554 -22.933736933296576 5.800000000000001
      vertex -47.520854031763385 -21.029178992803374 5.800000000000001
      vertex -47.798050297095266 -21.12836140246614 5.800000000000001
    endloop
  endfacet
  facet normal 0 0 1
    outer loop
      vertex -47.12835429045636 -22.74515058436089 5.800000000000001
      vertex -47.01285584656808 -22.70382458033474 5.800000000000001
      vertex -47.23527096604838 -20.95764415879031 5.800000000000001
    endloop
  endfacet
  facet normal 0 0 1
    outer loop
      vertex -47.01285584656808 -22.70382458033474 5.800000000000001
      vertex -46.89386290252016 -22.67401839949596 5.800000000000001
      vertex -47.23527096604838 -20.95764415879031 5.800000000000001
    endloop
  endfacet
  facet normal 0 0 1
    outer loop
      vertex -47.12835429045636 -22.74515058436089 5.800000000000001
      vertex -47.23527096604838 -20.95764415879031 5.800000000000001
      vertex -47.520854031763385 -21.029178992803374 5.800000000000001
    endloop
  endfacet
  facet normal 0 0 1
    outer loop
      vertex -46.89386290252016 -22.67401839949596 5.800000000000001
      vertex -46.94405142098868 -20.914445819983406 5.800000000000001
      vertex -47.23527096604838 -20.95764415879031 5.800000000000001
    endloop
  endfacet
  facet normal 0 0 1
    outer loop
      vertex -46.89386290252016 -22.67401839949596 5.800000000000001
      vertex -46.77252142541195 -22.65601909165975 5.800000000000001
      vertex -46.94405142098868 -20.914445819983406 5.800000000000001
    endloop
  endfacet
  facet normal 0 0 1
    outer loop
      vertex -46.77252142541195 -22.65601909165975 5.800000000000001
      vertex -46.65 -22.65 5.800000000000001
      vertex -46.65 -20.9 5.800000000000001
    endloop
  endfacet
  facet normal 0 0 1
    outer loop
      vertex -46.65 -22.65 5.800000000000001
      vertex -46.527478574588045 -22.65601909165975 5.800000000000001
      vertex -46.65 -20.9 5.800000000000001
    endloop
  endfacet
  facet normal 0 0 1
    outer loop
      vertex -46.28714415343192 -22.70382458033474 5.800000000000001
      vertex -46.35594857901132 -20.914445819983406 5.800000000000001
      vertex -46.406137097479835 -22.67401839949596 5.800000000000001
    endloop
  endfacet
  facet normal 0 0 1
    outer loop
      vertex -46.527478574588045 -22.65601909165975 5.800000000000001
      vertex -46.406137097479835 -22.67401839949596 5.800000000000001
      vertex -46.35594857901132 -20.914445819983406 5.800000000000001
    endloop
  endfacet
  facet normal 0 0 1
    outer loop
      vertex -46.28714415343192 -22.70382458033474 5.800000000000001
      vertex -46.17164570954364 -22.74515058436089 5.800000000000001
      vertex -46.35594857901132 -20.914445819983406 5.800000000000001
    endloop
  endfacet
  facet normal 0 0 1
    outer loop
      vertex -46.77252142541195 -22.65601909165975 5.800000000000001
      vertex -46.65 -20.9 5.800000000000001
      vertex -46.94405142098868 -20.914445819983406 5.800000000000001
    endloop
  endfacet
  facet normal 0 0 1
    outer loop
      vertex -46.527478574588045 -22.65601909165975 5.800000000000001
      vertex -46.35594857901132 -20.914445819983406 5.800000000000001
      vertex -46.65 -20.9 5.800000000000001
    endloop
  endfacet
  facet normal 0 0 1
    outer loop
      vertex -46.17164570954364 -22.74515058436089 5.800000000000001
      vertex -46.064729033951615 -20.95764415879031 5.800000000000001
      vertex -46.35594857901132 -20.914445819983406 5.800000000000001
    endloop
  endfacet
  facet normal 0 0 1
    outer loop
      vertex -45.50194970290473 -26.671638597533857 5.800000000000001
      vertex -45.54759841956456 -24.489245921032495 5.800000000000001
      vertex -45.61066298462182 -24.594462791274502 5.800000000000001
    endloop
  endfacet
  facet normal 0 0 1
    outer loop
      vertex -45.23580978952201 -26.545763793045065 5.800000000000001
      vertex -45.49515058436089 -24.37835429045636 5.800000000000001
      vertex -45.54759841956456 -24.489245921032495 5.800000000000001
    endloop
  endfacet
  facet normal 0 0 1
    outer loop
      vertex -45.23580978952201 -26.545763793045065 5.800000000000001
      vertex -45.45382458033474 -24.262855846568076 5.800000000000001
      vertex -45.49515058436089 -24.37835429045636 5.800000000000001
    endloop
  endfacet
  facet normal 0 0 1
    outer loop
      vertex -45.23580978952201 -26.545763793045065 5.800000000000001
      vertex -45.424018399495964 -24.14386290252016 5.800000000000001
      vertex -45.45382458033474 -24.262855846568076 5.800000000000001
    endloop
  endfacet
  facet normal 0 0 1
    outer loop
      vertex -45.23580978952201 -26.545763793045065 5.800000000000001
      vertex -45.40601909165975 -24.02252142541195 5.800000000000001
      vertex -45.424018399495964 -24.14386290252016 5.800000000000001
    endloop
  endfacet
  facet normal 0 0 1
    outer loop
      vertex -45.23580978952201 -26.545763793045065 5.800000000000001
      vertex -45.4 -23.9 5.800000000000001
      vertex -45.40601909165975 -24.02252142541195 5.800000000000001
    endloop
  endfacet
  facet normal 0 0 1
    outer loop
      vertex -45.23580978952201 -26.545763793045065 5.800000000000001
      vertex -44.983289300941195 -26.394408836907633 5.800000000000001
      vertex -45.23580978952201 -21.254236206954932 5.800000000000001
    endloop
  endfacet
  facet normal 0 0 1
    outer loop
      vertex -44.983289300941195 -26.394408836907633 5.800000000000001
      vertex -44.74682014750906 -26.21903136008821 5.800000000000001
      vertex -44.983289300941195 -21.405591163092364 5.800000000000001
    endloop
  endfacet
  facet normal 0 0 1
    outer loop
      vertex -44.74682014750906 -26.21903136008821 5.800000000000001
      vertex -44.52867965644035 -26.02132034355964 5.800000000000001
      vertex -44.74682014750906 -21.580968639911788 5.800000000000001
    endloop
  endfacet
  facet normal 0 0 1
    outer loop
      vertex -44.52867965644035 -26.02132034355964 5.800000000000001
      vertex -44.33096863991179 -25.803179852490935 5.800000000000001
      vertex -44.52867965644035 -21.778679656440357 5.800000000000001
    endloop
  endfacet
  facet normal 0 0 1
    outer loop
      vertex -45.23580978952201 -26.545763793045065 5.800000000000001
      vertex -45.50194970290473 -21.12836140246614 5.800000000000001
      vertex -45.4 -23.9 5.800000000000001
    endloop
  endfacet
  facet normal 0 0 1
    outer loop
      vertex -44.33096863991179 -25.803179852490935 5.800000000000001
      vertex -44.15559116309236 -25.566710699058806 5.800000000000001
      vertex -44.33096863991179 -21.996820147509062 5.800000000000001
    endloop
  endfacet
  facet normal 0 0 1
    outer loop
      vertex -44.15559116309236 -25.566710699058806 5.800000000000001
      vertex -44.004236206954936 -25.314190210477992 5.800000000000001
      vertex -44.15559116309236 -22.23328930094119 5.800000000000001
    endloop
  endfacet
  facet normal 0 0 1
    outer loop
      vertex -44.004236206954936 -25.314190210477992 5.800000000000001
      vertex -43.87836140246614 -25.04805029709527 5.800000000000001
      vertex -44.004236206954936 -22.485809789522005 5.800000000000001
    endloop
  endfacet
  facet normal 0 0 1
    outer loop
      vertex -43.87836140246614 -25.04805029709527 5.800000000000001
      vertex -43.779178992803374 -24.770854031763385 5.800000000000001
      vertex -43.87836140246614 -22.751949702904728 5.800000000000001
    endloop
  endfacet
  facet normal 0 0 1
    outer loop
      vertex -43.779178992803374 -24.770854031763385 5.800000000000001
      vertex -43.70764415879031 -24.485270966048382 5.800000000000001
      vertex -43.779178992803374 -23.029145968236612 5.800000000000001
    endloop
  endfacet
  facet normal 0 0 1
    outer loop
      vertex -43.70764415879031 -24.485270966048382 5.800000000000001
      vertex -43.664445819983406 -24.194051420988682 5.800000000000001
      vertex -43.70764415879031 -23.314729033951615 5.800000000000001
    endloop
  endfacet
  facet normal 0 0 1
    outer loop
      vertex -43.664445819983406 -24.194051420988682 5.800000000000001
      vertex -43.65 -23.9 5.800000000000001
      vertex -43.664445819983406 -23.605948579011315 5.800000000000001
    endloop
  endfacet
  facet normal 0 0 1
    outer loop
      vertex -44.15559116309236 -25.566710699058806 5.800000000000001
      vertex -44.15559116309236 -22.23328930094119 5.800000000000001
      vertex -44.33096863991179 -21.996820147509062 5.800000000000001
    endloop
  endfacet
  facet normal 0 0 1
    outer loop
      vertex -44.004236206954936 -25.314190210477992 5.800000000000001
      vertex -44.004236206954936 -22.485809789522005 5.800000000000001
      vertex -44.15559116309236 -22.23328930094119 5.800000000000001
    endloop
  endfacet
  facet normal 0 0 1
    outer loop
      vertex -43.87836140246614 -25.04805029709527 5.800000000000001
      vertex -43.87836140246614 -22.751949702904728 5.800000000000001
      vertex -44.004236206954936 -22.485809789522005 5.800000000000001
    endloop
  endfacet
  facet normal 0 0 1
    outer loop
      vertex -43.664445819983406 -24.194051420988682 5.800000000000001
      vertex -43.664445819983406 -23.605948579011315 5.800000000000001
      vertex -43.70764415879031 -23.314729033951615 5.800000000000001
    endloop
  endfacet
  facet normal 0 0 1
    outer loop
      vertex -43.70764415879031 -24.485270966048382 5.800000000000001
      vertex -43.70764415879031 -23.314729033951615 5.800000000000001
      vertex -43.779178992803374 -23.029145968236612 5.800000000000001
    endloop
  endfacet
  facet normal 0 0 1
    outer loop
      vertex -43.779178992803374 -24.770854031763385 5.800000000000001
      vertex -43.779178992803374 -23.029145968236612 5.800000000000001
      vertex -43.87836140246614 -22.751949702904728 5.800000000000001
    endloop
  endfacet
  facet normal 0 0 1
    outer loop
      vertex -45.23580978952201 -26.545763793045065 5.800000000000001
      vertex -45.23580978952201 -21.254236206954932 5.800000000000001
      vertex -45.50194970290473 -21.12836140246614 5.800000000000001
    endloop
  endfacet
  facet normal 0 0 1
    outer loop
      vertex -45.45382458033474 -23.53714415343192 5.800000000000001
      vertex -45.424018399495964 -23.65613709747984 5.800000000000001
      vertex -45.50194970290473 -21.12836140246614 5.800000000000001
    endloop
  endfacet
  facet normal 0 0 1
    outer loop
      vertex -45.45382458033474 -23.53714415343192 5.800000000000001
      vertex -45.50194970290473 -21.12836140246614 5.800000000000001
      vertex -45.49515058436089 -23.421645709543636 5.800000000000001
    endloop
  endfacet
  facet normal 0 0 1
    outer loop
      vertex -45.4 -23.9 5.800000000000001
      vertex -45.50194970290473 -21.12836140246614 5.800000000000001
      vertex -45.40601909165975 -23.77747857458805 5.800000000000001
    endloop
  endfacet
  facet normal 0 0 1
    outer loop
      vertex -45.40601909165975 -23.77747857458805 5.800000000000001
      vertex -45.50194970290473 -21.12836140246614 5.800000000000001
      vertex -45.424018399495964 -23.65613709747984 5.800000000000001
    endloop
  endfacet
  facet normal 0 0 1
    outer loop
      vertex -45.61066298462182 -23.205537208725495 5.800000000000001
      vertex -45.77914596823661 -21.029178992803374 5.800000000000001
      vertex -45.68373693329658 -23.107008394795443 5.800000000000001
    endloop
  endfacet
  facet normal 0 0 1
    outer loop
      vertex -45.955537208725495 -22.86066298462182 5.800000000000001
      vertex -46.064729033951615 -20.95764415879031 5.800000000000001
      vertex -46.0607540789675 -22.797598419564554 5.800000000000001
    endloop
  endfacet
  facet normal 0 0 1
    outer loop
      vertex -46.17164570954364 -22.74515058436089 5.800000000000001
      vertex -46.0607540789675 -22.797598419564554 5.800000000000001
      vertex -46.064729033951615 -20.95764415879031 5.800000000000001
    endloop
  endfacet
  facet normal 0 0 1
    outer loop
      vertex -45.766116523516814 -23.016116523516814 5.800000000000001
      vertex -45.77914596823661 -21.029178992803374 5.800000000000001
      vertex -45.85700839479544 -22.933736933296576 5.800000000000001
    endloop
  endfacet
  facet normal 0 0 1
    outer loop
      vertex -45.68373693329658 -23.107008394795443 5.800000000000001
      vertex -45.77914596823661 -21.029178992803374 5.800000000000001
      vertex -45.766116523516814 -23.016116523516814 5.800000000000001
    endloop
  endfacet
  facet normal 0 0 1
    outer loop
      vertex -45.955537208725495 -22.86066298462182 5.800000000000001
      vertex -45.85700839479544 -22.933736933296576 5.800000000000001
      vertex -45.77914596823661 -21.029178992803374 5.800000000000001
    endloop
  endfacet
  facet normal 0 0 1
    outer loop
      vertex -45.49515058436089 -23.421645709543636 5.800000000000001
      vertex -45.50194970290473 -21.12836140246614 5.800000000000001
      vertex -45.54759841956456 -23.310754078967502 5.800000000000001
    endloop
  endfacet
  facet normal 0 0 1
    outer loop
      vertex -45.61066298462182 -23.205537208725495 5.800000000000001
      vertex -45.54759841956456 -23.310754078967502 5.800000000000001
      vertex -45.50194970290473 -21.12836140246614 5.800000000000001
    endloop
  endfacet
  facet normal 0 0 1
    outer loop
      vertex -44.983289300941195 -26.394408836907633 5.800000000000001
      vertex -44.983289300941195 -21.405591163092364 5.800000000000001
      vertex -45.23580978952201 -21.254236206954932 5.800000000000001
    endloop
  endfacet
  facet normal 0 0 1
    outer loop
      vertex -44.74682014750906 -26.21903136008821 5.800000000000001
      vertex -44.74682014750906 -21.580968639911788 5.800000000000001
      vertex -44.983289300941195 -21.405591163092364 5.800000000000001
    endloop
  endfacet
  facet normal 0 0 1
    outer loop
      vertex -44.52867965644035 -26.02132034355964 5.800000000000001
      vertex -44.52867965644035 -21.778679656440357 5.800000000000001
      vertex -44.74682014750906 -21.580968639911788 5.800000000000001
    endloop
  endfacet
  facet normal 0 0 1
    outer loop
      vertex -44.33096863991179 -25.803179852490935 5.800000000000001
      vertex -44.33096863991179 -21.996820147509062 5.800000000000001
      vertex -44.52867965644035 -21.778679656440357 5.800000000000001
    endloop
  endfacet
  facet normal 0 0 1
    outer loop
      vertex -45.61066298462182 -23.205537208725495 5.800000000000001
      vertex -45.50194970290473 -21.12836140246614 5.800000000000001
      vertex -45.77914596823661 -21.029178992803374 5.800000000000001
    endloop
  endfacet
  facet normal 0 0 1
    outer loop
      vertex -45.955537208725495 -22.86066298462182 5.800000000000001
      vertex -45.77914596823661 -21.029178992803374 5.800000000000001
      vertex -46.064729033951615 -20.95764415879031 5.800000000000001
    endloop
  endfacet
  facet normal -0.33688985339222255 -0.9415440651830198 0
    outer loop
      vertex -47.520854031763385 21.029178992803374 1.6
      vertex -47.520854031763385 21.029178992803374 5.800000000000001
      vertex -47.798050297095266 21.12836140246614 1.6
    endloop
  endfacet
  facet normal -0.24298017990326343 -0.9700312531945441 7.02966758770348e-20
    outer loop
      vertex -47.520854031763385 21.029178992803374 1.6
      vertex -47.23527096604838 20.95764415879031 1.6
      vertex -47.23527096604838 20.95764415879031 5.800000000000001
    endloop
  endfacet
  facet normal -0.146730474455373 -0.9891765099647793 3.3059769799669276e-19
    outer loop
      vertex -47.23527096604838 20.95764415879031 1.6
      vertex -46.94405142098868 20.914445819983406 1.6
      vertex -46.94405142098868 20.914445819983406 5.800000000000001
    endloop
  endfacet
  facet normal -0.04906767432741262 -0.9987954562051726 5.722108345509578e-20
    outer loop
      vertex -46.94405142098868 20.914445819983406 1.6
      vertex -46.65 20.9 1.6
      vertex -46.65 20.9 5.800000000000001
    endloop
  endfacet
  facet normal 0.04906767432741262 -0.9987954562051726 -5.722108345509578e-20
    outer loop
      vertex -46.65 20.9 1.6
      vertex -46.35594857901132 20.914445819983406 1.6
      vertex -46.35594857901132 20.914445819983406 5.800000000000001
    endloop
  endfacet
  facet normal 0.146730474455373 -0.9891765099647793 -3.3059769799669276e-19
    outer loop
      vertex -46.35594857901132 20.914445819983406 1.6
      vertex -46.064729033951615 20.95764415879031 1.6
      vertex -46.064729033951615 20.95764415879031 5.800000000000001
    endloop
  endfacet
  facet normal 0.24298017990326343 -0.9700312531945441 -7.02966758770348e-20
    outer loop
      vertex -46.064729033951615 20.95764415879031 1.6
      vertex -45.77914596823661 21.029178992803374 1.6
      vertex -45.77914596823661 21.029178992803374 5.800000000000001
    endloop
  endfacet
  facet normal -0.7409511253549638 -0.6715589548470131 8.066421233085063e-19
    outer loop
      vertex -48.771320343559644 21.778679656440357 1.6
      vertex -48.96903136008821 21.996820147509062 5.800000000000001
      vertex -48.96903136008821 21.996820147509062 1.6
    endloop
  endfacet
  facet normal -0.5956993044924276 -0.8032075314806493 -2.6257876777210815e-18
    outer loop
      vertex -48.553179852490935 21.580968639911788 1.6
      vertex -48.3167106990588 21.405591163092364 1.6
      vertex -48.3167106990588 21.405591163092364 5.800000000000001
    endloop
  endfacet
  facet normal -0.5141027441932281 -0.8577286100002682 0
    outer loop
      vertex -48.06419021047799 21.254236206954932 1.6
      vertex -48.06419021047799 21.254236206954932 5.800000000000001
      vertex -48.3167106990588 21.405591163092364 1.6
    endloop
  endfacet
  facet normal -0.4275550934302729 -0.9039892931234478 4.567006212129077e-19
    outer loop
      vertex -48.06419021047799 21.254236206954932 1.6
      vertex -47.798050297095266 21.12836140246614 1.6
      vertex -47.798050297095266 21.12836140246614 5.800000000000001
    endloop
  endfacet
  facet normal -0.6715589548470138 -0.7409511253549633 1.2781824375434236e-18
    outer loop
      vertex -48.771320343559644 21.778679656440357 1.6
      vertex -48.553179852490935 21.580968639911788 1.6
      vertex -48.553179852490935 21.580968639911788 5.800000000000001
    endloop
  endfacet
  facet normal -0.857728610000279 -0.5141027441932103 0
    outer loop
      vertex -49.29576379304506 22.485809789522005 1.6
      vertex -49.14440883690764 22.23328930094119 1.6
      vertex -49.29576379304506 22.485809789522005 5.800000000000001
    endloop
  endfacet
  facet normal -0.903989293123443 -0.42755509343028275 -1.0227428397527143e-18
    outer loop
      vertex -49.29576379304506 22.485809789522005 1.6
      vertex -49.42163859753386 22.751949702904728 5.800000000000001
      vertex -49.42163859753386 22.751949702904728 1.6
    endloop
  endfacet
  facet normal -0.8032075314806393 -0.5956993044924411 1.420591570066263e-18
    outer loop
      vertex -48.96903136008821 21.996820147509062 1.6
      vertex -49.14440883690764 22.23328930094119 5.800000000000001
      vertex -49.14440883690764 22.23328930094119 1.6
    endloop
  endfacet
  facet normal -0.9415440651830213 -0.3368898533922187 1.7838096296523365e-19
    outer loop
      vertex -49.42163859753386 22.751949702904728 1.6
      vertex -49.52082100719662 23.029145968236612 5.800000000000001
      vertex -49.52082100719662 23.029145968236612 1.6
    endloop
  endfacet
  facet normal -0.9700312531945441 -0.24298017990326343 7.02966758770348e-20
    outer loop
      vertex -49.52082100719662 23.029145968236612 1.6
      vertex -49.59235584120969 23.314729033951615 5.800000000000001
      vertex -49.59235584120969 23.314729033951615 1.6
    endloop
  endfacet
  facet normal -0.9891765099647791 -0.14673047445537474 -4.126745807646478e-19
    outer loop
      vertex -49.59235584120969 23.314729033951615 1.6
      vertex -49.63555418001659 23.605948579011315 5.800000000000001
      vertex -49.63555418001659 23.605948579011315 1.6
    endloop
  endfacet
  facet normal -0.9987954562051726 -0.049067674327412034 -6.208265436542447e-20
    outer loop
      vertex -49.63555418001659 23.605948579011315 1.6
      vertex -49.65 23.9 5.800000000000001
      vertex -49.65 23.9 1.6
    endloop
  endfacet
  facet normal -0.9987954562051726 0.049067674327412034 6.208265436542447e-20
    outer loop
      vertex -49.65 23.9 1.6
      vertex -49.63555418001659 24.194051420988682 5.800000000000001
      vertex -49.63555418001659 24.194051420988682 1.6
    endloop
  endfacet
  facet normal -0.9891765099647791 0.14673047445537474 4.126745807646478e-19
    outer loop
      vertex -49.63555418001659 24.194051420988682 1.6
      vertex -49.59235584120969 24.485270966048382 5.800000000000001
      vertex -49.59235584120969 24.485270966048382 1.6
    endloop
  endfacet
  facet normal -0.9700312531945441 0.24298017990326343 -7.02966758770348e-20
    outer loop
      vertex -49.59235584120969 24.485270966048382 1.6
      vertex -49.52082100719662 24.770854031763385 5.800000000000001
      vertex -49.52082100719662 24.770854031763385 1.6
    endloop
  endfacet
  facet normal -0.9415440651830213 0.3368898533922187 -1.7838096296523365e-19
    outer loop
      vertex -49.52082100719662 24.770854031763385 1.6
      vertex -49.42163859753386 25.04805029709527 5.800000000000001
      vertex -49.42163859753386 25.04805029709527 1.6
    endloop
  endfacet
  facet normal -0.903989293123443 0.42755509343028275 1.0227428397527143e-18
    outer loop
      vertex -49.42163859753386 25.04805029709527 1.6
      vertex -49.29576379304506 25.314190210477992 5.800000000000001
      vertex -49.29576379304506 25.314190210477992 1.6
    endloop
  endfacet
  facet normal 0.33688985339222255 -0.9415440651830198 1.0483711421911137e-18
    outer loop
      vertex -45.77914596823661 21.029178992803374 1.6
      vertex -45.50194970290473 21.12836140246614 1.6
      vertex -45.50194970290473 21.12836140246614 5.800000000000001
    endloop
  endfacet
  facet normal 0.4275550934302729 -0.9039892931234478 -4.567006212129077e-19
    outer loop
      vertex -45.50194970290473 21.12836140246614 1.6
      vertex -45.23580978952201 21.254236206954932 1.6
      vertex -45.23580978952201 21.254236206954932 5.800000000000001
    endloop
  endfacet
  facet normal 0.5141027441932281 -0.8577286100002682 -1.8543950195474833e-18
    outer loop
      vertex -45.23580978952201 21.254236206954932 1.6
      vertex -44.983289300941195 21.405591163092364 1.6
      vertex -44.983289300941195 21.405591163092364 5.800000000000001
    endloop
  endfacet
  facet normal 0.5956993044924276 -0.8032075314806493 2.6257876777210815e-18
    outer loop
      vertex -44.983289300941195 21.405591163092364 1.6
      vertex -44.74682014750906 21.580968639911788 1.6
      vertex -44.74682014750906 21.580968639911788 5.800000000000001
    endloop
  endfacet
  facet normal 0.6715589548470138 -0.7409511253549633 -1.2781824375434236e-18
    outer loop
      vertex -44.74682014750906 21.580968639911788 1.6
      vertex -44.52867965644035 21.778679656440357 1.6
      vertex -44.52867965644035 21.778679656440357 5.800000000000001
    endloop
  endfacet
  facet normal 0.7409511253549638 -0.6715589548470131 0
    outer loop
      vertex -44.52867965644035 21.778679656440357 1.6
      vertex -44.33096863991179 21.996820147509062 1.6
      vertex -44.52867965644035 21.778679656440357 5.800000000000001
    endloop
  endfacet
  facet normal 0.8032075314806393 -0.5956993044924411 0
    outer loop
      vertex -44.33096863991179 21.996820147509062 1.6
      vertex -44.15559116309236 22.23328930094119 1.6
      vertex -44.33096863991179 21.996820147509062 5.800000000000001
    endloop
  endfacet
  facet normal 0.857728610000279 -0.5141027441932103 0
    outer loop
      vertex -44.15559116309236 22.23328930094119 1.6
      vertex -44.004236206954936 22.485809789522005 1.6
      vertex -44.15559116309236 22.23328930094119 5.800000000000001
    endloop
  endfacet
  facet normal 0.903989293123443 -0.42755509343028275 0
    outer loop
      vertex -44.004236206954936 22.485809789522005 1.6
      vertex -43.87836140246614 22.751949702904728 1.6
      vertex -44.004236206954936 22.485809789522005 5.800000000000001
    endloop
  endfacet
  facet normal 0.9415440651830213 -0.3368898533922187 0
    outer loop
      vertex -43.87836140246614 22.751949702904728 1.6
      vertex -43.779178992803374 23.029145968236612 1.6
      vertex -43.87836140246614 22.751949702904728 5.800000000000001
    endloop
  endfacet
  facet normal 0.9700312531945441 -0.24298017990326343 0
    outer loop
      vertex -43.779178992803374 23.029145968236612 1.6
      vertex -43.70764415879031 23.314729033951615 1.6
      vertex -43.779178992803374 23.029145968236612 5.800000000000001
    endloop
  endfacet
  facet normal 0.9891765099647791 -0.14673047445537474 0
    outer loop
      vertex -43.70764415879031 23.314729033951615 1.6
      vertex -43.664445819983406 23.605948579011315 1.6
      vertex -43.70764415879031 23.314729033951615 5.800000000000001
    endloop
  endfacet
  facet normal 0.9987954562051726 -0.049067674327412034 0
    outer loop
      vertex -43.664445819983406 23.605948579011315 1.6
      vertex -43.65 23.9 1.6
      vertex -43.664445819983406 23.605948579011315 5.800000000000001
    endloop
  endfacet
  facet normal 0.9987954562051726 0.049067674327412034 0
    outer loop
      vertex -43.65 23.9 1.6
      vertex -43.664445819983406 24.194051420988682 1.6
      vertex -43.65 23.9 5.800000000000001
    endloop
  endfacet
  facet normal 0.9891765099647791 0.14673047445537474 0
    outer loop
      vertex -43.664445819983406 24.194051420988682 1.6
      vertex -43.70764415879031 24.485270966048382 1.6
      vertex -43.664445819983406 24.194051420988682 5.800000000000001
    endloop
  endfacet
  facet normal 0.9700312531945441 0.24298017990326343 0
    outer loop
      vertex -43.70764415879031 24.485270966048382 1.6
      vertex -43.779178992803374 24.770854031763385 1.6
      vertex -43.70764415879031 24.485270966048382 5.800000000000001
    endloop
  endfacet
  facet normal 0.903989293123443 0.42755509343028275 0
    outer loop
      vertex -43.87836140246614 25.04805029709527 1.6
      vertex -44.004236206954936 25.314190210477992 1.6
      vertex -43.87836140246614 25.04805029709527 5.800000000000001
    endloop
  endfacet
  facet normal 0.9415440651830213 0.3368898533922187 0
    outer loop
      vertex -43.779178992803374 24.770854031763385 1.6
      vertex -43.87836140246614 25.04805029709527 1.6
      vertex -43.779178992803374 24.770854031763385 5.800000000000001
    endloop
  endfacet
  facet normal -0.857728610000279 0.5141027441932103 4.970166373910749e-19
    outer loop
      vertex -49.29576379304506 25.314190210477992 1.6
      vertex -49.14440883690764 25.566710699058806 5.800000000000001
      vertex -49.14440883690764 25.566710699058806 1.6
    endloop
  endfacet
  facet normal -0.8032075314806393 0.5956993044924411 -1.420591570066263e-18
    outer loop
      vertex -49.14440883690764 25.566710699058806 1.6
      vertex -48.96903136008821 25.803179852490935 5.800000000000001
      vertex -48.96903136008821 25.803179852490935 1.6
    endloop
  endfacet
  facet normal -0.7409511253549638 0.6715589548470131 -8.066421233085063e-19
    outer loop
      vertex -48.96903136008821 25.803179852490935 1.6
      vertex -48.771320343559644 26.02132034355964 5.800000000000001
      vertex -48.771320343559644 26.02132034355964 1.6
    endloop
  endfacet
  facet normal -0.6715589548470138 0.7409511253549633 0
    outer loop
      vertex -48.771320343559644 26.02132034355964 1.6
      vertex -48.771320343559644 26.02132034355964 5.800000000000001
      vertex -48.553179852490935 26.21903136008821 1.6
    endloop
  endfacet
  facet normal -0.5956993044924276 0.8032075314806493 0
    outer loop
      vertex -48.553179852490935 26.21903136008821 1.6
      vertex -48.553179852490935 26.21903136008821 5.800000000000001
      vertex -48.3167106990588 26.394408836907633 1.6
    endloop
  endfacet
  facet normal -0.5141027441932281 0.8577286100002682 0
    outer loop
      vertex -48.3167106990588 26.394408836907633 1.6
      vertex -48.3167106990588 26.394408836907633 5.800000000000001
      vertex -48.06419021047799 26.545763793045065 1.6
    endloop
  endfacet
  facet normal -0.4275550934302729 0.9039892931234478 0
    outer loop
      vertex -48.06419021047799 26.545763793045065 1.6
      vertex -48.06419021047799 26.545763793045065 5.800000000000001
      vertex -47.798050297095266 26.671638597533857 1.6
    endloop
  endfacet
  facet normal -0.33688985339222255 0.9415440651830198 0
    outer loop
      vertex -47.798050297095266 26.671638597533857 1.6
      vertex -47.798050297095266 26.671638597533857 5.800000000000001
      vertex -47.520854031763385 26.770821007196623 1.6
    endloop
  endfacet
  facet normal -0.24298017990326343 0.9700312531945441 0
    outer loop
      vertex -47.520854031763385 26.770821007196623 1.6
      vertex -47.520854031763385 26.770821007196623 5.800000000000001
      vertex -47.23527096604838 26.842355841209688 1.6
    endloop
  endfacet
  facet normal -0.146730474455373 0.9891765099647793 0
    outer loop
      vertex -47.23527096604838 26.842355841209688 1.6
      vertex -47.23527096604838 26.842355841209688 5.800000000000001
      vertex -46.94405142098868 26.88555418001659 1.6
    endloop
  endfacet
  facet normal -0.04906767432741262 0.9987954562051726 0
    outer loop
      vertex -46.94405142098868 26.88555418001659 1.6
      vertex -46.94405142098868 26.88555418001659 5.800000000000001
      vertex -46.65 26.9 1.6
    endloop
  endfacet
  facet normal 0.146730474455373 0.9891765099647793 0
    outer loop
      vertex -46.35594857901132 26.88555418001659 1.6
      vertex -46.35594857901132 26.88555418001659 5.800000000000001
      vertex -46.064729033951615 26.842355841209688 1.6
    endloop
  endfacet
  facet normal 0.04906767432741262 0.9987954562051726 5.722108345509578e-20
    outer loop
      vertex -46.35594857901132 26.88555418001659 1.6
      vertex -46.65 26.9 1.6
      vertex -46.65 26.9 5.800000000000001
    endloop
  endfacet
  facet normal 0.5956993044924276 0.8032075314806493 -2.6257876777210815e-18
    outer loop
      vertex -44.74682014750906 26.21903136008821 1.6
      vertex -44.983289300941195 26.394408836907633 1.6
      vertex -44.983289300941195 26.394408836907633 5.800000000000001
    endloop
  endfacet
  facet normal 0.7409511253549638 0.6715589548470131 8.066421233085063e-19
    outer loop
      vertex -44.52867965644035 26.02132034355964 1.6
      vertex -44.33096863991179 25.803179852490935 5.800000000000001
      vertex -44.33096863991179 25.803179852490935 1.6
    endloop
  endfacet
  facet normal 0.6715589548470138 0.7409511253549633 1.2781824375434236e-18
    outer loop
      vertex -44.52867965644035 26.02132034355964 1.6
      vertex -44.74682014750906 26.21903136008821 1.6
      vertex -44.74682014750906 26.21903136008821 5.800000000000001
    endloop
  endfacet
  facet normal 0.24298017990326343 0.9700312531945441 0
    outer loop
      vertex -46.064729033951615 26.842355841209688 1.6
      vertex -46.064729033951615 26.842355841209688 5.800000000000001
      vertex -45.77914596823661 26.770821007196623 1.6
    endloop
  endfacet
  facet normal 0.33688985339222255 0.9415440651830198 0
    outer loop
      vertex -45.77914596823661 26.770821007196623 1.6
      vertex -45.77914596823661 26.770821007196623 5.800000000000001
      vertex -45.50194970290473 26.671638597533857 1.6
    endloop
  endfacet
  facet normal 0.4275550934302729 0.9039892931234478 4.567006212129077e-19
    outer loop
      vertex -45.23580978952201 26.545763793045065 1.6
      vertex -45.50194970290473 26.671638597533857 1.6
      vertex -45.50194970290473 26.671638597533857 5.800000000000001
    endloop
  endfacet
  facet normal 0.5141027441932281 0.8577286100002682 0
    outer loop
      vertex -45.23580978952201 26.545763793045065 1.6
      vertex -45.23580978952201 26.545763793045065 5.800000000000001
      vertex -44.983289300941195 26.394408836907633 1.6
    endloop
  endfacet
  facet normal 0.857728610000279 0.5141027441932103 -4.970166373910749e-19
    outer loop
      vertex -44.15559116309236 25.566710699058806 1.6
      vertex -44.004236206954936 25.314190210477992 5.800000000000001
      vertex -44.004236206954936 25.314190210477992 1.6
    endloop
  endfacet
  facet normal 0.8032075314806393 0.5956993044924411 0
    outer loop
      vertex -44.15559116309236 25.566710699058806 1.6
      vertex -44.33096863991179 25.803179852490935 1.6
      vertex -44.15559116309236 25.566710699058806 5.800000000000001
    endloop
  endfacet
  facet normal -0.24298017990326343 -0.9700312531945441 0
    outer loop
      vertex -47.520854031763385 21.029178992803374 1.6
      vertex -47.23527096604838 20.95764415879031 5.800000000000001
      vertex -47.520854031763385 21.029178992803374 5.800000000000001
    endloop
  endfacet
  facet normal -0.146730474455373 -0.9891765099647793 0
    outer loop
      vertex -47.23527096604838 20.95764415879031 1.6
      vertex -46.94405142098868 20.914445819983406 5.800000000000001
      vertex -47.23527096604838 20.95764415879031 5.800000000000001
    endloop
  endfacet
  facet normal -0.04906767432741262 -0.9987954562051726 0
    outer loop
      vertex -46.94405142098868 20.914445819983406 1.6
      vertex -46.65 20.9 5.800000000000001
      vertex -46.94405142098868 20.914445819983406 5.800000000000001
    endloop
  endfacet
  facet normal 0.04906767432741262 -0.9987954562051726 0
    outer loop
      vertex -46.65 20.9 1.6
      vertex -46.35594857901132 20.914445819983406 5.800000000000001
      vertex -46.65 20.9 5.800000000000001
    endloop
  endfacet
  facet normal 0.146730474455373 -0.9891765099647793 0
    outer loop
      vertex -46.35594857901132 20.914445819983406 1.6
      vertex -46.064729033951615 20.95764415879031 5.800000000000001
      vertex -46.35594857901132 20.914445819983406 5.800000000000001
    endloop
  endfacet
  facet normal 0.24298017990326343 -0.9700312531945441 0
    outer loop
      vertex -46.064729033951615 20.95764415879031 1.6
      vertex -45.77914596823661 21.029178992803374 5.800000000000001
      vertex -46.064729033951615 20.95764415879031 5.800000000000001
    endloop
  endfacet
  facet normal 0.33688985339222255 -0.9415440651830198 0
    outer loop
      vertex -45.77914596823661 21.029178992803374 1.6
      vertex -45.50194970290473 21.12836140246614 5.800000000000001
      vertex -45.77914596823661 21.029178992803374 5.800000000000001
    endloop
  endfacet
  facet normal -0.7409511253549638 -0.6715589548470131 0
    outer loop
      vertex -48.771320343559644 21.778679656440357 1.6
      vertex -48.771320343559644 21.778679656440357 5.800000000000001
      vertex -48.96903136008821 21.996820147509062 5.800000000000001
    endloop
  endfacet
  facet normal -0.8032075314806393 -0.5956993044924411 0
    outer loop
      vertex -48.96903136008821 21.996820147509062 1.6
      vertex -48.96903136008821 21.996820147509062 5.800000000000001
      vertex -49.14440883690764 22.23328930094119 5.800000000000001
    endloop
  endfacet
  facet normal -0.5956993044924276 -0.8032075314806493 0
    outer loop
      vertex -48.553179852490935 21.580968639911788 1.6
      vertex -48.3167106990588 21.405591163092364 5.800000000000001
      vertex -48.553179852490935 21.580968639911788 5.800000000000001
    endloop
  endfacet
  facet normal -0.5141027441932281 -0.8577286100002682 0
    outer loop
      vertex -48.3167106990588 21.405591163092364 1.6
      vertex -48.06419021047799 21.254236206954932 5.800000000000001
      vertex -48.3167106990588 21.405591163092364 5.800000000000001
    endloop
  endfacet
  facet normal -0.4275550934302729 -0.9039892931234478 0
    outer loop
      vertex -48.06419021047799 21.254236206954932 1.6
      vertex -47.798050297095266 21.12836140246614 5.800000000000001
      vertex -48.06419021047799 21.254236206954932 5.800000000000001
    endloop
  endfacet
  facet normal -0.6715589548470138 -0.7409511253549633 0
    outer loop
      vertex -48.771320343559644 21.778679656440357 1.6
      vertex -48.553179852490935 21.580968639911788 5.800000000000001
      vertex -48.771320343559644 21.778679656440357 5.800000000000001
    endloop
  endfacet
  facet normal -0.903989293123443 -0.42755509343028275 0
    outer loop
      vertex -49.29576379304506 22.485809789522005 1.6
      vertex -49.29576379304506 22.485809789522005 5.800000000000001
      vertex -49.42163859753386 22.751949702904728 5.800000000000001
    endloop
  endfacet
  facet normal -0.857728610000279 -0.5141027441932103 0
    outer loop
      vertex -49.14440883690764 22.23328930094119 1.6
      vertex -49.14440883690764 22.23328930094119 5.800000000000001
      vertex -49.29576379304506 22.485809789522005 5.800000000000001
    endloop
  endfacet
  facet normal -0.9415440651830213 -0.3368898533922187 0
    outer loop
      vertex -49.42163859753386 22.751949702904728 1.6
      vertex -49.42163859753386 22.751949702904728 5.800000000000001
      vertex -49.52082100719662 23.029145968236612 5.800000000000001
    endloop
  endfacet
  facet normal -0.9700312531945441 -0.24298017990326343 0
    outer loop
      vertex -49.52082100719662 23.029145968236612 1.6
      vertex -49.52082100719662 23.029145968236612 5.800000000000001
      vertex -49.59235584120969 23.314729033951615 5.800000000000001
    endloop
  endfacet
  facet normal -0.33688985339222255 -0.9415440651830198 0
    outer loop
      vertex -47.798050297095266 21.12836140246614 1.6
      vertex -47.520854031763385 21.029178992803374 5.800000000000001
      vertex -47.798050297095266 21.12836140246614 5.800000000000001
    endloop
  endfacet
  facet normal -0.9891765099647791 -0.14673047445537474 0
    outer loop
      vertex -49.59235584120969 23.314729033951615 1.6
      vertex -49.59235584120969 23.314729033951615 5.800000000000001
      vertex -49.63555418001659 23.605948579011315 5.800000000000001
    endloop
  endfacet
  facet normal -0.9987954562051726 -0.049067674327412034 0
    outer loop
      vertex -49.63555418001659 23.605948579011315 1.6
      vertex -49.63555418001659 23.605948579011315 5.800000000000001
      vertex -49.65 23.9 5.800000000000001
    endloop
  endfacet
  facet normal -0.9987954562051726 0.049067674327412034 0
    outer loop
      vertex -49.65 23.9 1.6
      vertex -49.65 23.9 5.800000000000001
      vertex -49.63555418001659 24.194051420988682 5.800000000000001
    endloop
  endfacet
  facet normal -0.9891765099647791 0.14673047445537474 0
    outer loop
      vertex -49.63555418001659 24.194051420988682 1.6
      vertex -49.63555418001659 24.194051420988682 5.800000000000001
      vertex -49.59235584120969 24.485270966048382 5.800000000000001
    endloop
  endfacet
  facet normal -0.9700312531945441 0.24298017990326343 0
    outer loop
      vertex -49.59235584120969 24.485270966048382 1.6
      vertex -49.59235584120969 24.485270966048382 5.800000000000001
      vertex -49.52082100719662 24.770854031763385 5.800000000000001
    endloop
  endfacet
  facet normal -0.9415440651830213 0.3368898533922187 0
    outer loop
      vertex -49.52082100719662 24.770854031763385 1.6
      vertex -49.52082100719662 24.770854031763385 5.800000000000001
      vertex -49.42163859753386 25.04805029709527 5.800000000000001
    endloop
  endfacet
  facet normal -0.903989293123443 0.42755509343028275 0
    outer loop
      vertex -49.42163859753386 25.04805029709527 1.6
      vertex -49.42163859753386 25.04805029709527 5.800000000000001
      vertex -49.29576379304506 25.314190210477992 5.800000000000001
    endloop
  endfacet
  facet normal 0.4275550934302729 -0.9039892931234478 0
    outer loop
      vertex -45.50194970290473 21.12836140246614 1.6
      vertex -45.23580978952201 21.254236206954932 5.800000000000001
      vertex -45.50194970290473 21.12836140246614 5.800000000000001
    endloop
  endfacet
  facet normal 0.5141027441932281 -0.8577286100002682 0
    outer loop
      vertex -45.23580978952201 21.254236206954932 1.6
      vertex -44.983289300941195 21.405591163092364 5.800000000000001
      vertex -45.23580978952201 21.254236206954932 5.800000000000001
    endloop
  endfacet
  facet normal 0.5956993044924276 -0.8032075314806493 0
    outer loop
      vertex -44.983289300941195 21.405591163092364 1.6
      vertex -44.74682014750906 21.580968639911788 5.800000000000001
      vertex -44.983289300941195 21.405591163092364 5.800000000000001
    endloop
  endfacet
  facet normal 0.6715589548470138 -0.7409511253549633 0
    outer loop
      vertex -44.74682014750906 21.580968639911788 1.6
      vertex -44.52867965644035 21.778679656440357 5.800000000000001
      vertex -44.74682014750906 21.580968639911788 5.800000000000001
    endloop
  endfacet
  facet normal 0.7409511253549638 -0.6715589548470131 0
    outer loop
      vertex -44.33096863991179 21.996820147509062 1.6
      vertex -44.33096863991179 21.996820147509062 5.800000000000001
      vertex -44.52867965644035 21.778679656440357 5.800000000000001
    endloop
  endfacet
  facet normal 0.8032075314806393 -0.5956993044924411 0
    outer loop
      vertex -44.15559116309236 22.23328930094119 1.6
      vertex -44.15559116309236 22.23328930094119 5.800000000000001
      vertex -44.33096863991179 21.996820147509062 5.800000000000001
    endloop
  endfacet
  facet normal 0.857728610000279 -0.5141027441932103 0
    outer loop
      vertex -44.004236206954936 22.485809789522005 1.6
      vertex -44.004236206954936 22.485809789522005 5.800000000000001
      vertex -44.15559116309236 22.23328930094119 5.800000000000001
    endloop
  endfacet
  facet normal 0.903989293123443 -0.42755509343028275 0
    outer loop
      vertex -43.87836140246614 22.751949702904728 1.6
      vertex -43.87836140246614 22.751949702904728 5.800000000000001
      vertex -44.004236206954936 22.485809789522005 5.800000000000001
    endloop
  endfacet
  facet normal 0.9415440651830213 -0.3368898533922187 0
    outer loop
      vertex -43.779178992803374 23.029145968236612 1.6
      vertex -43.779178992803374 23.029145968236612 5.800000000000001
      vertex -43.87836140246614 22.751949702904728 5.800000000000001
    endloop
  endfacet
  facet normal 0.9700312531945441 -0.24298017990326343 0
    outer loop
      vertex -43.70764415879031 23.314729033951615 1.6
      vertex -43.70764415879031 23.314729033951615 5.800000000000001
      vertex -43.779178992803374 23.029145968236612 5.800000000000001
    endloop
  endfacet
  facet normal 0.9891765099647791 -0.14673047445537474 0
    outer loop
      vertex -43.664445819983406 23.605948579011315 1.6
      vertex -43.664445819983406 23.605948579011315 5.800000000000001
      vertex -43.70764415879031 23.314729033951615 5.800000000000001
    endloop
  endfacet
  facet normal 0.9987954562051726 -0.049067674327412034 0
    outer loop
      vertex -43.65 23.9 1.6
      vertex -43.65 23.9 5.800000000000001
      vertex -43.664445819983406 23.605948579011315 5.800000000000001
    endloop
  endfacet
  facet normal 0.9987954562051726 0.049067674327412034 0
    outer loop
      vertex -43.664445819983406 24.194051420988682 1.6
      vertex -43.664445819983406 24.194051420988682 5.800000000000001
      vertex -43.65 23.9 5.800000000000001
    endloop
  endfacet
  facet normal 0.9891765099647791 0.14673047445537474 0
    outer loop
      vertex -43.70764415879031 24.485270966048382 1.6
      vertex -43.70764415879031 24.485270966048382 5.800000000000001
      vertex -43.664445819983406 24.194051420988682 5.800000000000001
    endloop
  endfacet
  facet normal 0.9700312531945441 0.24298017990326343 0
    outer loop
      vertex -43.779178992803374 24.770854031763385 1.6
      vertex -43.779178992803374 24.770854031763385 5.800000000000001
      vertex -43.70764415879031 24.485270966048382 5.800000000000001
    endloop
  endfacet
  facet normal 0.903989293123443 0.42755509343028275 0
    outer loop
      vertex -44.004236206954936 25.314190210477992 1.6
      vertex -44.004236206954936 25.314190210477992 5.800000000000001
      vertex -43.87836140246614 25.04805029709527 5.800000000000001
    endloop
  endfacet
  facet normal 0.9415440651830213 0.3368898533922187 0
    outer loop
      vertex -43.87836140246614 25.04805029709527 1.6
      vertex -43.87836140246614 25.04805029709527 5.800000000000001
      vertex -43.779178992803374 24.770854031763385 5.800000000000001
    endloop
  endfacet
  facet normal 0 0 1
    outer loop
      vertex -48.771320343559644 21.778679656440357 5.800000000000001
      vertex -48.96903136008821 25.803179852490935 5.800000000000001
      vertex -48.96903136008821 21.996820147509062 5.800000000000001
    endloop
  endfacet
  facet normal 0 0 1
    outer loop
      vertex -48.771320343559644 21.778679656440357 5.800000000000001
      vertex -48.553179852490935 21.580968639911788 5.800000000000001
      vertex -48.771320343559644 26.02132034355964 5.800000000000001
    endloop
  endfacet
  facet normal 0 0 1
    outer loop
      vertex -48.553179852490935 21.580968639911788 5.800000000000001
      vertex -48.3167106990588 21.405591163092364 5.800000000000001
      vertex -48.553179852490935 26.21903136008821 5.800000000000001
    endloop
  endfacet
  facet normal 0 0 1
    outer loop
      vertex -48.06419021047799 21.254236206954932 5.800000000000001
      vertex -48.3167106990588 26.394408836907633 5.800000000000001
      vertex -48.3167106990588 21.405591163092364 5.800000000000001
    endloop
  endfacet
  facet normal 0 0 1
    outer loop
      vertex -48.06419021047799 21.254236206954932 5.800000000000001
      vertex -47.798050297095266 21.12836140246614 5.800000000000001
      vertex -48.06419021047799 26.545763793045065 5.800000000000001
    endloop
  endfacet
  facet normal 0 0 1
    outer loop
      vertex -47.520854031763385 21.029178992803374 5.800000000000001
      vertex -47.23527096604838 20.95764415879031 5.800000000000001
      vertex -47.3444627912745 22.86066298462182 5.800000000000001
    endloop
  endfacet
  facet normal 0 0 1
    outer loop
      vertex -47.23527096604838 20.95764415879031 5.800000000000001
      vertex -46.94405142098868 20.914445819983406 5.800000000000001
      vertex -47.12835429045636 22.74515058436089 5.800000000000001
    endloop
  endfacet
  facet normal 0 0 1
    outer loop
      vertex -47.520854031763385 21.029178992803374 5.800000000000001
      vertex -47.68933701537818 23.205537208725495 5.800000000000001
      vertex -47.798050297095266 21.12836140246614 5.800000000000001
    endloop
  endfacet
  facet normal 0 0 1
    outer loop
      vertex -46.94405142098868 20.914445819983406 5.800000000000001
      vertex -47.01285584656808 22.70382458033474 5.800000000000001
      vertex -47.12835429045636 22.74515058436089 5.800000000000001
    endloop
  endfacet
  facet normal 0 0 1
    outer loop
      vertex -46.94405142098868 20.914445819983406 5.800000000000001
      vertex -46.65 20.9 5.800000000000001
      vertex -46.77252142541195 22.65601909165975 5.800000000000001
    endloop
  endfacet
  facet normal 0 0 1
    outer loop
      vertex -46.65 20.9 5.800000000000001
      vertex -46.35594857901132 20.914445819983406 5.800000000000001
      vertex -46.527478574588045 22.65601909165975 5.800000000000001
    endloop
  endfacet
  facet normal 0 0 1
    outer loop
      vertex -46.35594857901132 20.914445819983406 5.800000000000001
      vertex -46.064729033951615 20.95764415879031 5.800000000000001
      vertex -46.406137097479835 22.67401839949596 5.800000000000001
    endloop
  endfacet
  facet normal 0 0 1
    outer loop
      vertex -46.94405142098868 20.914445819983406 5.800000000000001
      vertex -46.89386290252016 22.67401839949596 5.800000000000001
      vertex -47.01285584656808 22.70382458033474 5.800000000000001
    endloop
  endfacet
  facet normal 0 0 1
    outer loop
      vertex -46.94405142098868 20.914445819983406 5.800000000000001
      vertex -46.77252142541195 22.65601909165975 5.800000000000001
      vertex -46.89386290252016 22.67401839949596 5.800000000000001
    endloop
  endfacet
  facet normal 0 0 1
    outer loop
      vertex -46.65 20.9 5.800000000000001
      vertex -46.65 22.65 5.800000000000001
      vertex -46.77252142541195 22.65601909165975 5.800000000000001
    endloop
  endfacet
  facet normal 0 0 1
    outer loop
      vertex -46.65 20.9 5.800000000000001
      vertex -46.527478574588045 22.65601909165975 5.800000000000001
      vertex -46.65 22.65 5.800000000000001
    endloop
  endfacet
  facet normal 0 0 1
    outer loop
      vertex -46.35594857901132 20.914445819983406 5.800000000000001
      vertex -46.406137097479835 22.67401839949596 5.800000000000001
      vertex -46.527478574588045 22.65601909165975 5.800000000000001
    endloop
  endfacet
  facet normal 0 0 1
    outer loop
      vertex -46.064729033951615 20.95764415879031 5.800000000000001
      vertex -46.28714415343192 22.70382458033474 5.800000000000001
      vertex -46.406137097479835 22.67401839949596 5.800000000000001
    endloop
  endfacet
  facet normal 0 0 1
    outer loop
      vertex -46.064729033951615 20.95764415879031 5.800000000000001
      vertex -46.17164570954364 22.74515058436089 5.800000000000001
      vertex -46.28714415343192 22.70382458033474 5.800000000000001
    endloop
  endfacet
  facet normal 0 0 1
    outer loop
      vertex -47.520854031763385 21.029178992803374 5.800000000000001
      vertex -47.53388347648318 23.016116523516814 5.800000000000001
      vertex -47.61626306670342 23.107008394795443 5.800000000000001
    endloop
  endfacet
  facet normal 0 0 1
    outer loop
      vertex -47.520854031763385 21.029178992803374 5.800000000000001
      vertex -47.442991605204554 22.933736933296576 5.800000000000001
      vertex -47.53388347648318 23.016116523516814 5.800000000000001
    endloop
  endfacet
  facet normal 0 0 1
    outer loop
      vertex -47.798050297095266 21.12836140246614 5.800000000000001
      vertex -47.75240158043544 23.310754078967502 5.800000000000001
      vertex -47.804849415639104 23.421645709543636 5.800000000000001
    endloop
  endfacet
  facet normal 0 0 1
    outer loop
      vertex -47.798050297095266 21.12836140246614 5.800000000000001
      vertex -47.68933701537818 23.205537208725495 5.800000000000001
      vertex -47.75240158043544 23.310754078967502 5.800000000000001
    endloop
  endfacet
  facet normal 0 0 1
    outer loop
      vertex -47.520854031763385 21.029178992803374 5.800000000000001
      vertex -47.61626306670342 23.107008394795443 5.800000000000001
      vertex -47.68933701537818 23.205537208725495 5.800000000000001
    endloop
  endfacet
  facet normal 0 0 1
    outer loop
      vertex -47.520854031763385 21.029178992803374 5.800000000000001
      vertex -47.3444627912745 22.86066298462182 5.800000000000001
      vertex -47.442991605204554 22.933736933296576 5.800000000000001
    endloop
  endfacet
  facet normal 0 0 1
    outer loop
      vertex -47.23527096604838 20.95764415879031 5.800000000000001
      vertex -47.2392459210325 22.797598419564554 5.800000000000001
      vertex -47.3444627912745 22.86066298462182 5.800000000000001
    endloop
  endfacet
  facet normal 0 0 1
    outer loop
      vertex -47.23527096604838 20.95764415879031 5.800000000000001
      vertex -47.12835429045636 22.74515058436089 5.800000000000001
      vertex -47.2392459210325 22.797598419564554 5.800000000000001
    endloop
  endfacet
  facet normal 0 0 1
    outer loop
      vertex -47.798050297095266 21.12836140246614 5.800000000000001
      vertex -47.804849415639104 23.421645709543636 5.800000000000001
      vertex -47.84617541966526 23.53714415343192 5.800000000000001
    endloop
  endfacet
  facet normal 0 0 1
    outer loop
      vertex -47.798050297095266 21.12836140246614 5.800000000000001
      vertex -47.84617541966526 23.53714415343192 5.800000000000001
      vertex -47.87598160050403 23.65613709747984 5.800000000000001
    endloop
  endfacet
  facet normal 0 0 1
    outer loop
      vertex -47.798050297095266 21.12836140246614 5.800000000000001
      vertex -47.87598160050403 23.65613709747984 5.800000000000001
      vertex -47.89398090834025 23.77747857458805 5.800000000000001
    endloop
  endfacet
  facet normal 0 0 1
    outer loop
      vertex -47.798050297095266 21.12836140246614 5.800000000000001
      vertex -47.89398090834025 23.77747857458805 5.800000000000001
      vertex -47.9 23.9 5.800000000000001
    endloop
  endfacet
  facet normal 0 0 1
    outer loop
      vertex -49.29576379304506 22.485809789522005 5.800000000000001
      vertex -49.42163859753386 25.04805029709527 5.800000000000001
      vertex -49.42163859753386 22.751949702904728 5.800000000000001
    endloop
  endfacet
  facet normal 0 0 1
    outer loop
      vertex -49.29576379304506 22.485809789522005 5.800000000000001
      vertex -49.14440883690764 22.23328930094119 5.800000000000001
      vertex -49.29576379304506 25.314190210477992 5.800000000000001
    endloop
  endfacet
  facet normal 0 0 1
    outer loop
      vertex -49.42163859753386 22.751949702904728 5.800000000000001
      vertex -49.52082100719662 24.770854031763385 5.800000000000001
      vertex -49.52082100719662 23.029145968236612 5.800000000000001
    endloop
  endfacet
  facet normal 0 0 1
    outer loop
      vertex -49.52082100719662 23.029145968236612 5.800000000000001
      vertex -49.59235584120969 24.485270966048382 5.800000000000001
      vertex -49.59235584120969 23.314729033951615 5.800000000000001
    endloop
  endfacet
  facet normal 0 0 1
    outer loop
      vertex -49.59235584120969 23.314729033951615 5.800000000000001
      vertex -49.63555418001659 24.194051420988682 5.800000000000001
      vertex -49.63555418001659 23.605948579011315 5.800000000000001
    endloop
  endfacet
  facet normal 0 0 1
    outer loop
      vertex -48.96903136008821 21.996820147509062 5.800000000000001
      vertex -49.14440883690764 25.566710699058806 5.800000000000001
      vertex -49.14440883690764 22.23328930094119 5.800000000000001
    endloop
  endfacet
  facet normal 0 0 1
    outer loop
      vertex -49.63555418001659 23.605948579011315 5.800000000000001
      vertex -49.63555418001659 24.194051420988682 5.800000000000001
      vertex -49.65 23.9 5.800000000000001
    endloop
  endfacet
  facet normal 0 0 1
    outer loop
      vertex -49.59235584120969 23.314729033951615 5.800000000000001
      vertex -49.59235584120969 24.485270966048382 5.800000000000001
      vertex -49.63555418001659 24.194051420988682 5.800000000000001
    endloop
  endfacet
  facet normal 0 0 1
    outer loop
      vertex -49.52082100719662 23.029145968236612 5.800000000000001
      vertex -49.52082100719662 24.770854031763385 5.800000000000001
      vertex -49.59235584120969 24.485270966048382 5.800000000000001
    endloop
  endfacet
  facet normal 0 0 1
    outer loop
      vertex -49.42163859753386 22.751949702904728 5.800000000000001
      vertex -49.42163859753386 25.04805029709527 5.800000000000001
      vertex -49.52082100719662 24.770854031763385 5.800000000000001
    endloop
  endfacet
  facet normal 0 0 1
    outer loop
      vertex -47.798050297095266 21.12836140246614 5.800000000000001
      vertex -47.9 23.9 5.800000000000001
      vertex -48.06419021047799 26.545763793045065 5.800000000000001
    endloop
  endfacet
  facet normal 0 0 1
    outer loop
      vertex -49.29576379304506 22.485809789522005 5.800000000000001
      vertex -49.29576379304506 25.314190210477992 5.800000000000001
      vertex -49.42163859753386 25.04805029709527 5.800000000000001
    endloop
  endfacet
  facet normal 0 0 1
    outer loop
      vertex -49.14440883690764 22.23328930094119 5.800000000000001
      vertex -49.14440883690764 25.566710699058806 5.800000000000001
      vertex -49.29576379304506 25.314190210477992 5.800000000000001
    endloop
  endfacet
  facet normal 0 0 1
    outer loop
      vertex -48.96903136008821 21.996820147509062 5.800000000000001
      vertex -48.96903136008821 25.803179852490935 5.800000000000001
      vertex -49.14440883690764 25.566710699058806 5.800000000000001
    endloop
  endfacet
  facet normal 0 0 1
    outer loop
      vertex -48.771320343559644 21.778679656440357 5.800000000000001
      vertex -48.771320343559644 26.02132034355964 5.800000000000001
      vertex -48.96903136008821 25.803179852490935 5.800000000000001
    endloop
  endfacet
  facet normal 0 0 1
    outer loop
      vertex -48.553179852490935 21.580968639911788 5.800000000000001
      vertex -48.553179852490935 26.21903136008821 5.800000000000001
      vertex -48.771320343559644 26.02132034355964 5.800000000000001
    endloop
  endfacet
  facet normal 0 0 1
    outer loop
      vertex -48.3167106990588 21.405591163092364 5.800000000000001
      vertex -48.3167106990588 26.394408836907633 5.800000000000001
      vertex -48.553179852490935 26.21903136008821 5.800000000000001
    endloop
  endfacet
  facet normal 0 0 1
    outer loop
      vertex -48.06419021047799 21.254236206954932 5.800000000000001
      vertex -48.06419021047799 26.545763793045065 5.800000000000001
      vertex -48.3167106990588 26.394408836907633 5.800000000000001
    endloop
  endfacet
  facet normal 0 0 1
    outer loop
      vertex -47.9 23.9 5.800000000000001
      vertex -47.89398090834025 24.02252142541195 5.800000000000001
      vertex -48.06419021047799 26.545763793045065 5.800000000000001
    endloop
  endfacet
  facet normal 0 0 1
    outer loop
      vertex -47.89398090834025 24.02252142541195 5.800000000000001
      vertex -47.87598160050403 24.14386290252016 5.800000000000001
      vertex -48.06419021047799 26.545763793045065 5.800000000000001
    endloop
  endfacet
  facet normal 0 0 1
    outer loop
      vertex -47.87598160050403 24.14386290252016 5.800000000000001
      vertex -47.84617541966526 24.262855846568076 5.800000000000001
      vertex -48.06419021047799 26.545763793045065 5.800000000000001
    endloop
  endfacet
  facet normal 0 0 1
    outer loop
      vertex -47.84617541966526 24.262855846568076 5.800000000000001
      vertex -47.804849415639104 24.37835429045636 5.800000000000001
      vertex -48.06419021047799 26.545763793045065 5.800000000000001
    endloop
  endfacet
  facet normal 0 0 1
    outer loop
      vertex -47.804849415639104 24.37835429045636 5.800000000000001
      vertex -47.75240158043544 24.489245921032495 5.800000000000001
      vertex -48.06419021047799 26.545763793045065 5.800000000000001
    endloop
  endfacet
  facet normal 0 0 1
    outer loop
      vertex -47.75240158043544 24.489245921032495 5.800000000000001
      vertex -47.68933701537818 24.594462791274502 5.800000000000001
      vertex -47.798050297095266 26.671638597533857 5.800000000000001
    endloop
  endfacet
  facet normal 0 0 1
    outer loop
      vertex -46.064729033951615 20.95764415879031 5.800000000000001
      vertex -45.77914596823661 21.029178992803374 5.800000000000001
      vertex -46.17164570954364 22.74515058436089 5.800000000000001
    endloop
  endfacet
  facet normal 0 0 1
    outer loop
      vertex -45.77914596823661 21.029178992803374 5.800000000000001
      vertex -45.50194970290473 21.12836140246614 5.800000000000001
      vertex -45.85700839479544 22.933736933296576 5.800000000000001
    endloop
  endfacet
  facet normal 0 0 1
    outer loop
      vertex -45.50194970290473 21.12836140246614 5.800000000000001
      vertex -45.23580978952201 21.254236206954932 5.800000000000001
      vertex -45.54759841956456 23.310754078967502 5.800000000000001
    endloop
  endfacet
  facet normal 0 0 1
    outer loop
      vertex -45.77914596823661 21.029178992803374 5.800000000000001
      vertex -46.0607540789675 22.797598419564554 5.800000000000001
      vertex -46.17164570954364 22.74515058436089 5.800000000000001
    endloop
  endfacet
  facet normal 0 0 1
    outer loop
      vertex -45.77914596823661 21.029178992803374 5.800000000000001
      vertex -45.955537208725495 22.86066298462182 5.800000000000001
      vertex -46.0607540789675 22.797598419564554 5.800000000000001
    endloop
  endfacet
  facet normal 0 0 1
    outer loop
      vertex -45.77914596823661 21.029178992803374 5.800000000000001
      vertex -45.85700839479544 22.933736933296576 5.800000000000001
      vertex -45.955537208725495 22.86066298462182 5.800000000000001
    endloop
  endfacet
  facet normal 0 0 1
    outer loop
      vertex -45.50194970290473 21.12836140246614 5.800000000000001
      vertex -45.766116523516814 23.016116523516814 5.800000000000001
      vertex -45.85700839479544 22.933736933296576 5.800000000000001
    endloop
  endfacet
  facet normal 0 0 1
    outer loop
      vertex -45.50194970290473 21.12836140246614 5.800000000000001
      vertex -45.68373693329658 23.107008394795443 5.800000000000001
      vertex -45.766116523516814 23.016116523516814 5.800000000000001
    endloop
  endfacet
  facet normal 0 0 1
    outer loop
      vertex -45.50194970290473 21.12836140246614 5.800000000000001
      vertex -45.61066298462182 23.205537208725495 5.800000000000001
      vertex -45.68373693329658 23.107008394795443 5.800000000000001
    endloop
  endfacet
  facet normal 0 0 1
    outer loop
      vertex -45.50194970290473 21.12836140246614 5.800000000000001
      vertex -45.54759841956456 23.310754078967502 5.800000000000001
      vertex -45.61066298462182 23.205537208725495 5.800000000000001
    endloop
  endfacet
  facet normal 0 0 1
    outer loop
      vertex -45.23580978952201 21.254236206954932 5.800000000000001
      vertex -45.49515058436089 23.421645709543636 5.800000000000001
      vertex -45.54759841956456 23.310754078967502 5.800000000000001
    endloop
  endfacet
  facet normal 0 0 1
    outer loop
      vertex -45.23580978952201 21.254236206954932 5.800000000000001
      vertex -45.45382458033474 23.53714415343192 5.800000000000001
      vertex -45.49515058436089 23.421645709543636 5.800000000000001
    endloop
  endfacet
  facet normal 0 0 1
    outer loop
      vertex -45.23580978952201 21.254236206954932 5.800000000000001
      vertex -45.424018399495964 23.65613709747984 5.800000000000001
      vertex -45.45382458033474 23.53714415343192 5.800000000000001
    endloop
  endfacet
  facet normal 0 0 1
    outer loop
      vertex -45.23580978952201 21.254236206954932 5.800000000000001
      vertex -45.40601909165975 23.77747857458805 5.800000000000001
      vertex -45.424018399495964 23.65613709747984 5.800000000000001
    endloop
  endfacet
  facet normal 0 0 1
    outer loop
      vertex -45.23580978952201 21.254236206954932 5.800000000000001
      vertex -45.4 23.9 5.800000000000001
      vertex -45.40601909165975 23.77747857458805 5.800000000000001
    endloop
  endfacet
  facet normal 0 0 1
    outer loop
      vertex -45.23580978952201 21.254236206954932 5.800000000000001
      vertex -44.983289300941195 21.405591163092364 5.800000000000001
      vertex -45.23580978952201 26.545763793045065 5.800000000000001
    endloop
  endfacet
  facet normal 0 0 1
    outer loop
      vertex -44.983289300941195 21.405591163092364 5.800000000000001
      vertex -44.74682014750906 21.580968639911788 5.800000000000001
      vertex -44.983289300941195 26.394408836907633 5.800000000000001
    endloop
  endfacet
  facet normal 0 0 1
    outer loop
      vertex -44.74682014750906 21.580968639911788 5.800000000000001
      vertex -44.52867965644035 21.778679656440357 5.800000000000001
      vertex -44.74682014750906 26.21903136008821 5.800000000000001
    endloop
  endfacet
  facet normal 0 0 1
    outer loop
      vertex -45.23580978952201 21.254236206954932 5.800000000000001
      vertex -45.50194970290473 26.671638597533857 5.800000000000001
      vertex -45.4 23.9 5.800000000000001
    endloop
  endfacet
  facet normal 0 0 1
    outer loop
      vertex -44.52867965644035 21.778679656440357 5.800000000000001
      vertex -44.33096863991179 21.996820147509062 5.800000000000001
      vertex -44.52867965644035 26.02132034355964 5.800000000000001
    endloop
  endfacet
  facet normal 0 0 1
    outer loop
      vertex -45.424018399495964 24.14386290252016 5.800000000000001
      vertex -45.50194970290473 26.671638597533857 5.800000000000001
      vertex -45.45382458033474 24.262855846568076 5.800000000000001
    endloop
  endfacet
  facet normal 0 0 1
    outer loop
      vertex -45.4 23.9 5.800000000000001
      vertex -45.50194970290473 26.671638597533857 5.800000000000001
      vertex -45.40601909165975 24.02252142541195 5.800000000000001
    endloop
  endfacet
  facet normal 0 0 1
    outer loop
      vertex -45.23580978952201 21.254236206954932 5.800000000000001
      vertex -45.23580978952201 26.545763793045065 5.800000000000001
      vertex -45.50194970290473 26.671638597533857 5.800000000000001
    endloop
  endfacet
  facet normal 0 0 1
    outer loop
      vertex -45.40601909165975 24.02252142541195 5.800000000000001
      vertex -45.50194970290473 26.671638597533857 5.800000000000001
      vertex -45.424018399495964 24.14386290252016 5.800000000000001
    endloop
  endfacet
  facet normal 0 0 1
    outer loop
      vertex -45.45382458033474 24.262855846568076 5.800000000000001
      vertex -45.50194970290473 26.671638597533857 5.800000000000001
      vertex -45.49515058436089 24.37835429045636 5.800000000000001
    endloop
  endfacet
  facet normal 0 0 1
    outer loop
      vertex -45.49515058436089 24.37835429045636 5.800000000000001
      vertex -45.50194970290473 26.671638597533857 5.800000000000001
      vertex -45.54759841956456 24.489245921032495 5.800000000000001
    endloop
  endfacet
  facet normal 0 0 1
    outer loop
      vertex -45.54759841956456 24.489245921032495 5.800000000000001
      vertex -45.50194970290473 26.671638597533857 5.800000000000001
      vertex -45.61066298462182 24.594462791274502 5.800000000000001
    endloop
  endfacet
  facet normal 0 0 1
    outer loop
      vertex -44.983289300941195 21.405591163092364 5.800000000000001
      vertex -44.983289300941195 26.394408836907633 5.800000000000001
      vertex -45.23580978952201 26.545763793045065 5.800000000000001
    endloop
  endfacet
  facet normal 0 0 1
    outer loop
      vertex -44.74682014750906 21.580968639911788 5.800000000000001
      vertex -44.74682014750906 26.21903136008821 5.800000000000001
      vertex -44.983289300941195 26.394408836907633 5.800000000000001
    endloop
  endfacet
  facet normal 0 0 1
    outer loop
      vertex -44.52867965644035 21.778679656440357 5.800000000000001
      vertex -44.52867965644035 26.02132034355964 5.800000000000001
      vertex -44.74682014750906 26.21903136008821 5.800000000000001
    endloop
  endfacet
  facet normal 0 0 1
    outer loop
      vertex -44.33096863991179 21.996820147509062 5.800000000000001
      vertex -44.33096863991179 25.803179852490935 5.800000000000001
      vertex -44.52867965644035 26.02132034355964 5.800000000000001
    endloop
  endfacet
  facet normal 0 0 1
    outer loop
      vertex -44.33096863991179 21.996820147509062 5.800000000000001
      vertex -44.15559116309236 22.23328930094119 5.800000000000001
      vertex -44.33096863991179 25.803179852490935 5.800000000000001
    endloop
  endfacet
  facet normal 0 0 1
    outer loop
      vertex -44.15559116309236 22.23328930094119 5.800000000000001
      vertex -44.004236206954936 22.485809789522005 5.800000000000001
      vertex -44.15559116309236 25.566710699058806 5.800000000000001
    endloop
  endfacet
  facet normal 0 0 1
    outer loop
      vertex -44.004236206954936 22.485809789522005 5.800000000000001
      vertex -43.87836140246614 22.751949702904728 5.800000000000001
      vertex -44.004236206954936 25.314190210477992 5.800000000000001
    endloop
  endfacet
  facet normal 0 0 1
    outer loop
      vertex -43.87836140246614 22.751949702904728 5.800000000000001
      vertex -43.779178992803374 23.029145968236612 5.800000000000001
      vertex -43.87836140246614 25.04805029709527 5.800000000000001
    endloop
  endfacet
  facet normal 0 0 1
    outer loop
      vertex -43.779178992803374 23.029145968236612 5.800000000000001
      vertex -43.70764415879031 23.314729033951615 5.800000000000001
      vertex -43.779178992803374 24.770854031763385 5.800000000000001
    endloop
  endfacet
  facet normal 0 0 1
    outer loop
      vertex -43.70764415879031 23.314729033951615 5.800000000000001
      vertex -43.664445819983406 23.605948579011315 5.800000000000001
      vertex -43.70764415879031 24.485270966048382 5.800000000000001
    endloop
  endfacet
  facet normal 0 0 1
    outer loop
      vertex -43.664445819983406 23.605948579011315 5.800000000000001
      vertex -43.65 23.9 5.800000000000001
      vertex -43.664445819983406 24.194051420988682 5.800000000000001
    endloop
  endfacet
  facet normal 0 0 1
    outer loop
      vertex -43.664445819983406 23.605948579011315 5.800000000000001
      vertex -43.664445819983406 24.194051420988682 5.800000000000001
      vertex -43.70764415879031 24.485270966048382 5.800000000000001
    endloop
  endfacet
  facet normal 0 0 1
    outer loop
      vertex -43.70764415879031 23.314729033951615 5.800000000000001
      vertex -43.70764415879031 24.485270966048382 5.800000000000001
      vertex -43.779178992803374 24.770854031763385 5.800000000000001
    endloop
  endfacet
  facet normal 0 0 1
    outer loop
      vertex -43.87836140246614 22.751949702904728 5.800000000000001
      vertex -43.87836140246614 25.04805029709527 5.800000000000001
      vertex -44.004236206954936 25.314190210477992 5.800000000000001
    endloop
  endfacet
  facet normal 0 0 1
    outer loop
      vertex -44.004236206954936 22.485809789522005 5.800000000000001
      vertex -44.004236206954936 25.314190210477992 5.800000000000001
      vertex -44.15559116309236 25.566710699058806 5.800000000000001
    endloop
  endfacet
  facet normal 0 0 1
    outer loop
      vertex -44.15559116309236 22.23328930094119 5.800000000000001
      vertex -44.15559116309236 25.566710699058806 5.800000000000001
      vertex -44.33096863991179 25.803179852490935 5.800000000000001
    endloop
  endfacet
  facet normal 0 0 1
    outer loop
      vertex -43.779178992803374 23.029145968236612 5.800000000000001
      vertex -43.779178992803374 24.770854031763385 5.800000000000001
      vertex -43.87836140246614 25.04805029709527 5.800000000000001
    endloop
  endfacet
  facet normal -0.857728610000279 0.5141027441932103 0
    outer loop
      vertex -49.29576379304506 25.314190210477992 1.6
      vertex -49.29576379304506 25.314190210477992 5.800000000000001
      vertex -49.14440883690764 25.566710699058806 5.800000000000001
    endloop
  endfacet
  facet normal -0.8032075314806393 0.5956993044924411 0
    outer loop
      vertex -49.14440883690764 25.566710699058806 1.6
      vertex -49.14440883690764 25.566710699058806 5.800000000000001
      vertex -48.96903136008821 25.803179852490935 5.800000000000001
    endloop
  endfacet
  facet normal -0.7409511253549638 0.6715589548470131 0
    outer loop
      vertex -48.96903136008821 25.803179852490935 1.6
      vertex -48.96903136008821 25.803179852490935 5.800000000000001
      vertex -48.771320343559644 26.02132034355964 5.800000000000001
    endloop
  endfacet
  facet normal -0.6715589548470138 0.7409511253549633 0
    outer loop
      vertex -48.553179852490935 26.21903136008821 1.6
      vertex -48.771320343559644 26.02132034355964 5.800000000000001
      vertex -48.553179852490935 26.21903136008821 5.800000000000001
    endloop
  endfacet
  facet normal -0.5956993044924276 0.8032075314806493 0
    outer loop
      vertex -48.3167106990588 26.394408836907633 1.6
      vertex -48.553179852490935 26.21903136008821 5.800000000000001
      vertex -48.3167106990588 26.394408836907633 5.800000000000001
    endloop
  endfacet
  facet normal -0.5141027441932281 0.8577286100002682 0
    outer loop
      vertex -48.06419021047799 26.545763793045065 1.6
      vertex -48.3167106990588 26.394408836907633 5.800000000000001
      vertex -48.06419021047799 26.545763793045065 5.800000000000001
    endloop
  endfacet
  facet normal -0.4275550934302729 0.9039892931234478 0
    outer loop
      vertex -47.798050297095266 26.671638597533857 1.6
      vertex -48.06419021047799 26.545763793045065 5.800000000000001
      vertex -47.798050297095266 26.671638597533857 5.800000000000001
    endloop
  endfacet
  facet normal -0.33688985339222255 0.9415440651830198 0
    outer loop
      vertex -47.520854031763385 26.770821007196623 1.6
      vertex -47.798050297095266 26.671638597533857 5.800000000000001
      vertex -47.520854031763385 26.770821007196623 5.800000000000001
    endloop
  endfacet
  facet normal -0.24298017990326343 0.9700312531945441 0
    outer loop
      vertex -47.23527096604838 26.842355841209688 1.6
      vertex -47.520854031763385 26.770821007196623 5.800000000000001
      vertex -47.23527096604838 26.842355841209688 5.800000000000001
    endloop
  endfacet
  facet normal -0.146730474455373 0.9891765099647793 0
    outer loop
      vertex -46.94405142098868 26.88555418001659 1.6
      vertex -47.23527096604838 26.842355841209688 5.800000000000001
      vertex -46.94405142098868 26.88555418001659 5.800000000000001
    endloop
  endfacet
  facet normal 0.04906767432741262 0.9987954562051726 0
    outer loop
      vertex -46.35594857901132 26.88555418001659 1.6
      vertex -46.65 26.9 5.800000000000001
      vertex -46.35594857901132 26.88555418001659 5.800000000000001
    endloop
  endfacet
  facet normal 0.146730474455373 0.9891765099647793 0
    outer loop
      vertex -46.064729033951615 26.842355841209688 1.6
      vertex -46.35594857901132 26.88555418001659 5.800000000000001
      vertex -46.064729033951615 26.842355841209688 5.800000000000001
    endloop
  endfacet
  facet normal -0.04906767432741262 0.9987954562051726 0
    outer loop
      vertex -46.65 26.9 1.6
      vertex -46.94405142098868 26.88555418001659 5.800000000000001
      vertex -46.65 26.9 5.800000000000001
    endloop
  endfacet
  facet normal 0.5956993044924276 0.8032075314806493 0
    outer loop
      vertex -44.74682014750906 26.21903136008821 1.6
      vertex -44.983289300941195 26.394408836907633 5.800000000000001
      vertex -44.74682014750906 26.21903136008821 5.800000000000001
    endloop
  endfacet
  facet normal 0.6715589548470138 0.7409511253549633 0
    outer loop
      vertex -44.52867965644035 26.02132034355964 1.6
      vertex -44.74682014750906 26.21903136008821 5.800000000000001
      vertex -44.52867965644035 26.02132034355964 5.800000000000001
    endloop
  endfacet
  facet normal 0.7409511253549638 0.6715589548470131 0
    outer loop
      vertex -44.52867965644035 26.02132034355964 1.6
      vertex -44.52867965644035 26.02132034355964 5.800000000000001
      vertex -44.33096863991179 25.803179852490935 5.800000000000001
    endloop
  endfacet
  facet normal 0.24298017990326343 0.9700312531945441 0
    outer loop
      vertex -45.77914596823661 26.770821007196623 1.6
      vertex -46.064729033951615 26.842355841209688 5.800000000000001
      vertex -45.77914596823661 26.770821007196623 5.800000000000001
    endloop
  endfacet
  facet normal 0.4275550934302729 0.9039892931234478 0
    outer loop
      vertex -45.23580978952201 26.545763793045065 1.6
      vertex -45.50194970290473 26.671638597533857 5.800000000000001
      vertex -45.23580978952201 26.545763793045065 5.800000000000001
    endloop
  endfacet
  facet normal 0.33688985339222255 0.9415440651830198 0
    outer loop
      vertex -45.50194970290473 26.671638597533857 1.6
      vertex -45.77914596823661 26.770821007196623 5.800000000000001
      vertex -45.50194970290473 26.671638597533857 5.800000000000001
    endloop
  endfacet
  facet normal 0.5141027441932281 0.8577286100002682 0
    outer loop
      vertex -44.983289300941195 26.394408836907633 1.6
      vertex -45.23580978952201 26.545763793045065 5.800000000000001
      vertex -44.983289300941195 26.394408836907633 5.800000000000001
    endloop
  endfacet
  facet normal 0.857728610000279 0.5141027441932103 0
    outer loop
      vertex -44.15559116309236 25.566710699058806 1.6
      vertex -44.15559116309236 25.566710699058806 5.800000000000001
      vertex -44.004236206954936 25.314190210477992 5.800000000000001
    endloop
  endfacet
  facet normal 0.8032075314806393 0.5956993044924411 0
    outer loop
      vertex -44.33096863991179 25.803179852490935 1.6
      vertex -44.33096863991179 25.803179852490935 5.800000000000001
      vertex -44.15559116309236 25.566710699058806 5.800000000000001
    endloop
  endfacet
  facet normal 0 0 1
    outer loop
      vertex -47.68933701537818 24.594462791274502 5.800000000000001
      vertex -47.61626306670342 24.692991605204554 5.800000000000001
      vertex -47.798050297095266 26.671638597533857 5.800000000000001
    endloop
  endfacet
  facet normal 0 0 1
    outer loop
      vertex -47.61626306670342 24.692991605204554 5.800000000000001
      vertex -47.53388347648318 24.783883476483183 5.800000000000001
      vertex -47.798050297095266 26.671638597533857 5.800000000000001
    endloop
  endfacet
  facet normal 0 0 1
    outer loop
      vertex -47.53388347648318 24.783883476483183 5.800000000000001
      vertex -47.442991605204554 24.86626306670342 5.800000000000001
      vertex -47.798050297095266 26.671638597533857 5.800000000000001
    endloop
  endfacet
  facet normal 0 0 1
    outer loop
      vertex -47.442991605204554 24.86626306670342 5.800000000000001
      vertex -47.3444627912745 24.93933701537818 5.800000000000001
      vertex -47.520854031763385 26.770821007196623 5.800000000000001
    endloop
  endfacet
  facet normal 0 0 1
    outer loop
      vertex -47.3444627912745 24.93933701537818 5.800000000000001
      vertex -47.2392459210325 25.002401580435443 5.800000000000001
      vertex -47.520854031763385 26.770821007196623 5.800000000000001
    endloop
  endfacet
  facet normal 0 0 1
    outer loop
      vertex -47.2392459210325 25.002401580435443 5.800000000000001
      vertex -47.12835429045636 25.054849415639108 5.800000000000001
      vertex -47.520854031763385 26.770821007196623 5.800000000000001
    endloop
  endfacet
  facet normal 0 0 1
    outer loop
      vertex -47.12835429045636 25.054849415639108 5.800000000000001
      vertex -47.01285584656808 25.096175419665258 5.800000000000001
      vertex -47.23527096604838 26.842355841209688 5.800000000000001
    endloop
  endfacet
  facet normal 0 0 1
    outer loop
      vertex -47.01285584656808 25.096175419665258 5.800000000000001
      vertex -46.89386290252016 25.125981600504037 5.800000000000001
      vertex -47.23527096604838 26.842355841209688 5.800000000000001
    endloop
  endfacet
  facet normal 0 0 1
    outer loop
      vertex -47.75240158043544 24.489245921032495 5.800000000000001
      vertex -47.798050297095266 26.671638597533857 5.800000000000001
      vertex -48.06419021047799 26.545763793045065 5.800000000000001
    endloop
  endfacet
  facet normal 0 0 1
    outer loop
      vertex -47.442991605204554 24.86626306670342 5.800000000000001
      vertex -47.520854031763385 26.770821007196623 5.800000000000001
      vertex -47.798050297095266 26.671638597533857 5.800000000000001
    endloop
  endfacet
  facet normal 0 0 1
    outer loop
      vertex -47.12835429045636 25.054849415639108 5.800000000000001
      vertex -47.23527096604838 26.842355841209688 5.800000000000001
      vertex -47.520854031763385 26.770821007196623 5.800000000000001
    endloop
  endfacet
  facet normal 0 0 1
    outer loop
      vertex -46.89386290252016 25.125981600504037 5.800000000000001
      vertex -46.94405142098868 26.88555418001659 5.800000000000001
      vertex -47.23527096604838 26.842355841209688 5.800000000000001
    endloop
  endfacet
  facet normal 0 0 1
    outer loop
      vertex -46.89386290252016 25.125981600504037 5.800000000000001
      vertex -46.77252142541195 25.143980908340247 5.800000000000001
      vertex -46.94405142098868 26.88555418001659 5.800000000000001
    endloop
  endfacet
  facet normal 0 0 1
    outer loop
      vertex -46.77252142541195 25.143980908340247 5.800000000000001
      vertex -46.65 25.15 5.800000000000001
      vertex -46.65 26.9 5.800000000000001
    endloop
  endfacet
  facet normal 0 0 1
    outer loop
      vertex -46.65 25.15 5.800000000000001
      vertex -46.527478574588045 25.143980908340247 5.800000000000001
      vertex -46.65 26.9 5.800000000000001
    endloop
  endfacet
  facet normal 0 0 1
    outer loop
      vertex -46.406137097479835 25.125981600504037 5.800000000000001
      vertex -46.28714415343192 25.096175419665258 5.800000000000001
      vertex -46.35594857901132 26.88555418001659 5.800000000000001
    endloop
  endfacet
  facet normal 0 0 1
    outer loop
      vertex -46.527478574588045 25.143980908340247 5.800000000000001
      vertex -46.406137097479835 25.125981600504037 5.800000000000001
      vertex -46.35594857901132 26.88555418001659 5.800000000000001
    endloop
  endfacet
  facet normal 0 0 1
    outer loop
      vertex -46.28714415343192 25.096175419665258 5.800000000000001
      vertex -46.17164570954364 25.054849415639108 5.800000000000001
      vertex -46.35594857901132 26.88555418001659 5.800000000000001
    endloop
  endfacet
  facet normal 0 0 1
    outer loop
      vertex -46.77252142541195 25.143980908340247 5.800000000000001
      vertex -46.65 26.9 5.800000000000001
      vertex -46.94405142098868 26.88555418001659 5.800000000000001
    endloop
  endfacet
  facet normal 0 0 1
    outer loop
      vertex -46.527478574588045 25.143980908340247 5.800000000000001
      vertex -46.35594857901132 26.88555418001659 5.800000000000001
      vertex -46.65 26.9 5.800000000000001
    endloop
  endfacet
  facet normal 0 0 1
    outer loop
      vertex -46.17164570954364 25.054849415639108 5.800000000000001
      vertex -46.064729033951615 26.842355841209688 5.800000000000001
      vertex -46.35594857901132 26.88555418001659 5.800000000000001
    endloop
  endfacet
  facet normal 0 0 1
    outer loop
      vertex -45.68373693329658 24.692991605204554 5.800000000000001
      vertex -45.61066298462182 24.594462791274502 5.800000000000001
      vertex -45.77914596823661 26.770821007196623 5.800000000000001
    endloop
  endfacet
  facet normal 0 0 1
    outer loop
      vertex -45.68373693329658 24.692991605204554 5.800000000000001
      vertex -45.77914596823661 26.770821007196623 5.800000000000001
      vertex -45.766116523516814 24.783883476483183 5.800000000000001
    endloop
  endfacet
  facet normal 0 0 1
    outer loop
      vertex -45.766116523516814 24.783883476483183 5.800000000000001
      vertex -45.77914596823661 26.770821007196623 5.800000000000001
      vertex -45.85700839479544 24.86626306670342 5.800000000000001
    endloop
  endfacet
  facet normal 0 0 1
    outer loop
      vertex -45.955537208725495 24.93933701537818 5.800000000000001
      vertex -45.85700839479544 24.86626306670342 5.800000000000001
      vertex -45.77914596823661 26.770821007196623 5.800000000000001
    endloop
  endfacet
  facet normal 0 0 1
    outer loop
      vertex -46.17164570954364 25.054849415639108 5.800000000000001
      vertex -46.0607540789675 25.002401580435443 5.800000000000001
      vertex -46.064729033951615 26.842355841209688 5.800000000000001
    endloop
  endfacet
  facet normal 0 0 1
    outer loop
      vertex -46.0607540789675 25.002401580435443 5.800000000000001
      vertex -45.955537208725495 24.93933701537818 5.800000000000001
      vertex -46.064729033951615 26.842355841209688 5.800000000000001
    endloop
  endfacet
  facet normal 0 0 1
    outer loop
      vertex -45.955537208725495 24.93933701537818 5.800000000000001
      vertex -45.77914596823661 26.770821007196623 5.800000000000001
      vertex -46.064729033951615 26.842355841209688 5.800000000000001
    endloop
  endfacet
  facet normal 0 0 1
    outer loop
      vertex -45.61066298462182 24.594462791274502 5.800000000000001
      vertex -45.50194970290473 26.671638597533857 5.800000000000001
      vertex -45.77914596823661 26.770821007196623 5.800000000000001
    endloop
  endfacet
  facet normal 0 0 1
    outer loop
      vertex 45.68373693329658 23.107008394795443 2.2
      vertex 45.68373693329658 24.692991605204554 2.2
      vertex 45.61066298462182 23.205537208725495 2.2
    endloop
  endfacet
  facet normal 0 0 1
    outer loop
      vertex 45.54759841956456 23.310754078967502 2.2
      vertex 45.61066298462182 23.205537208725495 2.2
      vertex 45.61066298462182 24.594462791274502 2.2
    endloop
  endfacet
  facet normal 0 0 1
    outer loop
      vertex 45.766116523516814 23.016116523516814 2.2
      vertex 45.766116523516814 24.783883476483183 2.2
      vertex 45.68373693329658 23.107008394795443 2.2
    endloop
  endfacet
  facet normal 0 0 1
    outer loop
      vertex 45.85700839479544 22.933736933296576 2.2
      vertex 45.85700839479544 24.86626306670342 2.2
      vertex 45.766116523516814 23.016116523516814 2.2
    endloop
  endfacet
  facet normal 0 0 1
    outer loop
      vertex 45.85700839479544 22.933736933296576 2.2
      vertex 45.955537208725495 22.86066298462182 2.2
      vertex 45.955537208725495 24.93933701537818 2.2
    endloop
  endfacet
  facet normal 0 0 1
    outer loop
      vertex 46.0607540789675 22.797598419564554 2.2
      vertex 46.0607540789675 25.002401580435443 2.2
      vertex 45.955537208725495 22.86066298462182 2.2
    endloop
  endfacet
  facet normal 0 0 1
    outer loop
      vertex 45.424018399495964 23.65613709747984 2.2
      vertex 45.45382458033474 23.53714415343192 2.2
      vertex 45.45382458033474 24.262855846568076 2.2
    endloop
  endfacet
  facet normal 0 0 1
    outer loop
      vertex 45.424018399495964 23.65613709747984 2.2
      vertex 45.424018399495964 24.14386290252016 2.2
      vertex 45.40601909165975 23.77747857458805 2.2
    endloop
  endfacet
  facet normal 0 0 1
    outer loop
      vertex 45.40601909165975 23.77747857458805 2.2
      vertex 45.40601909165975 24.02252142541195 2.2
      vertex 45.4 23.9 2.2
    endloop
  endfacet
  facet normal 0 0 1
    outer loop
      vertex 45.40601909165975 23.77747857458805 2.2
      vertex 45.424018399495964 24.14386290252016 2.2
      vertex 45.40601909165975 24.02252142541195 2.2
    endloop
  endfacet
  facet normal 0 0 1
    outer loop
      vertex 45.54759841956456 23.310754078967502 2.2
      vertex 45.54759841956456 24.489245921032495 2.2
      vertex 45.49515058436089 23.421645709543636 2.2
    endloop
  endfacet
  facet normal 0 0 1
    outer loop
      vertex 45.49515058436089 23.421645709543636 2.2
      vertex 45.49515058436089 24.37835429045636 2.2
      vertex 45.45382458033474 23.53714415343192 2.2
    endloop
  endfacet
  facet normal 0 0 1
    outer loop
      vertex 45.424018399495964 23.65613709747984 2.2
      vertex 45.45382458033474 24.262855846568076 2.2
      vertex 45.424018399495964 24.14386290252016 2.2
    endloop
  endfacet
  facet normal 0 0 1
    outer loop
      vertex 45.45382458033474 23.53714415343192 2.2
      vertex 45.49515058436089 24.37835429045636 2.2
      vertex 45.45382458033474 24.262855846568076 2.2
    endloop
  endfacet
  facet normal 0 0 1
    outer loop
      vertex 45.49515058436089 23.421645709543636 2.2
      vertex 45.54759841956456 24.489245921032495 2.2
      vertex 45.49515058436089 24.37835429045636 2.2
    endloop
  endfacet
  facet normal 0 0 1
    outer loop
      vertex 45.54759841956456 23.310754078967502 2.2
      vertex 45.61066298462182 24.594462791274502 2.2
      vertex 45.54759841956456 24.489245921032495 2.2
    endloop
  endfacet
  facet normal 0 0 1
    outer loop
      vertex 45.61066298462182 23.205537208725495 2.2
      vertex 45.68373693329658 24.692991605204554 2.2
      vertex 45.61066298462182 24.594462791274502 2.2
    endloop
  endfacet
  facet normal 0 0 1
    outer loop
      vertex 45.68373693329658 23.107008394795443 2.2
      vertex 45.766116523516814 24.783883476483183 2.2
      vertex 45.68373693329658 24.692991605204554 2.2
    endloop
  endfacet
  facet normal 0 0 1
    outer loop
      vertex 45.766116523516814 23.016116523516814 2.2
      vertex 45.85700839479544 24.86626306670342 2.2
      vertex 45.766116523516814 24.783883476483183 2.2
    endloop
  endfacet
  facet normal 0 0 1
    outer loop
      vertex 45.85700839479544 22.933736933296576 2.2
      vertex 45.955537208725495 24.93933701537818 2.2
      vertex 45.85700839479544 24.86626306670342 2.2
    endloop
  endfacet
  facet normal 0 0 1
    outer loop
      vertex 45.955537208725495 22.86066298462182 2.2
      vertex 46.0607540789675 25.002401580435443 2.2
      vertex 45.955537208725495 24.93933701537818 2.2
    endloop
  endfacet
  facet normal 0 0 1
    outer loop
      vertex 46.0607540789675 22.797598419564554 2.2
      vertex 46.17164570954364 25.054849415639108 2.2
      vertex 46.0607540789675 25.002401580435443 2.2
    endloop
  endfacet
  facet normal 0 0 1
    outer loop
      vertex 46.0607540789675 22.797598419564554 2.2
      vertex 46.17164570954364 22.74515058436089 2.2
      vertex 46.17164570954364 25.054849415639108 2.2
    endloop
  endfacet
  facet normal 0 0 1
    outer loop
      vertex 46.17164570954364 22.74515058436089 2.2
      vertex 46.28714415343192 22.70382458033474 2.2
      vertex 46.28714415343192 25.096175419665258 2.2
    endloop
  endfacet
  facet normal 0 0 1
    outer loop
      vertex 46.406137097479835 22.67401839949596 2.2
      vertex 46.406137097479835 25.125981600504037 2.2
      vertex 46.28714415343192 22.70382458033474 2.2
    endloop
  endfacet
  facet normal 0 0 1
    outer loop
      vertex 46.406137097479835 22.67401839949596 2.2
      vertex 46.527478574588045 22.65601909165975 2.2
      vertex 46.527478574588045 25.143980908340247 2.2
    endloop
  endfacet
  facet normal 0 0 1
    outer loop
      vertex 46.527478574588045 22.65601909165975 2.2
      vertex 46.65 22.65 2.2
      vertex 46.65 25.15 2.2
    endloop
  endfacet
  facet normal 0 0 1
    outer loop
      vertex 46.65 22.65 2.2
      vertex 46.77252142541195 22.65601909165975 2.2
      vertex 46.77252142541195 25.143980908340247 2.2
    endloop
  endfacet
  facet normal 0 0 1
    outer loop
      vertex 46.77252142541195 22.65601909165975 2.2
      vertex 46.89386290252016 22.67401839949596 2.2
      vertex 46.89386290252016 25.125981600504037 2.2
    endloop
  endfacet
  facet normal 0 0 1
    outer loop
      vertex 46.89386290252016 22.67401839949596 2.2
      vertex 47.01285584656808 22.70382458033474 2.2
      vertex 47.01285584656808 25.096175419665258 2.2
    endloop
  endfacet
  facet normal 0 0 1
    outer loop
      vertex 47.01285584656808 22.70382458033474 2.2
      vertex 47.12835429045636 22.74515058436089 2.2
      vertex 47.12835429045636 25.054849415639108 2.2
    endloop
  endfacet
  facet normal 0 0 1
    outer loop
      vertex 47.12835429045636 22.74515058436089 2.2
      vertex 47.2392459210325 22.797598419564554 2.2
      vertex 47.2392459210325 25.002401580435443 2.2
    endloop
  endfacet
  facet normal 0 0 1
    outer loop
      vertex 47.2392459210325 22.797598419564554 2.2
      vertex 47.3444627912745 22.86066298462182 2.2
      vertex 47.3444627912745 24.93933701537818 2.2
    endloop
  endfacet
  facet normal 0 0 1
    outer loop
      vertex 47.3444627912745 22.86066298462182 2.2
      vertex 47.442991605204554 22.933736933296576 2.2
      vertex 47.442991605204554 24.86626306670342 2.2
    endloop
  endfacet
  facet normal 0 0 1
    outer loop
      vertex 47.442991605204554 22.933736933296576 2.2
      vertex 47.53388347648318 23.016116523516814 2.2
      vertex 47.53388347648318 24.783883476483183 2.2
    endloop
  endfacet
  facet normal 0 0 1
    outer loop
      vertex 47.53388347648318 23.016116523516814 2.2
      vertex 47.61626306670342 23.107008394795443 2.2
      vertex 47.61626306670342 24.692991605204554 2.2
    endloop
  endfacet
  facet normal 0 0 1
    outer loop
      vertex 47.61626306670342 23.107008394795443 2.2
      vertex 47.68933701537818 23.205537208725495 2.2
      vertex 47.68933701537818 24.594462791274502 2.2
    endloop
  endfacet
  facet normal 0 0 1
    outer loop
      vertex 47.68933701537818 23.205537208725495 2.2
      vertex 47.75240158043544 23.310754078967502 2.2
      vertex 47.75240158043544 24.489245921032495 2.2
    endloop
  endfacet
  facet normal 0 0 1
    outer loop
      vertex 47.75240158043544 23.310754078967502 2.2
      vertex 47.804849415639104 23.421645709543636 2.2
      vertex 47.804849415639104 24.37835429045636 2.2
    endloop
  endfacet
  facet normal 0 0 1
    outer loop
      vertex 47.2392459210325 22.797598419564554 2.2
      vertex 47.3444627912745 24.93933701537818 2.2
      vertex 47.2392459210325 25.002401580435443 2.2
    endloop
  endfacet
  facet normal 0 0 1
    outer loop
      vertex 47.3444627912745 22.86066298462182 2.2
      vertex 47.442991605204554 24.86626306670342 2.2
      vertex 47.3444627912745 24.93933701537818 2.2
    endloop
  endfacet
  facet normal 0 0 1
    outer loop
      vertex 47.804849415639104 23.421645709543636 2.2
      vertex 47.84617541966526 23.53714415343192 2.2
      vertex 47.84617541966526 24.262855846568076 2.2
    endloop
  endfacet
  facet normal 0 0 1
    outer loop
      vertex 47.84617541966526 23.53714415343192 2.2
      vertex 47.87598160050403 23.65613709747984 2.2
      vertex 47.87598160050403 24.14386290252016 2.2
    endloop
  endfacet
  facet normal 0 0 1
    outer loop
      vertex 47.87598160050403 23.65613709747984 2.2
      vertex 47.89398090834025 24.02252142541195 2.2
      vertex 47.87598160050403 24.14386290252016 2.2
    endloop
  endfacet
  facet normal 0 0 1
    outer loop
      vertex 47.84617541966526 23.53714415343192 2.2
      vertex 47.87598160050403 24.14386290252016 2.2
      vertex 47.84617541966526 24.262855846568076 2.2
    endloop
  endfacet
  facet normal 0 0 1
    outer loop
      vertex 47.442991605204554 22.933736933296576 2.2
      vertex 47.53388347648318 24.783883476483183 2.2
      vertex 47.442991605204554 24.86626306670342 2.2
    endloop
  endfacet
  facet normal 0 0 1
    outer loop
      vertex 47.53388347648318 23.016116523516814 2.2
      vertex 47.61626306670342 24.692991605204554 2.2
      vertex 47.53388347648318 24.783883476483183 2.2
    endloop
  endfacet
  facet normal 0 0 1
    outer loop
      vertex 47.61626306670342 23.107008394795443 2.2
      vertex 47.68933701537818 24.594462791274502 2.2
      vertex 47.61626306670342 24.692991605204554 2.2
    endloop
  endfacet
  facet normal 0 0 1
    outer loop
      vertex 47.75240158043544 23.310754078967502 2.2
      vertex 47.804849415639104 24.37835429045636 2.2
      vertex 47.75240158043544 24.489245921032495 2.2
    endloop
  endfacet
  facet normal 0 0 1
    outer loop
      vertex 47.68933701537818 23.205537208725495 2.2
      vertex 47.75240158043544 24.489245921032495 2.2
      vertex 47.68933701537818 24.594462791274502 2.2
    endloop
  endfacet
  facet normal 0 0 1
    outer loop
      vertex 47.804849415639104 23.421645709543636 2.2
      vertex 47.84617541966526 24.262855846568076 2.2
      vertex 47.804849415639104 24.37835429045636 2.2
    endloop
  endfacet
  facet normal 0 0 1
    outer loop
      vertex 46.17164570954364 22.74515058436089 2.2
      vertex 46.28714415343192 25.096175419665258 2.2
      vertex 46.17164570954364 25.054849415639108 2.2
    endloop
  endfacet
  facet normal 0 0 1
    outer loop
      vertex 46.28714415343192 22.70382458033474 2.2
      vertex 46.406137097479835 25.125981600504037 2.2
      vertex 46.28714415343192 25.096175419665258 2.2
    endloop
  endfacet
  facet normal 0 0 1
    outer loop
      vertex 46.406137097479835 22.67401839949596 2.2
      vertex 46.527478574588045 25.143980908340247 2.2
      vertex 46.406137097479835 25.125981600504037 2.2
    endloop
  endfacet
  facet normal 0 0 1
    outer loop
      vertex 46.527478574588045 22.65601909165975 2.2
      vertex 46.65 25.15 2.2
      vertex 46.527478574588045 25.143980908340247 2.2
    endloop
  endfacet
  facet normal 0 0 1
    outer loop
      vertex 46.65 22.65 2.2
      vertex 46.77252142541195 25.143980908340247 2.2
      vertex 46.65 25.15 2.2
    endloop
  endfacet
  facet normal 0 0 1
    outer loop
      vertex 46.77252142541195 22.65601909165975 2.2
      vertex 46.89386290252016 25.125981600504037 2.2
      vertex 46.77252142541195 25.143980908340247 2.2
    endloop
  endfacet
  facet normal 0 0 1
    outer loop
      vertex 46.89386290252016 22.67401839949596 2.2
      vertex 47.01285584656808 25.096175419665258 2.2
      vertex 46.89386290252016 25.125981600504037 2.2
    endloop
  endfacet
  facet normal 0 0 1
    outer loop
      vertex 47.01285584656808 22.70382458033474 2.2
      vertex 47.12835429045636 25.054849415639108 2.2
      vertex 47.01285584656808 25.096175419665258 2.2
    endloop
  endfacet
  facet normal 0 0 1
    outer loop
      vertex 47.12835429045636 22.74515058436089 2.2
      vertex 47.2392459210325 25.002401580435443 2.2
      vertex 47.12835429045636 25.054849415639108 2.2
    endloop
  endfacet
  facet normal 0 0 1
    outer loop
      vertex 47.87598160050403 23.65613709747984 2.2
      vertex 47.89398090834025 23.77747857458805 2.2
      vertex 47.89398090834025 24.02252142541195 2.2
    endloop
  endfacet
  facet normal 0 0 1
    outer loop
      vertex 47.89398090834025 23.77747857458805 2.2
      vertex 47.9 23.9 2.2
      vertex 47.89398090834025 24.02252142541195 2.2
    endloop
  endfacet
  facet normal 0.8032075314806372 0.5956993044924437 -3.4017277734095894e-19
    outer loop
      vertex 45.68373693329658 23.107008394795443 2.2
      vertex 45.61066298462182 23.205537208725495 2.2
      vertex 45.61066298462182 23.205537208725495 5.800000000000001
    endloop
  endfacet
  facet normal 0.42755509343026615 0.9039892931234508 0
    outer loop
      vertex 46.0607540789675 22.797598419564554 2.2
      vertex 46.0607540789675 22.797598419564554 5.800000000000001
      vertex 46.17164570954364 22.74515058436089 2.2
    endloop
  endfacet
  facet normal 0.5141027441932402 0.857728610000261 -7.522596664730008e-19
    outer loop
      vertex 46.0607540789675 22.797598419564554 2.2
      vertex 45.955537208725495 22.86066298462182 2.2
      vertex 45.955537208725495 22.86066298462182 5.800000000000001
    endloop
  endfacet
  facet normal 0.595699304492425 0.803207531480651 0
    outer loop
      vertex 45.85700839479544 22.933736933296576 2.2
      vertex 45.85700839479544 22.933736933296576 5.800000000000001
      vertex 45.955537208725495 22.86066298462182 2.2
    endloop
  endfacet
  facet normal 0.6715589548470204 0.7409511253549572 3.8146980771509423e-19
    outer loop
      vertex 45.85700839479544 22.933736933296576 2.2
      vertex 45.766116523516814 23.016116523516814 2.2
      vertex 45.766116523516814 23.016116523516814 5.800000000000001
    endloop
  endfacet
  facet normal 0.7409511253549718 0.6715589548470045 9.571551129995355e-19
    outer loop
      vertex 45.766116523516814 23.016116523516814 2.2
      vertex 45.68373693329658 23.107008394795443 2.2
      vertex 45.68373693329658 23.107008394795443 5.800000000000001
    endloop
  endfacet
  facet normal 0.8577286100002814 0.5141027441932061 0
    outer loop
      vertex 45.54759841956456 23.310754078967502 2.2
      vertex 45.54759841956456 23.310754078967502 5.800000000000001
      vertex 45.61066298462182 23.205537208725495 2.2
    endloop
  endfacet
  facet normal 0.9039892931234402 0.4275550934302885 3.124474034015975e-20
    outer loop
      vertex 45.54759841956456 23.310754078967502 2.2
      vertex 45.49515058436089 23.421645709543636 2.2
      vertex 45.49515058436089 23.421645709543636 5.800000000000001
    endloop
  endfacet
  facet normal 0.9700312531945464 0.24298017990325438 0
    outer loop
      vertex 45.424018399495964 23.65613709747984 2.2
      vertex 45.424018399495964 23.65613709747984 5.800000000000001
      vertex 45.45382458033474 23.53714415343192 2.2
    endloop
  endfacet
  facet normal 0.9415440651830194 0.33688985339222377 -2.229493449846298e-19
    outer loop
      vertex 45.49515058436089 23.421645709543636 2.2
      vertex 45.45382458033474 23.53714415343192 2.2
      vertex 45.45382458033474 23.53714415343192 5.800000000000001
    endloop
  endfacet
  facet normal 0.9891765099647751 0.1467304744554013 -1.409366272287956e-19
    outer loop
      vertex 45.424018399495964 23.65613709747984 2.2
      vertex 45.40601909165975 23.77747857458805 2.2
      vertex 45.40601909165975 23.77747857458805 5.800000000000001
    endloop
  endfacet
  facet normal 0.9987954562051732 0.04906767432740299 9.181809173733996e-20
    outer loop
      vertex 45.40601909165975 23.77747857458805 2.2
      vertex 45.4 23.9 2.2
      vertex 45.4 23.9 5.800000000000001
    endloop
  endfacet
  facet normal 0.9987954562051732 -0.04906767432740299 -9.181809173733996e-20
    outer loop
      vertex 45.4 23.9 2.2
      vertex 45.40601909165975 24.02252142541195 2.2
      vertex 45.40601909165975 24.02252142541195 5.800000000000001
    endloop
  endfacet
  facet normal 0.9891765099647751 -0.1467304744554013 1.409366272287956e-19
    outer loop
      vertex 45.40601909165975 24.02252142541195 2.2
      vertex 45.424018399495964 24.14386290252016 2.2
      vertex 45.424018399495964 24.14386290252016 5.800000000000001
    endloop
  endfacet
  facet normal 0.9700312531945464 -0.24298017990325438 -4.565169101134213e-19
    outer loop
      vertex 45.424018399495964 24.14386290252016 2.2
      vertex 45.45382458033474 24.262855846568076 2.2
      vertex 45.45382458033474 24.262855846568076 5.800000000000001
    endloop
  endfacet
  facet normal 0.9415440651830194 -0.33688985339222377 2.229493449846298e-19
    outer loop
      vertex 45.45382458033474 24.262855846568076 2.2
      vertex 45.49515058436089 24.37835429045636 2.2
      vertex 45.49515058436089 24.37835429045636 5.800000000000001
    endloop
  endfacet
  facet normal 0.9039892931234402 -0.4275550934302885 -3.124474034015975e-20
    outer loop
      vertex 45.49515058436089 24.37835429045636 2.2
      vertex 45.54759841956456 24.489245921032495 2.2
      vertex 45.54759841956456 24.489245921032495 5.800000000000001
    endloop
  endfacet
  facet normal 0.8577286100002814 -0.5141027441932061 -5.358757655303264e-19
    outer loop
      vertex 45.54759841956456 24.489245921032495 2.2
      vertex 45.61066298462182 24.594462791274502 2.2
      vertex 45.61066298462182 24.594462791274502 5.800000000000001
    endloop
  endfacet
  facet normal 0.8032075314806372 -0.5956993044924437 3.4017277734095894e-19
    outer loop
      vertex 45.61066298462182 24.594462791274502 2.2
      vertex 45.68373693329658 24.692991605204554 2.2
      vertex 45.68373693329658 24.692991605204554 5.800000000000001
    endloop
  endfacet
  facet normal 0.7409511253549718 -0.6715589548470045 -9.571551129995355e-19
    outer loop
      vertex 45.68373693329658 24.692991605204554 2.2
      vertex 45.766116523516814 24.783883476483183 2.2
      vertex 45.766116523516814 24.783883476483183 5.800000000000001
    endloop
  endfacet
  facet normal 0.6715589548470204 -0.7409511253549572 -3.8146980771509423e-19
    outer loop
      vertex 45.766116523516814 24.783883476483183 2.2
      vertex 45.85700839479544 24.86626306670342 2.2
      vertex 45.85700839479544 24.86626306670342 5.800000000000001
    endloop
  endfacet
  facet normal 0.595699304492425 -0.803207531480651 -7.872601287508726e-19
    outer loop
      vertex 45.85700839479544 24.86626306670342 2.2
      vertex 45.955537208725495 24.93933701537818 2.2
      vertex 45.955537208725495 24.93933701537818 5.800000000000001
    endloop
  endfacet
  facet normal 0.5141027441932402 -0.857728610000261 7.522596664730008e-19
    outer loop
      vertex 45.955537208725495 24.93933701537818 2.2
      vertex 46.0607540789675 25.002401580435443 2.2
      vertex 46.0607540789675 25.002401580435443 5.800000000000001
    endloop
  endfacet
  facet normal 0.146730474455373 0.9891765099647793 0
    outer loop
      vertex 46.406137097479835 22.67401839949596 2.2
      vertex 46.406137097479835 22.67401839949596 5.800000000000001
      vertex 46.527478574588045 22.65601909165975 2.2
    endloop
  endfacet
  facet normal 0.04906767432740157 0.9987954562051733 0
    outer loop
      vertex 46.527478574588045 22.65601909165975 2.2
      vertex 46.527478574588045 22.65601909165975 5.800000000000001
      vertex 46.65 22.65 2.2
    endloop
  endfacet
  facet normal -0.04906767432740157 0.9987954562051733 0
    outer loop
      vertex 46.65 22.65 2.2
      vertex 46.65 22.65 5.800000000000001
      vertex 46.77252142541195 22.65601909165975 2.2
    endloop
  endfacet
  facet normal -0.146730474455373 0.9891765099647793 0
    outer loop
      vertex 46.77252142541195 22.65601909165975 2.2
      vertex 46.77252142541195 22.65601909165975 5.800000000000001
      vertex 46.89386290252016 22.67401839949596 2.2
    endloop
  endfacet
  facet normal 0.3368898533922165 0.941544065183022 0
    outer loop
      vertex 46.17164570954364 22.74515058436089 2.2
      vertex 46.17164570954364 22.74515058436089 5.800000000000001
      vertex 46.28714415343192 22.70382458033474 2.2
    endloop
  endfacet
  facet normal 0.24298017990328163 0.9700312531945396 -3.1949432589746333e-19
    outer loop
      vertex 46.406137097479835 22.67401839949596 2.2
      vertex 46.28714415343192 22.70382458033474 2.2
      vertex 46.28714415343192 22.70382458033474 5.800000000000001
    endloop
  endfacet
  facet normal -0.24298017990328163 0.9700312531945396 0
    outer loop
      vertex 46.89386290252016 22.67401839949596 2.2
      vertex 46.89386290252016 22.67401839949596 5.800000000000001
      vertex 47.01285584656808 22.70382458033474 2.2
    endloop
  endfacet
  facet normal -0.3368898533922165 0.941544065183022 0
    outer loop
      vertex 47.01285584656808 22.70382458033474 2.2
      vertex 47.01285584656808 22.70382458033474 5.800000000000001
      vertex 47.12835429045636 22.74515058436089 2.2
    endloop
  endfacet
  facet normal -0.42755509343026615 0.9039892931234508 0
    outer loop
      vertex 47.12835429045636 22.74515058436089 2.2
      vertex 47.12835429045636 22.74515058436089 5.800000000000001
      vertex 47.2392459210325 22.797598419564554 2.2
    endloop
  endfacet
  facet normal -0.5141027441932402 0.857728610000261 0
    outer loop
      vertex 47.2392459210325 22.797598419564554 2.2
      vertex 47.2392459210325 22.797598419564554 5.800000000000001
      vertex 47.3444627912745 22.86066298462182 2.2
    endloop
  endfacet
  facet normal -0.595699304492425 0.803207531480651 0
    outer loop
      vertex 47.3444627912745 22.86066298462182 2.2
      vertex 47.3444627912745 22.86066298462182 5.800000000000001
      vertex 47.442991605204554 22.933736933296576 2.2
    endloop
  endfacet
  facet normal -0.6715589548470204 0.7409511253549572 0
    outer loop
      vertex 47.442991605204554 22.933736933296576 2.2
      vertex 47.442991605204554 22.933736933296576 5.800000000000001
      vertex 47.53388347648318 23.016116523516814 2.2
    endloop
  endfacet
  facet normal -0.7409511253549718 0.6715589548470045 0
    outer loop
      vertex 47.53388347648318 23.016116523516814 2.2
      vertex 47.53388347648318 23.016116523516814 5.800000000000001
      vertex 47.61626306670342 23.107008394795443 2.2
    endloop
  endfacet
  facet normal -0.8032075314806372 0.5956993044924437 0
    outer loop
      vertex 47.61626306670342 23.107008394795443 2.2
      vertex 47.61626306670342 23.107008394795443 5.800000000000001
      vertex 47.68933701537818 23.205537208725495 2.2
    endloop
  endfacet
  facet normal -0.8577286100002814 0.5141027441932061 0
    outer loop
      vertex 47.68933701537818 23.205537208725495 2.2
      vertex 47.68933701537818 23.205537208725495 5.800000000000001
      vertex 47.75240158043544 23.310754078967502 2.2
    endloop
  endfacet
  facet normal -0.9039892931234402 0.4275550934302885 0
    outer loop
      vertex 47.75240158043544 23.310754078967502 2.2
      vertex 47.75240158043544 23.310754078967502 5.800000000000001
      vertex 47.804849415639104 23.421645709543636 2.2
    endloop
  endfacet
  facet normal -0.9415440651830194 0.33688985339222377 0
    outer loop
      vertex 47.804849415639104 23.421645709543636 2.2
      vertex 47.804849415639104 23.421645709543636 5.800000000000001
      vertex 47.84617541966526 23.53714415343192 2.2
    endloop
  endfacet
  facet normal -0.9700312531945464 0.24298017990325438 0
    outer loop
      vertex 47.84617541966526 23.53714415343192 2.2
      vertex 47.84617541966526 23.53714415343192 5.800000000000001
      vertex 47.87598160050403 23.65613709747984 2.2
    endloop
  endfacet
  facet normal -0.9891765099647751 0.1467304744554013 0
    outer loop
      vertex 47.87598160050403 23.65613709747984 2.2
      vertex 47.87598160050403 23.65613709747984 5.800000000000001
      vertex 47.89398090834025 23.77747857458805 2.2
    endloop
  endfacet
  facet normal -0.9700312531945464 -0.24298017990325438 0
    outer loop
      vertex 47.87598160050403 24.14386290252016 2.2
      vertex 47.87598160050403 24.14386290252016 5.800000000000001
      vertex 47.84617541966526 24.262855846568076 2.2
    endloop
  endfacet
  facet normal 0.42755509343026615 -0.9039892931234508 -7.134414005220896e-19
    outer loop
      vertex 46.0607540789675 25.002401580435443 2.2
      vertex 46.17164570954364 25.054849415639108 2.2
      vertex 46.17164570954364 25.054849415639108 5.800000000000001
    endloop
  endfacet
  facet normal 0.3368898533922165 -0.941544065183022 9.609554224978724e-19
    outer loop
      vertex 46.17164570954364 25.054849415639108 2.2
      vertex 46.28714415343192 25.096175419665258 2.2
      vertex 46.28714415343192 25.096175419665258 5.800000000000001
    endloop
  endfacet
  facet normal 0.24298017990328163 -0.9700312531945396 3.1949432589746333e-19
    outer loop
      vertex 46.28714415343192 25.096175419665258 2.2
      vertex 46.406137097479835 25.125981600504037 2.2
      vertex 46.406137097479835 25.125981600504037 5.800000000000001
    endloop
  endfacet
  facet normal 0.146730474455373 -0.9891765099647793 1.1208362384903202e-19
    outer loop
      vertex 46.406137097479835 25.125981600504037 2.2
      vertex 46.527478574588045 25.143980908340247 2.2
      vertex 46.527478574588045 25.143980908340247 5.800000000000001
    endloop
  endfacet
  facet normal 0.04906767432740157 -0.9987954562051733 -3.446764906881978e-20
    outer loop
      vertex 46.527478574588045 25.143980908340247 2.2
      vertex 46.65 25.15 2.2
      vertex 46.65 25.15 5.800000000000001
    endloop
  endfacet
  facet normal -0.04906767432740157 -0.9987954562051733 3.446764906881978e-20
    outer loop
      vertex 46.65 25.15 2.2
      vertex 46.77252142541195 25.143980908340247 2.2
      vertex 46.77252142541195 25.143980908340247 5.800000000000001
    endloop
  endfacet
  facet normal -0.146730474455373 -0.9891765099647793 -1.1208362384903202e-19
    outer loop
      vertex 46.77252142541195 25.143980908340247 2.2
      vertex 46.89386290252016 25.125981600504037 2.2
      vertex 46.89386290252016 25.125981600504037 5.800000000000001
    endloop
  endfacet
  facet normal -0.24298017990328163 -0.9700312531945396 -3.1949432589746333e-19
    outer loop
      vertex 46.89386290252016 25.125981600504037 2.2
      vertex 47.01285584656808 25.096175419665258 2.2
      vertex 47.01285584656808 25.096175419665258 5.800000000000001
    endloop
  endfacet
  facet normal -0.9415440651830194 -0.33688985339222377 0
    outer loop
      vertex 47.84617541966526 24.262855846568076 2.2
      vertex 47.84617541966526 24.262855846568076 5.800000000000001
      vertex 47.804849415639104 24.37835429045636 2.2
    endloop
  endfacet
  facet normal -0.9039892931234402 -0.4275550934302885 0
    outer loop
      vertex 47.804849415639104 24.37835429045636 2.2
      vertex 47.804849415639104 24.37835429045636 5.800000000000001
      vertex 47.75240158043544 24.489245921032495 2.2
    endloop
  endfacet
  facet normal -0.7409511253549718 -0.6715589548470045 9.571551129995355e-19
    outer loop
      vertex 47.53388347648318 24.783883476483183 2.2
      vertex 47.61626306670342 24.692991605204554 2.2
      vertex 47.61626306670342 24.692991605204554 5.800000000000001
    endloop
  endfacet
  facet normal -0.8577286100002814 -0.5141027441932061 0
    outer loop
      vertex 47.75240158043544 24.489245921032495 2.2
      vertex 47.75240158043544 24.489245921032495 5.800000000000001
      vertex 47.68933701537818 24.594462791274502 2.2
    endloop
  endfacet
  facet normal -0.8032075314806372 -0.5956993044924437 -3.4017277734095894e-19
    outer loop
      vertex 47.61626306670342 24.692991605204554 2.2
      vertex 47.68933701537818 24.594462791274502 2.2
      vertex 47.68933701537818 24.594462791274502 5.800000000000001
    endloop
  endfacet
  facet normal -0.42755509343026615 -0.9039892931234508 0
    outer loop
      vertex 47.2392459210325 25.002401580435443 2.2
      vertex 47.2392459210325 25.002401580435443 5.800000000000001
      vertex 47.12835429045636 25.054849415639108 2.2
    endloop
  endfacet
  facet normal -0.595699304492425 -0.803207531480651 7.872601287508726e-19
    outer loop
      vertex 47.3444627912745 24.93933701537818 2.2
      vertex 47.442991605204554 24.86626306670342 2.2
      vertex 47.442991605204554 24.86626306670342 5.800000000000001
    endloop
  endfacet
  facet normal -0.5141027441932402 -0.857728610000261 -7.522596664730008e-19
    outer loop
      vertex 47.2392459210325 25.002401580435443 2.2
      vertex 47.3444627912745 24.93933701537818 2.2
      vertex 47.3444627912745 24.93933701537818 5.800000000000001
    endloop
  endfacet
  facet normal -0.3368898533922165 -0.941544065183022 -9.609554224978724e-19
    outer loop
      vertex 47.01285584656808 25.096175419665258 2.2
      vertex 47.12835429045636 25.054849415639108 2.2
      vertex 47.12835429045636 25.054849415639108 5.800000000000001
    endloop
  endfacet
  facet normal -0.6715589548470204 -0.7409511253549572 0
    outer loop
      vertex 47.53388347648318 24.783883476483183 2.2
      vertex 47.53388347648318 24.783883476483183 5.800000000000001
      vertex 47.442991605204554 24.86626306670342 2.2
    endloop
  endfacet
  facet normal -0.9987954562051732 0.04906767432740299 0
    outer loop
      vertex 47.89398090834025 23.77747857458805 2.2
      vertex 47.89398090834025 23.77747857458805 5.800000000000001
      vertex 47.9 23.9 2.2
    endloop
  endfacet
  facet normal -0.9987954562051732 -0.04906767432740299 0
    outer loop
      vertex 47.9 23.9 2.2
      vertex 47.9 23.9 5.800000000000001
      vertex 47.89398090834025 24.02252142541195 2.2
    endloop
  endfacet
  facet normal -0.9891765099647751 -0.1467304744554013 -1.409366272287956e-19
    outer loop
      vertex 47.87598160050403 24.14386290252016 2.2
      vertex 47.89398090834025 24.02252142541195 2.2
      vertex 47.89398090834025 24.02252142541195 5.800000000000001
    endloop
  endfacet
  facet normal 0.8032075314806372 0.5956993044924437 0
    outer loop
      vertex 45.68373693329658 23.107008394795443 2.2
      vertex 45.61066298462182 23.205537208725495 5.800000000000001
      vertex 45.68373693329658 23.107008394795443 5.800000000000001
    endloop
  endfacet
  facet normal 0.595699304492425 0.803207531480651 0
    outer loop
      vertex 45.955537208725495 22.86066298462182 2.2
      vertex 45.85700839479544 22.933736933296576 5.800000000000001
      vertex 45.955537208725495 22.86066298462182 5.800000000000001
    endloop
  endfacet
  facet normal 0.5141027441932402 0.857728610000261 0
    outer loop
      vertex 46.0607540789675 22.797598419564554 2.2
      vertex 45.955537208725495 22.86066298462182 5.800000000000001
      vertex 46.0607540789675 22.797598419564554 5.800000000000001
    endloop
  endfacet
  facet normal 0.7409511253549718 0.6715589548470045 0
    outer loop
      vertex 45.766116523516814 23.016116523516814 2.2
      vertex 45.68373693329658 23.107008394795443 5.800000000000001
      vertex 45.766116523516814 23.016116523516814 5.800000000000001
    endloop
  endfacet
  facet normal 0.6715589548470204 0.7409511253549572 0
    outer loop
      vertex 45.85700839479544 22.933736933296576 2.2
      vertex 45.766116523516814 23.016116523516814 5.800000000000001
      vertex 45.85700839479544 22.933736933296576 5.800000000000001
    endloop
  endfacet
  facet normal 0.8577286100002814 0.5141027441932061 0
    outer loop
      vertex 45.61066298462182 23.205537208725495 2.2
      vertex 45.54759841956456 23.310754078967502 5.800000000000001
      vertex 45.61066298462182 23.205537208725495 5.800000000000001
    endloop
  endfacet
  facet normal 0.9039892931234402 0.4275550934302885 0
    outer loop
      vertex 45.54759841956456 23.310754078967502 2.2
      vertex 45.49515058436089 23.421645709543636 5.800000000000001
      vertex 45.54759841956456 23.310754078967502 5.800000000000001
    endloop
  endfacet
  facet normal 0.9415440651830194 0.33688985339222377 0
    outer loop
      vertex 45.49515058436089 23.421645709543636 2.2
      vertex 45.45382458033474 23.53714415343192 5.800000000000001
      vertex 45.49515058436089 23.421645709543636 5.800000000000001
    endloop
  endfacet
  facet normal 0.9700312531945464 0.24298017990325438 0
    outer loop
      vertex 45.45382458033474 23.53714415343192 2.2
      vertex 45.424018399495964 23.65613709747984 5.800000000000001
      vertex 45.45382458033474 23.53714415343192 5.800000000000001
    endloop
  endfacet
  facet normal 0.9891765099647751 0.1467304744554013 0
    outer loop
      vertex 45.424018399495964 23.65613709747984 2.2
      vertex 45.40601909165975 23.77747857458805 5.800000000000001
      vertex 45.424018399495964 23.65613709747984 5.800000000000001
    endloop
  endfacet
  facet normal 0.9987954562051732 0.04906767432740299 0
    outer loop
      vertex 45.40601909165975 23.77747857458805 2.2
      vertex 45.4 23.9 5.800000000000001
      vertex 45.40601909165975 23.77747857458805 5.800000000000001
    endloop
  endfacet
  facet normal 0.9987954562051732 -0.04906767432740299 0
    outer loop
      vertex 45.4 23.9 2.2
      vertex 45.40601909165975 24.02252142541195 5.800000000000001
      vertex 45.4 23.9 5.800000000000001
    endloop
  endfacet
  facet normal 0.9891765099647751 -0.1467304744554013 0
    outer loop
      vertex 45.40601909165975 24.02252142541195 2.2
      vertex 45.424018399495964 24.14386290252016 5.800000000000001
      vertex 45.40601909165975 24.02252142541195 5.800000000000001
    endloop
  endfacet
  facet normal 0.9700312531945464 -0.24298017990325438 0
    outer loop
      vertex 45.424018399495964 24.14386290252016 2.2
      vertex 45.45382458033474 24.262855846568076 5.800000000000001
      vertex 45.424018399495964 24.14386290252016 5.800000000000001
    endloop
  endfacet
  facet normal 0.9415440651830194 -0.33688985339222377 0
    outer loop
      vertex 45.45382458033474 24.262855846568076 2.2
      vertex 45.49515058436089 24.37835429045636 5.800000000000001
      vertex 45.45382458033474 24.262855846568076 5.800000000000001
    endloop
  endfacet
  facet normal 0.9039892931234402 -0.4275550934302885 0
    outer loop
      vertex 45.49515058436089 24.37835429045636 2.2
      vertex 45.54759841956456 24.489245921032495 5.800000000000001
      vertex 45.49515058436089 24.37835429045636 5.800000000000001
    endloop
  endfacet
  facet normal 0.8577286100002814 -0.5141027441932061 0
    outer loop
      vertex 45.54759841956456 24.489245921032495 2.2
      vertex 45.61066298462182 24.594462791274502 5.800000000000001
      vertex 45.54759841956456 24.489245921032495 5.800000000000001
    endloop
  endfacet
  facet normal 0.8032075314806372 -0.5956993044924437 0
    outer loop
      vertex 45.61066298462182 24.594462791274502 2.2
      vertex 45.68373693329658 24.692991605204554 5.800000000000001
      vertex 45.61066298462182 24.594462791274502 5.800000000000001
    endloop
  endfacet
  facet normal 0.7409511253549718 -0.6715589548470045 0
    outer loop
      vertex 45.68373693329658 24.692991605204554 2.2
      vertex 45.766116523516814 24.783883476483183 5.800000000000001
      vertex 45.68373693329658 24.692991605204554 5.800000000000001
    endloop
  endfacet
  facet normal 0.6715589548470204 -0.7409511253549572 0
    outer loop
      vertex 45.766116523516814 24.783883476483183 2.2
      vertex 45.85700839479544 24.86626306670342 5.800000000000001
      vertex 45.766116523516814 24.783883476483183 5.800000000000001
    endloop
  endfacet
  facet normal 0.595699304492425 -0.803207531480651 0
    outer loop
      vertex 45.85700839479544 24.86626306670342 2.2
      vertex 45.955537208725495 24.93933701537818 5.800000000000001
      vertex 45.85700839479544 24.86626306670342 5.800000000000001
    endloop
  endfacet
  facet normal 0.5141027441932402 -0.857728610000261 0
    outer loop
      vertex 45.955537208725495 24.93933701537818 2.2
      vertex 46.0607540789675 25.002401580435443 5.800000000000001
      vertex 45.955537208725495 24.93933701537818 5.800000000000001
    endloop
  endfacet
  facet normal 0.42755509343026615 -0.9039892931234508 0
    outer loop
      vertex 46.0607540789675 25.002401580435443 2.2
      vertex 46.17164570954364 25.054849415639108 5.800000000000001
      vertex 46.0607540789675 25.002401580435443 5.800000000000001
    endloop
  endfacet
  facet normal 0.146730474455373 0.9891765099647793 0
    outer loop
      vertex 46.527478574588045 22.65601909165975 2.2
      vertex 46.406137097479835 22.67401839949596 5.800000000000001
      vertex 46.527478574588045 22.65601909165975 5.800000000000001
    endloop
  endfacet
  facet normal 0.04906767432740157 0.9987954562051733 0
    outer loop
      vertex 46.65 22.65 2.2
      vertex 46.527478574588045 22.65601909165975 5.800000000000001
      vertex 46.65 22.65 5.800000000000001
    endloop
  endfacet
  facet normal -0.04906767432740157 0.9987954562051733 0
    outer loop
      vertex 46.77252142541195 22.65601909165975 2.2
      vertex 46.65 22.65 5.800000000000001
      vertex 46.77252142541195 22.65601909165975 5.800000000000001
    endloop
  endfacet
  facet normal -0.146730474455373 0.9891765099647793 0
    outer loop
      vertex 46.89386290252016 22.67401839949596 2.2
      vertex 46.77252142541195 22.65601909165975 5.800000000000001
      vertex 46.89386290252016 22.67401839949596 5.800000000000001
    endloop
  endfacet
  facet normal 0.42755509343026615 0.9039892931234508 0
    outer loop
      vertex 46.17164570954364 22.74515058436089 2.2
      vertex 46.0607540789675 22.797598419564554 5.800000000000001
      vertex 46.17164570954364 22.74515058436089 5.800000000000001
    endloop
  endfacet
  facet normal 0.3368898533922165 0.941544065183022 0
    outer loop
      vertex 46.28714415343192 22.70382458033474 2.2
      vertex 46.17164570954364 22.74515058436089 5.800000000000001
      vertex 46.28714415343192 22.70382458033474 5.800000000000001
    endloop
  endfacet
  facet normal 0.24298017990328163 0.9700312531945396 0
    outer loop
      vertex 46.406137097479835 22.67401839949596 2.2
      vertex 46.28714415343192 22.70382458033474 5.800000000000001
      vertex 46.406137097479835 22.67401839949596 5.800000000000001
    endloop
  endfacet
  facet normal -0.24298017990328163 0.9700312531945396 0
    outer loop
      vertex 47.01285584656808 22.70382458033474 2.2
      vertex 46.89386290252016 22.67401839949596 5.800000000000001
      vertex 47.01285584656808 22.70382458033474 5.800000000000001
    endloop
  endfacet
  facet normal -0.3368898533922165 0.941544065183022 0
    outer loop
      vertex 47.12835429045636 22.74515058436089 2.2
      vertex 47.01285584656808 22.70382458033474 5.800000000000001
      vertex 47.12835429045636 22.74515058436089 5.800000000000001
    endloop
  endfacet
  facet normal -0.42755509343026615 0.9039892931234508 0
    outer loop
      vertex 47.2392459210325 22.797598419564554 2.2
      vertex 47.12835429045636 22.74515058436089 5.800000000000001
      vertex 47.2392459210325 22.797598419564554 5.800000000000001
    endloop
  endfacet
  facet normal -0.5141027441932402 0.857728610000261 0
    outer loop
      vertex 47.3444627912745 22.86066298462182 2.2
      vertex 47.2392459210325 22.797598419564554 5.800000000000001
      vertex 47.3444627912745 22.86066298462182 5.800000000000001
    endloop
  endfacet
  facet normal -0.595699304492425 0.803207531480651 0
    outer loop
      vertex 47.442991605204554 22.933736933296576 2.2
      vertex 47.3444627912745 22.86066298462182 5.800000000000001
      vertex 47.442991605204554 22.933736933296576 5.800000000000001
    endloop
  endfacet
  facet normal -0.6715589548470204 0.7409511253549572 0
    outer loop
      vertex 47.53388347648318 23.016116523516814 2.2
      vertex 47.442991605204554 22.933736933296576 5.800000000000001
      vertex 47.53388347648318 23.016116523516814 5.800000000000001
    endloop
  endfacet
  facet normal -0.7409511253549718 0.6715589548470045 0
    outer loop
      vertex 47.61626306670342 23.107008394795443 2.2
      vertex 47.53388347648318 23.016116523516814 5.800000000000001
      vertex 47.61626306670342 23.107008394795443 5.800000000000001
    endloop
  endfacet
  facet normal -0.8032075314806372 0.5956993044924437 0
    outer loop
      vertex 47.68933701537818 23.205537208725495 2.2
      vertex 47.61626306670342 23.107008394795443 5.800000000000001
      vertex 47.68933701537818 23.205537208725495 5.800000000000001
    endloop
  endfacet
  facet normal -0.8577286100002814 0.5141027441932061 0
    outer loop
      vertex 47.75240158043544 23.310754078967502 2.2
      vertex 47.68933701537818 23.205537208725495 5.800000000000001
      vertex 47.75240158043544 23.310754078967502 5.800000000000001
    endloop
  endfacet
  facet normal -0.9039892931234402 0.4275550934302885 0
    outer loop
      vertex 47.804849415639104 23.421645709543636 2.2
      vertex 47.75240158043544 23.310754078967502 5.800000000000001
      vertex 47.804849415639104 23.421645709543636 5.800000000000001
    endloop
  endfacet
  facet normal -0.9415440651830194 0.33688985339222377 0
    outer loop
      vertex 47.84617541966526 23.53714415343192 2.2
      vertex 47.804849415639104 23.421645709543636 5.800000000000001
      vertex 47.84617541966526 23.53714415343192 5.800000000000001
    endloop
  endfacet
  facet normal -0.9700312531945464 0.24298017990325438 0
    outer loop
      vertex 47.87598160050403 23.65613709747984 2.2
      vertex 47.84617541966526 23.53714415343192 5.800000000000001
      vertex 47.87598160050403 23.65613709747984 5.800000000000001
    endloop
  endfacet
  facet normal -0.9891765099647751 -0.1467304744554013 0
    outer loop
      vertex 47.87598160050403 24.14386290252016 2.2
      vertex 47.89398090834025 24.02252142541195 5.800000000000001
      vertex 47.87598160050403 24.14386290252016 5.800000000000001
    endloop
  endfacet
  facet normal -0.9700312531945464 -0.24298017990325438 0
    outer loop
      vertex 47.84617541966526 24.262855846568076 2.2
      vertex 47.87598160050403 24.14386290252016 5.800000000000001
      vertex 47.84617541966526 24.262855846568076 5.800000000000001
    endloop
  endfacet
  facet normal 0.3368898533922165 -0.941544065183022 0
    outer loop
      vertex 46.17164570954364 25.054849415639108 2.2
      vertex 46.28714415343192 25.096175419665258 5.800000000000001
      vertex 46.17164570954364 25.054849415639108 5.800000000000001
    endloop
  endfacet
  facet normal 0.24298017990328163 -0.9700312531945396 0
    outer loop
      vertex 46.28714415343192 25.096175419665258 2.2
      vertex 46.406137097479835 25.125981600504037 5.800000000000001
      vertex 46.28714415343192 25.096175419665258 5.800000000000001
    endloop
  endfacet
  facet normal 0.146730474455373 -0.9891765099647793 0
    outer loop
      vertex 46.406137097479835 25.125981600504037 2.2
      vertex 46.527478574588045 25.143980908340247 5.800000000000001
      vertex 46.406137097479835 25.125981600504037 5.800000000000001
    endloop
  endfacet
  facet normal 0.04906767432740157 -0.9987954562051733 0
    outer loop
      vertex 46.527478574588045 25.143980908340247 2.2
      vertex 46.65 25.15 5.800000000000001
      vertex 46.527478574588045 25.143980908340247 5.800000000000001
    endloop
  endfacet
  facet normal -0.04906767432740157 -0.9987954562051733 0
    outer loop
      vertex 46.65 25.15 2.2
      vertex 46.77252142541195 25.143980908340247 5.800000000000001
      vertex 46.65 25.15 5.800000000000001
    endloop
  endfacet
  facet normal -0.146730474455373 -0.9891765099647793 0
    outer loop
      vertex 46.77252142541195 25.143980908340247 2.2
      vertex 46.89386290252016 25.125981600504037 5.800000000000001
      vertex 46.77252142541195 25.143980908340247 5.800000000000001
    endloop
  endfacet
  facet normal -0.24298017990328163 -0.9700312531945396 0
    outer loop
      vertex 46.89386290252016 25.125981600504037 2.2
      vertex 47.01285584656808 25.096175419665258 5.800000000000001
      vertex 46.89386290252016 25.125981600504037 5.800000000000001
    endloop
  endfacet
  facet normal -0.9415440651830194 -0.33688985339222377 0
    outer loop
      vertex 47.804849415639104 24.37835429045636 2.2
      vertex 47.84617541966526 24.262855846568076 5.800000000000001
      vertex 47.804849415639104 24.37835429045636 5.800000000000001
    endloop
  endfacet
  facet normal -0.9039892931234402 -0.4275550934302885 0
    outer loop
      vertex 47.75240158043544 24.489245921032495 2.2
      vertex 47.804849415639104 24.37835429045636 5.800000000000001
      vertex 47.75240158043544 24.489245921032495 5.800000000000001
    endloop
  endfacet
  facet normal -0.8032075314806372 -0.5956993044924437 0
    outer loop
      vertex 47.61626306670342 24.692991605204554 2.2
      vertex 47.68933701537818 24.594462791274502 5.800000000000001
      vertex 47.61626306670342 24.692991605204554 5.800000000000001
    endloop
  endfacet
  facet normal -0.7409511253549718 -0.6715589548470045 0
    outer loop
      vertex 47.53388347648318 24.783883476483183 2.2
      vertex 47.61626306670342 24.692991605204554 5.800000000000001
      vertex 47.53388347648318 24.783883476483183 5.800000000000001
    endloop
  endfacet
  facet normal -0.8577286100002814 -0.5141027441932061 0
    outer loop
      vertex 47.68933701537818 24.594462791274502 2.2
      vertex 47.75240158043544 24.489245921032495 5.800000000000001
      vertex 47.68933701537818 24.594462791274502 5.800000000000001
    endloop
  endfacet
  facet normal -0.42755509343026615 -0.9039892931234508 0
    outer loop
      vertex 47.12835429045636 25.054849415639108 2.2
      vertex 47.2392459210325 25.002401580435443 5.800000000000001
      vertex 47.12835429045636 25.054849415639108 5.800000000000001
    endloop
  endfacet
  facet normal -0.595699304492425 -0.803207531480651 0
    outer loop
      vertex 47.3444627912745 24.93933701537818 2.2
      vertex 47.442991605204554 24.86626306670342 5.800000000000001
      vertex 47.3444627912745 24.93933701537818 5.800000000000001
    endloop
  endfacet
  facet normal -0.5141027441932402 -0.857728610000261 0
    outer loop
      vertex 47.2392459210325 25.002401580435443 2.2
      vertex 47.3444627912745 24.93933701537818 5.800000000000001
      vertex 47.2392459210325 25.002401580435443 5.800000000000001
    endloop
  endfacet
  facet normal -0.3368898533922165 -0.941544065183022 0
    outer loop
      vertex 47.01285584656808 25.096175419665258 2.2
      vertex 47.12835429045636 25.054849415639108 5.800000000000001
      vertex 47.01285584656808 25.096175419665258 5.800000000000001
    endloop
  endfacet
  facet normal -0.6715589548470204 -0.7409511253549572 0
    outer loop
      vertex 47.442991605204554 24.86626306670342 2.2
      vertex 47.53388347648318 24.783883476483183 5.800000000000001
      vertex 47.442991605204554 24.86626306670342 5.800000000000001
    endloop
  endfacet
  facet normal -0.9891765099647751 0.1467304744554013 0
    outer loop
      vertex 47.89398090834025 23.77747857458805 2.2
      vertex 47.87598160050403 23.65613709747984 5.800000000000001
      vertex 47.89398090834025 23.77747857458805 5.800000000000001
    endloop
  endfacet
  facet normal -0.9987954562051732 0.04906767432740299 0
    outer loop
      vertex 47.9 23.9 2.2
      vertex 47.89398090834025 23.77747857458805 5.800000000000001
      vertex 47.9 23.9 5.800000000000001
    endloop
  endfacet
  facet normal -0.9987954562051732 -0.04906767432740299 0
    outer loop
      vertex 47.89398090834025 24.02252142541195 2.2
      vertex 47.9 23.9 5.800000000000001
      vertex 47.89398090834025 24.02252142541195 5.800000000000001
    endloop
  endfacet
  facet normal 0 0 1
    outer loop
      vertex 45.61066298462182 -24.594462791274502 2.2
      vertex 45.68373693329658 -24.692991605204554 2.2
      vertex 45.68373693329658 -23.107008394795443 2.2
    endloop
  endfacet
  facet normal 0 0 1
    outer loop
      vertex 45.49515058436089 -24.37835429045636 2.2
      vertex 45.49515058436089 -23.421645709543636 2.2
      vertex 45.45382458033474 -24.262855846568076 2.2
    endloop
  endfacet
  facet normal 0 0 1
    outer loop
      vertex 45.54759841956456 -24.489245921032495 2.2
      vertex 45.54759841956456 -23.310754078967502 2.2
      vertex 45.49515058436089 -24.37835429045636 2.2
    endloop
  endfacet
  facet normal 0 0 1
    outer loop
      vertex 45.61066298462182 -24.594462791274502 2.2
      vertex 45.61066298462182 -23.205537208725495 2.2
      vertex 45.54759841956456 -24.489245921032495 2.2
    endloop
  endfacet
  facet normal 0 0 1
    outer loop
      vertex 45.45382458033474 -24.262855846568076 2.2
      vertex 45.45382458033474 -23.53714415343192 2.2
      vertex 45.424018399495964 -24.14386290252016 2.2
    endloop
  endfacet
  facet normal 0 0 1
    outer loop
      vertex 45.424018399495964 -24.14386290252016 2.2
      vertex 45.424018399495964 -23.65613709747984 2.2
      vertex 45.40601909165975 -24.02252142541195 2.2
    endloop
  endfacet
  facet normal 0 0 1
    outer loop
      vertex 45.40601909165975 -24.02252142541195 2.2
      vertex 45.40601909165975 -23.77747857458805 2.2
      vertex 45.4 -23.9 2.2
    endloop
  endfacet
  facet normal 0 0 1
    outer loop
      vertex 45.40601909165975 -24.02252142541195 2.2
      vertex 45.424018399495964 -23.65613709747984 2.2
      vertex 45.40601909165975 -23.77747857458805 2.2
    endloop
  endfacet
  facet normal 0 0 1
    outer loop
      vertex 45.424018399495964 -24.14386290252016 2.2
      vertex 45.45382458033474 -23.53714415343192 2.2
      vertex 45.424018399495964 -23.65613709747984 2.2
    endloop
  endfacet
  facet normal 0 0 1
    outer loop
      vertex 45.45382458033474 -24.262855846568076 2.2
      vertex 45.49515058436089 -23.421645709543636 2.2
      vertex 45.45382458033474 -23.53714415343192 2.2
    endloop
  endfacet
  facet normal 0 0 1
    outer loop
      vertex 45.766116523516814 -24.783883476483183 2.2
      vertex 45.766116523516814 -23.016116523516814 2.2
      vertex 45.68373693329658 -24.692991605204554 2.2
    endloop
  endfacet
  facet normal 0 0 1
    outer loop
      vertex 45.85700839479544 -24.86626306670342 2.2
      vertex 45.85700839479544 -22.933736933296576 2.2
      vertex 45.766116523516814 -24.783883476483183 2.2
    endloop
  endfacet
  facet normal 0 0 1
    outer loop
      vertex 45.85700839479544 -24.86626306670342 2.2
      vertex 45.955537208725495 -24.93933701537818 2.2
      vertex 45.955537208725495 -22.86066298462182 2.2
    endloop
  endfacet
  facet normal 0 0 1
    outer loop
      vertex 45.955537208725495 -24.93933701537818 2.2
      vertex 46.0607540789675 -25.002401580435443 2.2
      vertex 46.0607540789675 -22.797598419564554 2.2
    endloop
  endfacet
  facet normal 0 0 1
    outer loop
      vertex 45.49515058436089 -24.37835429045636 2.2
      vertex 45.54759841956456 -23.310754078967502 2.2
      vertex 45.49515058436089 -23.421645709543636 2.2
    endloop
  endfacet
  facet normal 0 0 1
    outer loop
      vertex 45.54759841956456 -24.489245921032495 2.2
      vertex 45.61066298462182 -23.205537208725495 2.2
      vertex 45.54759841956456 -23.310754078967502 2.2
    endloop
  endfacet
  facet normal 0 0 1
    outer loop
      vertex 45.61066298462182 -24.594462791274502 2.2
      vertex 45.68373693329658 -23.107008394795443 2.2
      vertex 45.61066298462182 -23.205537208725495 2.2
    endloop
  endfacet
  facet normal 0 0 1
    outer loop
      vertex 45.68373693329658 -24.692991605204554 2.2
      vertex 45.766116523516814 -23.016116523516814 2.2
      vertex 45.68373693329658 -23.107008394795443 2.2
    endloop
  endfacet
  facet normal 0 0 1
    outer loop
      vertex 45.766116523516814 -24.783883476483183 2.2
      vertex 45.85700839479544 -22.933736933296576 2.2
      vertex 45.766116523516814 -23.016116523516814 2.2
    endloop
  endfacet
  facet normal 0 0 1
    outer loop
      vertex 45.85700839479544 -24.86626306670342 2.2
      vertex 45.955537208725495 -22.86066298462182 2.2
      vertex 45.85700839479544 -22.933736933296576 2.2
    endloop
  endfacet
  facet normal 0 0 1
    outer loop
      vertex 45.955537208725495 -24.93933701537818 2.2
      vertex 46.0607540789675 -22.797598419564554 2.2
      vertex 45.955537208725495 -22.86066298462182 2.2
    endloop
  endfacet
  facet normal 0 0 1
    outer loop
      vertex 46.0607540789675 -25.002401580435443 2.2
      vertex 46.17164570954364 -22.74515058436089 2.2
      vertex 46.0607540789675 -22.797598419564554 2.2
    endloop
  endfacet
  facet normal 0 0 1
    outer loop
      vertex 46.0607540789675 -25.002401580435443 2.2
      vertex 46.17164570954364 -25.054849415639108 2.2
      vertex 46.17164570954364 -22.74515058436089 2.2
    endloop
  endfacet
  facet normal 0 0 1
    outer loop
      vertex 46.17164570954364 -25.054849415639108 2.2
      vertex 46.28714415343192 -25.096175419665258 2.2
      vertex 46.28714415343192 -22.70382458033474 2.2
    endloop
  endfacet
  facet normal 0 0 1
    outer loop
      vertex 46.28714415343192 -25.096175419665258 2.2
      vertex 46.406137097479835 -25.125981600504037 2.2
      vertex 46.406137097479835 -22.67401839949596 2.2
    endloop
  endfacet
  facet normal 0 0 1
    outer loop
      vertex 46.406137097479835 -25.125981600504037 2.2
      vertex 46.527478574588045 -25.143980908340247 2.2
      vertex 46.527478574588045 -22.65601909165975 2.2
    endloop
  endfacet
  facet normal 0 0 1
    outer loop
      vertex 46.527478574588045 -25.143980908340247 2.2
      vertex 46.65 -25.15 2.2
      vertex 46.65 -22.65 2.2
    endloop
  endfacet
  facet normal 0 0 1
    outer loop
      vertex 46.65 -25.15 2.2
      vertex 46.77252142541195 -25.143980908340247 2.2
      vertex 46.77252142541195 -22.65601909165975 2.2
    endloop
  endfacet
  facet normal 0 0 1
    outer loop
      vertex 46.77252142541195 -25.143980908340247 2.2
      vertex 46.89386290252016 -25.125981600504037 2.2
      vertex 46.89386290252016 -22.67401839949596 2.2
    endloop
  endfacet
  facet normal 0 0 1
    outer loop
      vertex 46.89386290252016 -25.125981600504037 2.2
      vertex 47.01285584656808 -25.096175419665258 2.2
      vertex 47.01285584656808 -22.70382458033474 2.2
    endloop
  endfacet
  facet normal 0 0 1
    outer loop
      vertex 47.01285584656808 -25.096175419665258 2.2
      vertex 47.12835429045636 -25.054849415639108 2.2
      vertex 47.12835429045636 -22.74515058436089 2.2
    endloop
  endfacet
  facet normal 0 0 1
    outer loop
      vertex 47.12835429045636 -25.054849415639108 2.2
      vertex 47.2392459210325 -25.002401580435443 2.2
      vertex 47.2392459210325 -22.797598419564554 2.2
    endloop
  endfacet
  facet normal 0 0 1
    outer loop
      vertex 47.2392459210325 -25.002401580435443 2.2
      vertex 47.3444627912745 -24.93933701537818 2.2
      vertex 47.3444627912745 -22.86066298462182 2.2
    endloop
  endfacet
  facet normal 0 0 1
    outer loop
      vertex 46.17164570954364 -25.054849415639108 2.2
      vertex 46.28714415343192 -22.70382458033474 2.2
      vertex 46.17164570954364 -22.74515058436089 2.2
    endloop
  endfacet
  facet normal 0 0 1
    outer loop
      vertex 46.28714415343192 -25.096175419665258 2.2
      vertex 46.406137097479835 -22.67401839949596 2.2
      vertex 46.28714415343192 -22.70382458033474 2.2
    endloop
  endfacet
  facet normal 0 0 1
    outer loop
      vertex 46.406137097479835 -25.125981600504037 2.2
      vertex 46.527478574588045 -22.65601909165975 2.2
      vertex 46.406137097479835 -22.67401839949596 2.2
    endloop
  endfacet
  facet normal 0 0 1
    outer loop
      vertex 46.527478574588045 -25.143980908340247 2.2
      vertex 46.65 -22.65 2.2
      vertex 46.527478574588045 -22.65601909165975 2.2
    endloop
  endfacet
  facet normal 0 0 1
    outer loop
      vertex 46.65 -25.15 2.2
      vertex 46.77252142541195 -22.65601909165975 2.2
      vertex 46.65 -22.65 2.2
    endloop
  endfacet
  facet normal 0 0 1
    outer loop
      vertex 46.77252142541195 -25.143980908340247 2.2
      vertex 46.89386290252016 -22.67401839949596 2.2
      vertex 46.77252142541195 -22.65601909165975 2.2
    endloop
  endfacet
  facet normal 0 0 1
    outer loop
      vertex 46.89386290252016 -25.125981600504037 2.2
      vertex 47.01285584656808 -22.70382458033474 2.2
      vertex 46.89386290252016 -22.67401839949596 2.2
    endloop
  endfacet
  facet normal 0 0 1
    outer loop
      vertex 47.3444627912745 -24.93933701537818 2.2
      vertex 47.442991605204554 -24.86626306670342 2.2
      vertex 47.442991605204554 -22.933736933296576 2.2
    endloop
  endfacet
  facet normal 0 0 1
    outer loop
      vertex 47.442991605204554 -24.86626306670342 2.2
      vertex 47.53388347648318 -24.783883476483183 2.2
      vertex 47.53388347648318 -23.016116523516814 2.2
    endloop
  endfacet
  facet normal 0 0 1
    outer loop
      vertex 47.53388347648318 -24.783883476483183 2.2
      vertex 47.61626306670342 -24.692991605204554 2.2
      vertex 47.61626306670342 -23.107008394795443 2.2
    endloop
  endfacet
  facet normal 0 0 1
    outer loop
      vertex 47.61626306670342 -24.692991605204554 2.2
      vertex 47.68933701537818 -24.594462791274502 2.2
      vertex 47.68933701537818 -23.205537208725495 2.2
    endloop
  endfacet
  facet normal 0 0 1
    outer loop
      vertex 47.68933701537818 -24.594462791274502 2.2
      vertex 47.75240158043544 -24.489245921032495 2.2
      vertex 47.75240158043544 -23.310754078967502 2.2
    endloop
  endfacet
  facet normal 0 0 1
    outer loop
      vertex 47.75240158043544 -24.489245921032495 2.2
      vertex 47.804849415639104 -24.37835429045636 2.2
      vertex 47.804849415639104 -23.421645709543636 2.2
    endloop
  endfacet
  facet normal 0 0 1
    outer loop
      vertex 47.804849415639104 -24.37835429045636 2.2
      vertex 47.84617541966526 -24.262855846568076 2.2
      vertex 47.84617541966526 -23.53714415343192 2.2
    endloop
  endfacet
  facet normal 0 0 1
    outer loop
      vertex 47.84617541966526 -24.262855846568076 2.2
      vertex 47.87598160050403 -24.14386290252016 2.2
      vertex 47.87598160050403 -23.65613709747984 2.2
    endloop
  endfacet
  facet normal 0 0 1
    outer loop
      vertex 47.75240158043544 -24.489245921032495 2.2
      vertex 47.804849415639104 -23.421645709543636 2.2
      vertex 47.75240158043544 -23.310754078967502 2.2
    endloop
  endfacet
  facet normal 0 0 1
    outer loop
      vertex 47.87598160050403 -24.14386290252016 2.2
      vertex 47.89398090834025 -23.77747857458805 2.2
      vertex 47.87598160050403 -23.65613709747984 2.2
    endloop
  endfacet
  facet normal 0 0 1
    outer loop
      vertex 47.84617541966526 -24.262855846568076 2.2
      vertex 47.87598160050403 -23.65613709747984 2.2
      vertex 47.84617541966526 -23.53714415343192 2.2
    endloop
  endfacet
  facet normal 0 0 1
    outer loop
      vertex 47.804849415639104 -24.37835429045636 2.2
      vertex 47.84617541966526 -23.53714415343192 2.2
      vertex 47.804849415639104 -23.421645709543636 2.2
    endloop
  endfacet
  facet normal 0 0 1
    outer loop
      vertex 47.01285584656808 -25.096175419665258 2.2
      vertex 47.12835429045636 -22.74515058436089 2.2
      vertex 47.01285584656808 -22.70382458033474 2.2
    endloop
  endfacet
  facet normal 0 0 1
    outer loop
      vertex 47.12835429045636 -25.054849415639108 2.2
      vertex 47.2392459210325 -22.797598419564554 2.2
      vertex 47.12835429045636 -22.74515058436089 2.2
    endloop
  endfacet
  facet normal 0 0 1
    outer loop
      vertex 47.2392459210325 -25.002401580435443 2.2
      vertex 47.3444627912745 -22.86066298462182 2.2
      vertex 47.2392459210325 -22.797598419564554 2.2
    endloop
  endfacet
  facet normal 0 0 1
    outer loop
      vertex 47.3444627912745 -24.93933701537818 2.2
      vertex 47.442991605204554 -22.933736933296576 2.2
      vertex 47.3444627912745 -22.86066298462182 2.2
    endloop
  endfacet
  facet normal 0 0 1
    outer loop
      vertex 47.442991605204554 -24.86626306670342 2.2
      vertex 47.53388347648318 -23.016116523516814 2.2
      vertex 47.442991605204554 -22.933736933296576 2.2
    endloop
  endfacet
  facet normal 0 0 1
    outer loop
      vertex 47.61626306670342 -24.692991605204554 2.2
      vertex 47.68933701537818 -23.205537208725495 2.2
      vertex 47.61626306670342 -23.107008394795443 2.2
    endloop
  endfacet
  facet normal 0 0 1
    outer loop
      vertex 47.53388347648318 -24.783883476483183 2.2
      vertex 47.61626306670342 -23.107008394795443 2.2
      vertex 47.53388347648318 -23.016116523516814 2.2
    endloop
  endfacet
  facet normal 0 0 1
    outer loop
      vertex 47.68933701537818 -24.594462791274502 2.2
      vertex 47.75240158043544 -23.310754078967502 2.2
      vertex 47.68933701537818 -23.205537208725495 2.2
    endloop
  endfacet
  facet normal 0 0 1
    outer loop
      vertex 47.87598160050403 -24.14386290252016 2.2
      vertex 47.89398090834025 -24.02252142541195 2.2
      vertex 47.89398090834025 -23.77747857458805 2.2
    endloop
  endfacet
  facet normal 0 0 1
    outer loop
      vertex 47.89398090834025 -24.02252142541195 2.2
      vertex 47.9 -23.9 2.2
      vertex 47.89398090834025 -23.77747857458805 2.2
    endloop
  endfacet
  facet normal 0.6715589548470204 0.7409511253549572 3.8146980771509423e-19
    outer loop
      vertex 45.85700839479544 -24.86626306670342 2.2
      vertex 45.766116523516814 -24.783883476483183 2.2
      vertex 45.766116523516814 -24.783883476483183 5.800000000000001
    endloop
  endfacet
  facet normal 0.5141027441932402 0.857728610000261 0
    outer loop
      vertex 45.955537208725495 -24.93933701537818 2.2
      vertex 45.955537208725495 -24.93933701537818 5.800000000000001
      vertex 46.0607540789675 -25.002401580435443 2.2
    endloop
  endfacet
  facet normal 0.42755509343026615 0.9039892931234508 0
    outer loop
      vertex 46.0607540789675 -25.002401580435443 2.2
      vertex 46.0607540789675 -25.002401580435443 5.800000000000001
      vertex 46.17164570954364 -25.054849415639108 2.2
    endloop
  endfacet
  facet normal 0.595699304492425 0.803207531480651 0
    outer loop
      vertex 45.85700839479544 -24.86626306670342 2.2
      vertex 45.85700839479544 -24.86626306670342 5.800000000000001
      vertex 45.955537208725495 -24.93933701537818 2.2
    endloop
  endfacet
  facet normal 0.8032075314806372 0.5956993044924437 0
    outer loop
      vertex 45.61066298462182 -24.594462791274502 2.2
      vertex 45.61066298462182 -24.594462791274502 5.800000000000001
      vertex 45.68373693329658 -24.692991605204554 2.2
    endloop
  endfacet
  facet normal 0.8577286100002814 0.5141027441932061 5.358757655303264e-19
    outer loop
      vertex 45.61066298462182 -24.594462791274502 2.2
      vertex 45.54759841956456 -24.489245921032495 2.2
      vertex 45.54759841956456 -24.489245921032495 5.800000000000001
    endloop
  endfacet
  facet normal 0.9039892931234402 0.4275550934302885 3.124474034015975e-20
    outer loop
      vertex 45.54759841956456 -24.489245921032495 2.2
      vertex 45.49515058436089 -24.37835429045636 2.2
      vertex 45.49515058436089 -24.37835429045636 5.800000000000001
    endloop
  endfacet
  facet normal 0.9415440651830194 0.33688985339222377 -2.229493449846298e-19
    outer loop
      vertex 45.49515058436089 -24.37835429045636 2.2
      vertex 45.45382458033474 -24.262855846568076 2.2
      vertex 45.45382458033474 -24.262855846568076 5.800000000000001
    endloop
  endfacet
  facet normal 0.7409511253549718 0.6715589548470045 9.571551129995355e-19
    outer loop
      vertex 45.766116523516814 -24.783883476483183 2.2
      vertex 45.68373693329658 -24.692991605204554 2.2
      vertex 45.68373693329658 -24.692991605204554 5.800000000000001
    endloop
  endfacet
  facet normal 0.9700312531945464 0.24298017990325438 4.565169101134213e-19
    outer loop
      vertex 45.45382458033474 -24.262855846568076 2.2
      vertex 45.424018399495964 -24.14386290252016 2.2
      vertex 45.424018399495964 -24.14386290252016 5.800000000000001
    endloop
  endfacet
  facet normal 0.9891765099647751 0.1467304744554013 -1.409366272287956e-19
    outer loop
      vertex 45.424018399495964 -24.14386290252016 2.2
      vertex 45.40601909165975 -24.02252142541195 2.2
      vertex 45.40601909165975 -24.02252142541195 5.800000000000001
    endloop
  endfacet
  facet normal 0.9987954562051732 0.04906767432740299 9.181809173733996e-20
    outer loop
      vertex 45.40601909165975 -24.02252142541195 2.2
      vertex 45.4 -23.9 2.2
      vertex 45.4 -23.9 5.800000000000001
    endloop
  endfacet
  facet normal 0.9987954562051732 -0.04906767432740299 -9.181809173733996e-20
    outer loop
      vertex 45.4 -23.9 2.2
      vertex 45.40601909165975 -23.77747857458805 2.2
      vertex 45.40601909165975 -23.77747857458805 5.800000000000001
    endloop
  endfacet
  facet normal 0.9891765099647751 -0.1467304744554013 1.409366272287956e-19
    outer loop
      vertex 45.40601909165975 -23.77747857458805 2.2
      vertex 45.424018399495964 -23.65613709747984 2.2
      vertex 45.424018399495964 -23.65613709747984 5.800000000000001
    endloop
  endfacet
  facet normal 0.9700312531945464 -0.24298017990325438 -4.565169101134213e-19
    outer loop
      vertex 45.424018399495964 -23.65613709747984 2.2
      vertex 45.45382458033474 -23.53714415343192 2.2
      vertex 45.45382458033474 -23.53714415343192 5.800000000000001
    endloop
  endfacet
  facet normal 0.9415440651830194 -0.33688985339222377 2.229493449846298e-19
    outer loop
      vertex 45.45382458033474 -23.53714415343192 2.2
      vertex 45.49515058436089 -23.421645709543636 2.2
      vertex 45.49515058436089 -23.421645709543636 5.800000000000001
    endloop
  endfacet
  facet normal 0.9039892931234402 -0.4275550934302885 -3.124474034015975e-20
    outer loop
      vertex 45.49515058436089 -23.421645709543636 2.2
      vertex 45.54759841956456 -23.310754078967502 2.2
      vertex 45.54759841956456 -23.310754078967502 5.800000000000001
    endloop
  endfacet
  facet normal 0.8577286100002814 -0.5141027441932061 -5.358757655303264e-19
    outer loop
      vertex 45.54759841956456 -23.310754078967502 2.2
      vertex 45.61066298462182 -23.205537208725495 2.2
      vertex 45.61066298462182 -23.205537208725495 5.800000000000001
    endloop
  endfacet
  facet normal 0.8032075314806372 -0.5956993044924437 3.4017277734095894e-19
    outer loop
      vertex 45.61066298462182 -23.205537208725495 2.2
      vertex 45.68373693329658 -23.107008394795443 2.2
      vertex 45.68373693329658 -23.107008394795443 5.800000000000001
    endloop
  endfacet
  facet normal 0.7409511253549718 -0.6715589548470045 -9.571551129995355e-19
    outer loop
      vertex 45.68373693329658 -23.107008394795443 2.2
      vertex 45.766116523516814 -23.016116523516814 2.2
      vertex 45.766116523516814 -23.016116523516814 5.800000000000001
    endloop
  endfacet
  facet normal 0.6715589548470204 -0.7409511253549572 -3.8146980771509423e-19
    outer loop
      vertex 45.766116523516814 -23.016116523516814 2.2
      vertex 45.85700839479544 -22.933736933296576 2.2
      vertex 45.85700839479544 -22.933736933296576 5.800000000000001
    endloop
  endfacet
  facet normal 0.595699304492425 -0.803207531480651 -7.872601287508726e-19
    outer loop
      vertex 45.85700839479544 -22.933736933296576 2.2
      vertex 45.955537208725495 -22.86066298462182 2.2
      vertex 45.955537208725495 -22.86066298462182 5.800000000000001
    endloop
  endfacet
  facet normal 0.5141027441932402 -0.857728610000261 7.522596664730008e-19
    outer loop
      vertex 45.955537208725495 -22.86066298462182 2.2
      vertex 46.0607540789675 -22.797598419564554 2.2
      vertex 46.0607540789675 -22.797598419564554 5.800000000000001
    endloop
  endfacet
  facet normal 0.3368898533922165 0.941544065183022 0
    outer loop
      vertex 46.17164570954364 -25.054849415639108 2.2
      vertex 46.17164570954364 -25.054849415639108 5.800000000000001
      vertex 46.28714415343192 -25.096175419665258 2.2
    endloop
  endfacet
  facet normal 0.24298017990328163 0.9700312531945396 0
    outer loop
      vertex 46.28714415343192 -25.096175419665258 2.2
      vertex 46.28714415343192 -25.096175419665258 5.800000000000001
      vertex 46.406137097479835 -25.125981600504037 2.2
    endloop
  endfacet
  facet normal 0.146730474455373 0.9891765099647793 0
    outer loop
      vertex 46.406137097479835 -25.125981600504037 2.2
      vertex 46.406137097479835 -25.125981600504037 5.800000000000001
      vertex 46.527478574588045 -25.143980908340247 2.2
    endloop
  endfacet
  facet normal 0.04906767432740157 0.9987954562051733 0
    outer loop
      vertex 46.527478574588045 -25.143980908340247 2.2
      vertex 46.527478574588045 -25.143980908340247 5.800000000000001
      vertex 46.65 -25.15 2.2
    endloop
  endfacet
  facet normal -0.04906767432740157 0.9987954562051733 0
    outer loop
      vertex 46.65 -25.15 2.2
      vertex 46.65 -25.15 5.800000000000001
      vertex 46.77252142541195 -25.143980908340247 2.2
    endloop
  endfacet
  facet normal -0.146730474455373 0.9891765099647793 0
    outer loop
      vertex 46.77252142541195 -25.143980908340247 2.2
      vertex 46.77252142541195 -25.143980908340247 5.800000000000001
      vertex 46.89386290252016 -25.125981600504037 2.2
    endloop
  endfacet
  facet normal -0.24298017990328163 0.9700312531945396 0
    outer loop
      vertex 46.89386290252016 -25.125981600504037 2.2
      vertex 46.89386290252016 -25.125981600504037 5.800000000000001
      vertex 47.01285584656808 -25.096175419665258 2.2
    endloop
  endfacet
  facet normal -0.3368898533922165 0.941544065183022 0
    outer loop
      vertex 47.01285584656808 -25.096175419665258 2.2
      vertex 47.01285584656808 -25.096175419665258 5.800000000000001
      vertex 47.12835429045636 -25.054849415639108 2.2
    endloop
  endfacet
  facet normal -0.42755509343026615 0.9039892931234508 0
    outer loop
      vertex 47.12835429045636 -25.054849415639108 2.2
      vertex 47.12835429045636 -25.054849415639108 5.800000000000001
      vertex 47.2392459210325 -25.002401580435443 2.2
    endloop
  endfacet
  facet normal -0.5141027441932402 0.857728610000261 0
    outer loop
      vertex 47.2392459210325 -25.002401580435443 2.2
      vertex 47.2392459210325 -25.002401580435443 5.800000000000001
      vertex 47.3444627912745 -24.93933701537818 2.2
    endloop
  endfacet
  facet normal -0.595699304492425 0.803207531480651 0
    outer loop
      vertex 47.3444627912745 -24.93933701537818 2.2
      vertex 47.3444627912745 -24.93933701537818 5.800000000000001
      vertex 47.442991605204554 -24.86626306670342 2.2
    endloop
  endfacet
  facet normal -0.6715589548470204 0.7409511253549572 0
    outer loop
      vertex 47.442991605204554 -24.86626306670342 2.2
      vertex 47.442991605204554 -24.86626306670342 5.800000000000001
      vertex 47.53388347648318 -24.783883476483183 2.2
    endloop
  endfacet
  facet normal -0.7409511253549718 0.6715589548470045 0
    outer loop
      vertex 47.53388347648318 -24.783883476483183 2.2
      vertex 47.53388347648318 -24.783883476483183 5.800000000000001
      vertex 47.61626306670342 -24.692991605204554 2.2
    endloop
  endfacet
  facet normal -0.8032075314806372 0.5956993044924437 0
    outer loop
      vertex 47.61626306670342 -24.692991605204554 2.2
      vertex 47.61626306670342 -24.692991605204554 5.800000000000001
      vertex 47.68933701537818 -24.594462791274502 2.2
    endloop
  endfacet
  facet normal -0.8577286100002814 0.5141027441932061 0
    outer loop
      vertex 47.68933701537818 -24.594462791274502 2.2
      vertex 47.68933701537818 -24.594462791274502 5.800000000000001
      vertex 47.75240158043544 -24.489245921032495 2.2
    endloop
  endfacet
  facet normal -0.9039892931234402 0.4275550934302885 0
    outer loop
      vertex 47.75240158043544 -24.489245921032495 2.2
      vertex 47.75240158043544 -24.489245921032495 5.800000000000001
      vertex 47.804849415639104 -24.37835429045636 2.2
    endloop
  endfacet
  facet normal -0.9415440651830194 0.33688985339222377 0
    outer loop
      vertex 47.804849415639104 -24.37835429045636 2.2
      vertex 47.804849415639104 -24.37835429045636 5.800000000000001
      vertex 47.84617541966526 -24.262855846568076 2.2
    endloop
  endfacet
  facet normal -0.9700312531945464 0.24298017990325438 0
    outer loop
      vertex 47.84617541966526 -24.262855846568076 2.2
      vertex 47.84617541966526 -24.262855846568076 5.800000000000001
      vertex 47.87598160050403 -24.14386290252016 2.2
    endloop
  endfacet
  facet normal -0.9891765099647751 0.1467304744554013 0
    outer loop
      vertex 47.87598160050403 -24.14386290252016 2.2
      vertex 47.87598160050403 -24.14386290252016 5.800000000000001
      vertex 47.89398090834025 -24.02252142541195 2.2
    endloop
  endfacet
  facet normal -0.9700312531945464 -0.24298017990325438 0
    outer loop
      vertex 47.87598160050403 -23.65613709747984 2.2
      vertex 47.87598160050403 -23.65613709747984 5.800000000000001
      vertex 47.84617541966526 -23.53714415343192 2.2
    endloop
  endfacet
  facet normal -0.9415440651830194 -0.33688985339222377 0
    outer loop
      vertex 47.84617541966526 -23.53714415343192 2.2
      vertex 47.84617541966526 -23.53714415343192 5.800000000000001
      vertex 47.804849415639104 -23.421645709543636 2.2
    endloop
  endfacet
  facet normal -0.9039892931234402 -0.4275550934302885 0
    outer loop
      vertex 47.804849415639104 -23.421645709543636 2.2
      vertex 47.804849415639104 -23.421645709543636 5.800000000000001
      vertex 47.75240158043544 -23.310754078967502 2.2
    endloop
  endfacet
  facet normal -0.8577286100002814 -0.5141027441932061 0
    outer loop
      vertex 47.75240158043544 -23.310754078967502 2.2
      vertex 47.75240158043544 -23.310754078967502 5.800000000000001
      vertex 47.68933701537818 -23.205537208725495 2.2
    endloop
  endfacet
  facet normal -0.9987954562051732 0.04906767432740299 0
    outer loop
      vertex 47.89398090834025 -24.02252142541195 2.2
      vertex 47.89398090834025 -24.02252142541195 5.800000000000001
      vertex 47.9 -23.9 2.2
    endloop
  endfacet
  facet normal -0.9987954562051732 -0.04906767432740299 0
    outer loop
      vertex 47.9 -23.9 2.2
      vertex 47.9 -23.9 5.800000000000001
      vertex 47.89398090834025 -23.77747857458805 2.2
    endloop
  endfacet
  facet normal -0.9891765099647751 -0.1467304744554013 -1.409366272287956e-19
    outer loop
      vertex 47.87598160050403 -23.65613709747984 2.2
      vertex 47.89398090834025 -23.77747857458805 2.2
      vertex 47.89398090834025 -23.77747857458805 5.800000000000001
    endloop
  endfacet
  facet normal 0.42755509343026615 -0.9039892931234508 -7.134414005220896e-19
    outer loop
      vertex 46.0607540789675 -22.797598419564554 2.2
      vertex 46.17164570954364 -22.74515058436089 2.2
      vertex 46.17164570954364 -22.74515058436089 5.800000000000001
    endloop
  endfacet
  facet normal 0.3368898533922165 -0.941544065183022 9.609554224978724e-19
    outer loop
      vertex 46.17164570954364 -22.74515058436089 2.2
      vertex 46.28714415343192 -22.70382458033474 2.2
      vertex 46.28714415343192 -22.70382458033474 5.800000000000001
    endloop
  endfacet
  facet normal 0.24298017990328163 -0.9700312531945396 3.1949432589746333e-19
    outer loop
      vertex 46.28714415343192 -22.70382458033474 2.2
      vertex 46.406137097479835 -22.67401839949596 2.2
      vertex 46.406137097479835 -22.67401839949596 5.800000000000001
    endloop
  endfacet
  facet normal -0.24298017990328163 -0.9700312531945396 -3.1949432589746333e-19
    outer loop
      vertex 46.89386290252016 -22.67401839949596 2.2
      vertex 47.01285584656808 -22.70382458033474 2.2
      vertex 47.01285584656808 -22.70382458033474 5.800000000000001
    endloop
  endfacet
  facet normal 0.146730474455373 -0.9891765099647793 1.1208362384903202e-19
    outer loop
      vertex 46.406137097479835 -22.67401839949596 2.2
      vertex 46.527478574588045 -22.65601909165975 2.2
      vertex 46.527478574588045 -22.65601909165975 5.800000000000001
    endloop
  endfacet
  facet normal 0.04906767432740157 -0.9987954562051733 -3.446764906881978e-20
    outer loop
      vertex 46.527478574588045 -22.65601909165975 2.2
      vertex 46.65 -22.65 2.2
      vertex 46.65 -22.65 5.800000000000001
    endloop
  endfacet
  facet normal -0.04906767432740157 -0.9987954562051733 3.446764906881978e-20
    outer loop
      vertex 46.65 -22.65 2.2
      vertex 46.77252142541195 -22.65601909165975 2.2
      vertex 46.77252142541195 -22.65601909165975 5.800000000000001
    endloop
  endfacet
  facet normal -0.146730474455373 -0.9891765099647793 -1.1208362384903202e-19
    outer loop
      vertex 46.77252142541195 -22.65601909165975 2.2
      vertex 46.89386290252016 -22.67401839949596 2.2
      vertex 46.89386290252016 -22.67401839949596 5.800000000000001
    endloop
  endfacet
  facet normal -0.3368898533922165 -0.941544065183022 -9.609554224978724e-19
    outer loop
      vertex 47.01285584656808 -22.70382458033474 2.2
      vertex 47.12835429045636 -22.74515058436089 2.2
      vertex 47.12835429045636 -22.74515058436089 5.800000000000001
    endloop
  endfacet
  facet normal -0.42755509343026615 -0.9039892931234508 7.134414005220896e-19
    outer loop
      vertex 47.12835429045636 -22.74515058436089 2.2
      vertex 47.2392459210325 -22.797598419564554 2.2
      vertex 47.2392459210325 -22.797598419564554 5.800000000000001
    endloop
  endfacet
  facet normal -0.5141027441932402 -0.857728610000261 0
    outer loop
      vertex 47.3444627912745 -22.86066298462182 2.2
      vertex 47.3444627912745 -22.86066298462182 5.800000000000001
      vertex 47.2392459210325 -22.797598419564554 2.2
    endloop
  endfacet
  facet normal -0.595699304492425 -0.803207531480651 7.872601287508726e-19
    outer loop
      vertex 47.3444627912745 -22.86066298462182 2.2
      vertex 47.442991605204554 -22.933736933296576 2.2
      vertex 47.442991605204554 -22.933736933296576 5.800000000000001
    endloop
  endfacet
  facet normal -0.7409511253549718 -0.6715589548470045 0
    outer loop
      vertex 47.61626306670342 -23.107008394795443 2.2
      vertex 47.61626306670342 -23.107008394795443 5.800000000000001
      vertex 47.53388347648318 -23.016116523516814 2.2
    endloop
  endfacet
  facet normal -0.6715589548470204 -0.7409511253549572 0
    outer loop
      vertex 47.53388347648318 -23.016116523516814 2.2
      vertex 47.53388347648318 -23.016116523516814 5.800000000000001
      vertex 47.442991605204554 -22.933736933296576 2.2
    endloop
  endfacet
  facet normal -0.8032075314806372 -0.5956993044924437 0
    outer loop
      vertex 47.68933701537818 -23.205537208725495 2.2
      vertex 47.68933701537818 -23.205537208725495 5.800000000000001
      vertex 47.61626306670342 -23.107008394795443 2.2
    endloop
  endfacet
  facet normal 0.6715589548470204 0.7409511253549572 0
    outer loop
      vertex 45.85700839479544 -24.86626306670342 2.2
      vertex 45.766116523516814 -24.783883476483183 5.800000000000001
      vertex 45.85700839479544 -24.86626306670342 5.800000000000001
    endloop
  endfacet
  facet normal 0.5141027441932402 0.857728610000261 0
    outer loop
      vertex 46.0607540789675 -25.002401580435443 2.2
      vertex 45.955537208725495 -24.93933701537818 5.800000000000001
      vertex 46.0607540789675 -25.002401580435443 5.800000000000001
    endloop
  endfacet
  facet normal 0.595699304492425 0.803207531480651 0
    outer loop
      vertex 45.955537208725495 -24.93933701537818 2.2
      vertex 45.85700839479544 -24.86626306670342 5.800000000000001
      vertex 45.955537208725495 -24.93933701537818 5.800000000000001
    endloop
  endfacet
  facet normal 0.8032075314806372 0.5956993044924437 0
    outer loop
      vertex 45.68373693329658 -24.692991605204554 2.2
      vertex 45.61066298462182 -24.594462791274502 5.800000000000001
      vertex 45.68373693329658 -24.692991605204554 5.800000000000001
    endloop
  endfacet
  facet normal 0.8577286100002814 0.5141027441932061 0
    outer loop
      vertex 45.61066298462182 -24.594462791274502 2.2
      vertex 45.54759841956456 -24.489245921032495 5.800000000000001
      vertex 45.61066298462182 -24.594462791274502 5.800000000000001
    endloop
  endfacet
  facet normal 0.9039892931234402 0.4275550934302885 0
    outer loop
      vertex 45.54759841956456 -24.489245921032495 2.2
      vertex 45.49515058436089 -24.37835429045636 5.800000000000001
      vertex 45.54759841956456 -24.489245921032495 5.800000000000001
    endloop
  endfacet
  facet normal 0.9415440651830194 0.33688985339222377 0
    outer loop
      vertex 45.49515058436089 -24.37835429045636 2.2
      vertex 45.45382458033474 -24.262855846568076 5.800000000000001
      vertex 45.49515058436089 -24.37835429045636 5.800000000000001
    endloop
  endfacet
  facet normal 0.7409511253549718 0.6715589548470045 0
    outer loop
      vertex 45.766116523516814 -24.783883476483183 2.2
      vertex 45.68373693329658 -24.692991605204554 5.800000000000001
      vertex 45.766116523516814 -24.783883476483183 5.800000000000001
    endloop
  endfacet
  facet normal 0.9700312531945464 0.24298017990325438 0
    outer loop
      vertex 45.45382458033474 -24.262855846568076 2.2
      vertex 45.424018399495964 -24.14386290252016 5.800000000000001
      vertex 45.45382458033474 -24.262855846568076 5.800000000000001
    endloop
  endfacet
  facet normal 0.9891765099647751 0.1467304744554013 0
    outer loop
      vertex 45.424018399495964 -24.14386290252016 2.2
      vertex 45.40601909165975 -24.02252142541195 5.800000000000001
      vertex 45.424018399495964 -24.14386290252016 5.800000000000001
    endloop
  endfacet
  facet normal 0.9987954562051732 0.04906767432740299 0
    outer loop
      vertex 45.40601909165975 -24.02252142541195 2.2
      vertex 45.4 -23.9 5.800000000000001
      vertex 45.40601909165975 -24.02252142541195 5.800000000000001
    endloop
  endfacet
  facet normal 0.9987954562051732 -0.04906767432740299 0
    outer loop
      vertex 45.4 -23.9 2.2
      vertex 45.40601909165975 -23.77747857458805 5.800000000000001
      vertex 45.4 -23.9 5.800000000000001
    endloop
  endfacet
  facet normal 0.9891765099647751 -0.1467304744554013 0
    outer loop
      vertex 45.40601909165975 -23.77747857458805 2.2
      vertex 45.424018399495964 -23.65613709747984 5.800000000000001
      vertex 45.40601909165975 -23.77747857458805 5.800000000000001
    endloop
  endfacet
  facet normal 0.9700312531945464 -0.24298017990325438 0
    outer loop
      vertex 45.424018399495964 -23.65613709747984 2.2
      vertex 45.45382458033474 -23.53714415343192 5.800000000000001
      vertex 45.424018399495964 -23.65613709747984 5.800000000000001
    endloop
  endfacet
  facet normal 0.9415440651830194 -0.33688985339222377 0
    outer loop
      vertex 45.45382458033474 -23.53714415343192 2.2
      vertex 45.49515058436089 -23.421645709543636 5.800000000000001
      vertex 45.45382458033474 -23.53714415343192 5.800000000000001
    endloop
  endfacet
  facet normal 0.9039892931234402 -0.4275550934302885 0
    outer loop
      vertex 45.49515058436089 -23.421645709543636 2.2
      vertex 45.54759841956456 -23.310754078967502 5.800000000000001
      vertex 45.49515058436089 -23.421645709543636 5.800000000000001
    endloop
  endfacet
  facet normal 0.8577286100002814 -0.5141027441932061 0
    outer loop
      vertex 45.54759841956456 -23.310754078967502 2.2
      vertex 45.61066298462182 -23.205537208725495 5.800000000000001
      vertex 45.54759841956456 -23.310754078967502 5.800000000000001
    endloop
  endfacet
  facet normal 0.8032075314806372 -0.5956993044924437 0
    outer loop
      vertex 45.61066298462182 -23.205537208725495 2.2
      vertex 45.68373693329658 -23.107008394795443 5.800000000000001
      vertex 45.61066298462182 -23.205537208725495 5.800000000000001
    endloop
  endfacet
  facet normal 0.7409511253549718 -0.6715589548470045 0
    outer loop
      vertex 45.68373693329658 -23.107008394795443 2.2
      vertex 45.766116523516814 -23.016116523516814 5.800000000000001
      vertex 45.68373693329658 -23.107008394795443 5.800000000000001
    endloop
  endfacet
  facet normal 0.6715589548470204 -0.7409511253549572 0
    outer loop
      vertex 45.766116523516814 -23.016116523516814 2.2
      vertex 45.85700839479544 -22.933736933296576 5.800000000000001
      vertex 45.766116523516814 -23.016116523516814 5.800000000000001
    endloop
  endfacet
  facet normal 0.595699304492425 -0.803207531480651 0
    outer loop
      vertex 45.85700839479544 -22.933736933296576 2.2
      vertex 45.955537208725495 -22.86066298462182 5.800000000000001
      vertex 45.85700839479544 -22.933736933296576 5.800000000000001
    endloop
  endfacet
  facet normal 0.5141027441932402 -0.857728610000261 0
    outer loop
      vertex 45.955537208725495 -22.86066298462182 2.2
      vertex 46.0607540789675 -22.797598419564554 5.800000000000001
      vertex 45.955537208725495 -22.86066298462182 5.800000000000001
    endloop
  endfacet
  facet normal 0.42755509343026615 -0.9039892931234508 0
    outer loop
      vertex 46.0607540789675 -22.797598419564554 2.2
      vertex 46.17164570954364 -22.74515058436089 5.800000000000001
      vertex 46.0607540789675 -22.797598419564554 5.800000000000001
    endloop
  endfacet
  facet normal 0.3368898533922165 0.941544065183022 0
    outer loop
      vertex 46.28714415343192 -25.096175419665258 2.2
      vertex 46.17164570954364 -25.054849415639108 5.800000000000001
      vertex 46.28714415343192 -25.096175419665258 5.800000000000001
    endloop
  endfacet
  facet normal 0.24298017990328163 0.9700312531945396 0
    outer loop
      vertex 46.406137097479835 -25.125981600504037 2.2
      vertex 46.28714415343192 -25.096175419665258 5.800000000000001
      vertex 46.406137097479835 -25.125981600504037 5.800000000000001
    endloop
  endfacet
  facet normal 0.146730474455373 0.9891765099647793 0
    outer loop
      vertex 46.527478574588045 -25.143980908340247 2.2
      vertex 46.406137097479835 -25.125981600504037 5.800000000000001
      vertex 46.527478574588045 -25.143980908340247 5.800000000000001
    endloop
  endfacet
  facet normal 0.42755509343026615 0.9039892931234508 0
    outer loop
      vertex 46.17164570954364 -25.054849415639108 2.2
      vertex 46.0607540789675 -25.002401580435443 5.800000000000001
      vertex 46.17164570954364 -25.054849415639108 5.800000000000001
    endloop
  endfacet
  facet normal 0.04906767432740157 0.9987954562051733 0
    outer loop
      vertex 46.65 -25.15 2.2
      vertex 46.527478574588045 -25.143980908340247 5.800000000000001
      vertex 46.65 -25.15 5.800000000000001
    endloop
  endfacet
  facet normal -0.04906767432740157 0.9987954562051733 0
    outer loop
      vertex 46.77252142541195 -25.143980908340247 2.2
      vertex 46.65 -25.15 5.800000000000001
      vertex 46.77252142541195 -25.143980908340247 5.800000000000001
    endloop
  endfacet
  facet normal -0.146730474455373 0.9891765099647793 0
    outer loop
      vertex 46.89386290252016 -25.125981600504037 2.2
      vertex 46.77252142541195 -25.143980908340247 5.800000000000001
      vertex 46.89386290252016 -25.125981600504037 5.800000000000001
    endloop
  endfacet
  facet normal -0.24298017990328163 0.9700312531945396 0
    outer loop
      vertex 47.01285584656808 -25.096175419665258 2.2
      vertex 46.89386290252016 -25.125981600504037 5.800000000000001
      vertex 47.01285584656808 -25.096175419665258 5.800000000000001
    endloop
  endfacet
  facet normal -0.3368898533922165 0.941544065183022 0
    outer loop
      vertex 47.12835429045636 -25.054849415639108 2.2
      vertex 47.01285584656808 -25.096175419665258 5.800000000000001
      vertex 47.12835429045636 -25.054849415639108 5.800000000000001
    endloop
  endfacet
  facet normal -0.42755509343026615 0.9039892931234508 0
    outer loop
      vertex 47.2392459210325 -25.002401580435443 2.2
      vertex 47.12835429045636 -25.054849415639108 5.800000000000001
      vertex 47.2392459210325 -25.002401580435443 5.800000000000001
    endloop
  endfacet
  facet normal -0.5141027441932402 0.857728610000261 0
    outer loop
      vertex 47.3444627912745 -24.93933701537818 2.2
      vertex 47.2392459210325 -25.002401580435443 5.800000000000001
      vertex 47.3444627912745 -24.93933701537818 5.800000000000001
    endloop
  endfacet
  facet normal -0.595699304492425 0.803207531480651 0
    outer loop
      vertex 47.442991605204554 -24.86626306670342 2.2
      vertex 47.3444627912745 -24.93933701537818 5.800000000000001
      vertex 47.442991605204554 -24.86626306670342 5.800000000000001
    endloop
  endfacet
  facet normal -0.6715589548470204 0.7409511253549572 0
    outer loop
      vertex 47.53388347648318 -24.783883476483183 2.2
      vertex 47.442991605204554 -24.86626306670342 5.800000000000001
      vertex 47.53388347648318 -24.783883476483183 5.800000000000001
    endloop
  endfacet
  facet normal -0.7409511253549718 0.6715589548470045 0
    outer loop
      vertex 47.61626306670342 -24.692991605204554 2.2
      vertex 47.53388347648318 -24.783883476483183 5.800000000000001
      vertex 47.61626306670342 -24.692991605204554 5.800000000000001
    endloop
  endfacet
  facet normal -0.8032075314806372 0.5956993044924437 0
    outer loop
      vertex 47.68933701537818 -24.594462791274502 2.2
      vertex 47.61626306670342 -24.692991605204554 5.800000000000001
      vertex 47.68933701537818 -24.594462791274502 5.800000000000001
    endloop
  endfacet
  facet normal -0.8577286100002814 0.5141027441932061 0
    outer loop
      vertex 47.75240158043544 -24.489245921032495 2.2
      vertex 47.68933701537818 -24.594462791274502 5.800000000000001
      vertex 47.75240158043544 -24.489245921032495 5.800000000000001
    endloop
  endfacet
  facet normal -0.9039892931234402 0.4275550934302885 0
    outer loop
      vertex 47.804849415639104 -24.37835429045636 2.2
      vertex 47.75240158043544 -24.489245921032495 5.800000000000001
      vertex 47.804849415639104 -24.37835429045636 5.800000000000001
    endloop
  endfacet
  facet normal -0.9415440651830194 0.33688985339222377 0
    outer loop
      vertex 47.84617541966526 -24.262855846568076 2.2
      vertex 47.804849415639104 -24.37835429045636 5.800000000000001
      vertex 47.84617541966526 -24.262855846568076 5.800000000000001
    endloop
  endfacet
  facet normal -0.9700312531945464 0.24298017990325438 0
    outer loop
      vertex 47.87598160050403 -24.14386290252016 2.2
      vertex 47.84617541966526 -24.262855846568076 5.800000000000001
      vertex 47.87598160050403 -24.14386290252016 5.800000000000001
    endloop
  endfacet
  facet normal -0.9891765099647751 -0.1467304744554013 0
    outer loop
      vertex 47.87598160050403 -23.65613709747984 2.2
      vertex 47.89398090834025 -23.77747857458805 5.800000000000001
      vertex 47.87598160050403 -23.65613709747984 5.800000000000001
    endloop
  endfacet
  facet normal -0.9700312531945464 -0.24298017990325438 0
    outer loop
      vertex 47.84617541966526 -23.53714415343192 2.2
      vertex 47.87598160050403 -23.65613709747984 5.800000000000001
      vertex 47.84617541966526 -23.53714415343192 5.800000000000001
    endloop
  endfacet
  facet normal -0.9039892931234402 -0.4275550934302885 0
    outer loop
      vertex 47.75240158043544 -23.310754078967502 2.2
      vertex 47.804849415639104 -23.421645709543636 5.800000000000001
      vertex 47.75240158043544 -23.310754078967502 5.800000000000001
    endloop
  endfacet
  facet normal -0.9415440651830194 -0.33688985339222377 0
    outer loop
      vertex 47.804849415639104 -23.421645709543636 2.2
      vertex 47.84617541966526 -23.53714415343192 5.800000000000001
      vertex 47.804849415639104 -23.421645709543636 5.800000000000001
    endloop
  endfacet
  facet normal -0.8577286100002814 -0.5141027441932061 0
    outer loop
      vertex 47.68933701537818 -23.205537208725495 2.2
      vertex 47.75240158043544 -23.310754078967502 5.800000000000001
      vertex 47.68933701537818 -23.205537208725495 5.800000000000001
    endloop
  endfacet
  facet normal -0.9891765099647751 0.1467304744554013 0
    outer loop
      vertex 47.89398090834025 -24.02252142541195 2.2
      vertex 47.87598160050403 -24.14386290252016 5.800000000000001
      vertex 47.89398090834025 -24.02252142541195 5.800000000000001
    endloop
  endfacet
  facet normal -0.9987954562051732 0.04906767432740299 0
    outer loop
      vertex 47.9 -23.9 2.2
      vertex 47.89398090834025 -24.02252142541195 5.800000000000001
      vertex 47.9 -23.9 5.800000000000001
    endloop
  endfacet
  facet normal -0.9987954562051732 -0.04906767432740299 0
    outer loop
      vertex 47.89398090834025 -23.77747857458805 2.2
      vertex 47.9 -23.9 5.800000000000001
      vertex 47.89398090834025 -23.77747857458805 5.800000000000001
    endloop
  endfacet
  facet normal 0.3368898533922165 -0.941544065183022 0
    outer loop
      vertex 46.17164570954364 -22.74515058436089 2.2
      vertex 46.28714415343192 -22.70382458033474 5.800000000000001
      vertex 46.17164570954364 -22.74515058436089 5.800000000000001
    endloop
  endfacet
  facet normal 0.24298017990328163 -0.9700312531945396 0
    outer loop
      vertex 46.28714415343192 -22.70382458033474 2.2
      vertex 46.406137097479835 -22.67401839949596 5.800000000000001
      vertex 46.28714415343192 -22.70382458033474 5.800000000000001
    endloop
  endfacet
  facet normal -0.24298017990328163 -0.9700312531945396 0
    outer loop
      vertex 46.89386290252016 -22.67401839949596 2.2
      vertex 47.01285584656808 -22.70382458033474 5.800000000000001
      vertex 46.89386290252016 -22.67401839949596 5.800000000000001
    endloop
  endfacet
  facet normal 0.146730474455373 -0.9891765099647793 0
    outer loop
      vertex 46.406137097479835 -22.67401839949596 2.2
      vertex 46.527478574588045 -22.65601909165975 5.800000000000001
      vertex 46.406137097479835 -22.67401839949596 5.800000000000001
    endloop
  endfacet
  facet normal 0.04906767432740157 -0.9987954562051733 0
    outer loop
      vertex 46.527478574588045 -22.65601909165975 2.2
      vertex 46.65 -22.65 5.800000000000001
      vertex 46.527478574588045 -22.65601909165975 5.800000000000001
    endloop
  endfacet
  facet normal -0.04906767432740157 -0.9987954562051733 0
    outer loop
      vertex 46.65 -22.65 2.2
      vertex 46.77252142541195 -22.65601909165975 5.800000000000001
      vertex 46.65 -22.65 5.800000000000001
    endloop
  endfacet
  facet normal -0.146730474455373 -0.9891765099647793 0
    outer loop
      vertex 46.77252142541195 -22.65601909165975 2.2
      vertex 46.89386290252016 -22.67401839949596 5.800000000000001
      vertex 46.77252142541195 -22.65601909165975 5.800000000000001
    endloop
  endfacet
  facet normal -0.3368898533922165 -0.941544065183022 0
    outer loop
      vertex 47.01285584656808 -22.70382458033474 2.2
      vertex 47.12835429045636 -22.74515058436089 5.800000000000001
      vertex 47.01285584656808 -22.70382458033474 5.800000000000001
    endloop
  endfacet
  facet normal -0.42755509343026615 -0.9039892931234508 0
    outer loop
      vertex 47.12835429045636 -22.74515058436089 2.2
      vertex 47.2392459210325 -22.797598419564554 5.800000000000001
      vertex 47.12835429045636 -22.74515058436089 5.800000000000001
    endloop
  endfacet
  facet normal -0.5141027441932402 -0.857728610000261 0
    outer loop
      vertex 47.2392459210325 -22.797598419564554 2.2
      vertex 47.3444627912745 -22.86066298462182 5.800000000000001
      vertex 47.2392459210325 -22.797598419564554 5.800000000000001
    endloop
  endfacet
  facet normal -0.595699304492425 -0.803207531480651 0
    outer loop
      vertex 47.3444627912745 -22.86066298462182 2.2
      vertex 47.442991605204554 -22.933736933296576 5.800000000000001
      vertex 47.3444627912745 -22.86066298462182 5.800000000000001
    endloop
  endfacet
  facet normal -0.8032075314806372 -0.5956993044924437 0
    outer loop
      vertex 47.61626306670342 -23.107008394795443 2.2
      vertex 47.68933701537818 -23.205537208725495 5.800000000000001
      vertex 47.61626306670342 -23.107008394795443 5.800000000000001
    endloop
  endfacet
  facet normal -0.6715589548470204 -0.7409511253549572 0
    outer loop
      vertex 47.442991605204554 -22.933736933296576 2.2
      vertex 47.53388347648318 -23.016116523516814 5.800000000000001
      vertex 47.442991605204554 -22.933736933296576 5.800000000000001
    endloop
  endfacet
  facet normal -0.7409511253549718 -0.6715589548470045 0
    outer loop
      vertex 47.53388347648318 -23.016116523516814 2.2
      vertex 47.61626306670342 -23.107008394795443 5.800000000000001
      vertex 47.53388347648318 -23.016116523516814 5.800000000000001
    endloop
  endfacet
  facet normal 0 0 1
    outer loop
      vertex -47.89398090834025 -24.02252142541195 2.2
      vertex -47.89398090834025 -23.77747857458805 2.2
      vertex -47.9 -23.9 2.2
    endloop
  endfacet
  facet normal 0 0 1
    outer loop
      vertex -47.89398090834025 -24.02252142541195 2.2
      vertex -47.87598160050403 -23.65613709747984 2.2
      vertex -47.89398090834025 -23.77747857458805 2.2
    endloop
  endfacet
  facet normal 0 0 1
    outer loop
      vertex -47.12835429045636 -25.054849415639108 2.2
      vertex -47.12835429045636 -22.74515058436089 2.2
      vertex -47.2392459210325 -25.002401580435443 2.2
    endloop
  endfacet
  facet normal 0 0 1
    outer loop
      vertex -47.12835429045636 -25.054849415639108 2.2
      vertex -47.01285584656808 -25.096175419665258 2.2
      vertex -47.01285584656808 -22.70382458033474 2.2
    endloop
  endfacet
  facet normal 0 0 1
    outer loop
      vertex -47.01285584656808 -25.096175419665258 2.2
      vertex -46.89386290252016 -25.125981600504037 2.2
      vertex -46.89386290252016 -22.67401839949596 2.2
    endloop
  endfacet
  facet normal 0 0 1
    outer loop
      vertex -46.89386290252016 -25.125981600504037 2.2
      vertex -46.77252142541195 -25.143980908340247 2.2
      vertex -46.77252142541195 -22.65601909165975 2.2
    endloop
  endfacet
  facet normal 0 0 1
    outer loop
      vertex -46.77252142541195 -25.143980908340247 2.2
      vertex -46.65 -25.15 2.2
      vertex -46.65 -22.65 2.2
    endloop
  endfacet
  facet normal 0 0 1
    outer loop
      vertex -46.65 -25.15 2.2
      vertex -46.527478574588045 -25.143980908340247 2.2
      vertex -46.527478574588045 -22.65601909165975 2.2
    endloop
  endfacet
  facet normal 0 0 1
    outer loop
      vertex -46.527478574588045 -25.143980908340247 2.2
      vertex -46.406137097479835 -25.125981600504037 2.2
      vertex -46.406137097479835 -22.67401839949596 2.2
    endloop
  endfacet
  facet normal 0 0 1
    outer loop
      vertex -46.406137097479835 -25.125981600504037 2.2
      vertex -46.28714415343192 -25.096175419665258 2.2
      vertex -46.28714415343192 -22.70382458033474 2.2
    endloop
  endfacet
  facet normal 0 0 1
    outer loop
      vertex -46.28714415343192 -25.096175419665258 2.2
      vertex -46.17164570954364 -25.054849415639108 2.2
      vertex -46.17164570954364 -22.74515058436089 2.2
    endloop
  endfacet
  facet normal 0 0 1
    outer loop
      vertex -47.804849415639104 -24.37835429045636 2.2
      vertex -47.804849415639104 -23.421645709543636 2.2
      vertex -47.84617541966526 -24.262855846568076 2.2
    endloop
  endfacet
  facet normal 0 0 1
    outer loop
      vertex -47.68933701537818 -24.594462791274502 2.2
      vertex -47.68933701537818 -23.205537208725495 2.2
      vertex -47.75240158043544 -24.489245921032495 2.2
    endloop
  endfacet
  facet normal 0 0 1
    outer loop
      vertex -47.75240158043544 -24.489245921032495 2.2
      vertex -47.75240158043544 -23.310754078967502 2.2
      vertex -47.804849415639104 -24.37835429045636 2.2
    endloop
  endfacet
  facet normal 0 0 1
    outer loop
      vertex -47.68933701537818 -24.594462791274502 2.2
      vertex -47.61626306670342 -24.692991605204554 2.2
      vertex -47.61626306670342 -23.107008394795443 2.2
    endloop
  endfacet
  facet normal 0 0 1
    outer loop
      vertex -47.61626306670342 -24.692991605204554 2.2
      vertex -47.53388347648318 -24.783883476483183 2.2
      vertex -47.53388347648318 -23.016116523516814 2.2
    endloop
  endfacet
  facet normal 0 0 1
    outer loop
      vertex -47.442991605204554 -24.86626306670342 2.2
      vertex -47.442991605204554 -22.933736933296576 2.2
      vertex -47.53388347648318 -24.783883476483183 2.2
    endloop
  endfacet
  facet normal 0 0 1
    outer loop
      vertex -47.84617541966526 -24.262855846568076 2.2
      vertex -47.84617541966526 -23.53714415343192 2.2
      vertex -47.87598160050403 -24.14386290252016 2.2
    endloop
  endfacet
  facet normal 0 0 1
    outer loop
      vertex -47.89398090834025 -24.02252142541195 2.2
      vertex -47.87598160050403 -24.14386290252016 2.2
      vertex -47.87598160050403 -23.65613709747984 2.2
    endloop
  endfacet
  facet normal 0 0 1
    outer loop
      vertex -47.87598160050403 -24.14386290252016 2.2
      vertex -47.84617541966526 -23.53714415343192 2.2
      vertex -47.87598160050403 -23.65613709747984 2.2
    endloop
  endfacet
  facet normal 0 0 1
    outer loop
      vertex -47.84617541966526 -24.262855846568076 2.2
      vertex -47.804849415639104 -23.421645709543636 2.2
      vertex -47.84617541966526 -23.53714415343192 2.2
    endloop
  endfacet
  facet normal 0 0 1
    outer loop
      vertex -47.442991605204554 -24.86626306670342 2.2
      vertex -47.3444627912745 -24.93933701537818 2.2
      vertex -47.3444627912745 -22.86066298462182 2.2
    endloop
  endfacet
  facet normal 0 0 1
    outer loop
      vertex -47.3444627912745 -24.93933701537818 2.2
      vertex -47.2392459210325 -25.002401580435443 2.2
      vertex -47.2392459210325 -22.797598419564554 2.2
    endloop
  endfacet
  facet normal 0 0 1
    outer loop
      vertex -47.804849415639104 -24.37835429045636 2.2
      vertex -47.75240158043544 -23.310754078967502 2.2
      vertex -47.804849415639104 -23.421645709543636 2.2
    endloop
  endfacet
  facet normal 0 0 1
    outer loop
      vertex -47.75240158043544 -24.489245921032495 2.2
      vertex -47.68933701537818 -23.205537208725495 2.2
      vertex -47.75240158043544 -23.310754078967502 2.2
    endloop
  endfacet
  facet normal 0 0 1
    outer loop
      vertex -47.68933701537818 -24.594462791274502 2.2
      vertex -47.61626306670342 -23.107008394795443 2.2
      vertex -47.68933701537818 -23.205537208725495 2.2
    endloop
  endfacet
  facet normal 0 0 1
    outer loop
      vertex -47.61626306670342 -24.692991605204554 2.2
      vertex -47.53388347648318 -23.016116523516814 2.2
      vertex -47.61626306670342 -23.107008394795443 2.2
    endloop
  endfacet
  facet normal 0 0 1
    outer loop
      vertex -47.53388347648318 -24.783883476483183 2.2
      vertex -47.442991605204554 -22.933736933296576 2.2
      vertex -47.53388347648318 -23.016116523516814 2.2
    endloop
  endfacet
  facet normal 0 0 1
    outer loop
      vertex -47.442991605204554 -24.86626306670342 2.2
      vertex -47.3444627912745 -22.86066298462182 2.2
      vertex -47.442991605204554 -22.933736933296576 2.2
    endloop
  endfacet
  facet normal 0 0 1
    outer loop
      vertex -47.3444627912745 -24.93933701537818 2.2
      vertex -47.2392459210325 -22.797598419564554 2.2
      vertex -47.3444627912745 -22.86066298462182 2.2
    endloop
  endfacet
  facet normal 0 0 1
    outer loop
      vertex -47.2392459210325 -25.002401580435443 2.2
      vertex -47.12835429045636 -22.74515058436089 2.2
      vertex -47.2392459210325 -22.797598419564554 2.2
    endloop
  endfacet
  facet normal 0 0 1
    outer loop
      vertex -47.12835429045636 -25.054849415639108 2.2
      vertex -47.01285584656808 -22.70382458033474 2.2
      vertex -47.12835429045636 -22.74515058436089 2.2
    endloop
  endfacet
  facet normal 0 0 1
    outer loop
      vertex -47.01285584656808 -25.096175419665258 2.2
      vertex -46.89386290252016 -22.67401839949596 2.2
      vertex -47.01285584656808 -22.70382458033474 2.2
    endloop
  endfacet
  facet normal 0 0 1
    outer loop
      vertex -46.89386290252016 -25.125981600504037 2.2
      vertex -46.77252142541195 -22.65601909165975 2.2
      vertex -46.89386290252016 -22.67401839949596 2.2
    endloop
  endfacet
  facet normal 0 0 1
    outer loop
      vertex -46.77252142541195 -25.143980908340247 2.2
      vertex -46.65 -22.65 2.2
      vertex -46.77252142541195 -22.65601909165975 2.2
    endloop
  endfacet
  facet normal 0 0 1
    outer loop
      vertex -46.65 -25.15 2.2
      vertex -46.527478574588045 -22.65601909165975 2.2
      vertex -46.65 -22.65 2.2
    endloop
  endfacet
  facet normal 0 0 1
    outer loop
      vertex -46.527478574588045 -25.143980908340247 2.2
      vertex -46.406137097479835 -22.67401839949596 2.2
      vertex -46.527478574588045 -22.65601909165975 2.2
    endloop
  endfacet
  facet normal 0 0 1
    outer loop
      vertex -46.406137097479835 -25.125981600504037 2.2
      vertex -46.28714415343192 -22.70382458033474 2.2
      vertex -46.406137097479835 -22.67401839949596 2.2
    endloop
  endfacet
  facet normal 0 0 1
    outer loop
      vertex -46.28714415343192 -25.096175419665258 2.2
      vertex -46.17164570954364 -22.74515058436089 2.2
      vertex -46.28714415343192 -22.70382458033474 2.2
    endloop
  endfacet
  facet normal 0 0 1
    outer loop
      vertex -46.17164570954364 -25.054849415639108 2.2
      vertex -46.0607540789675 -22.797598419564554 2.2
      vertex -46.17164570954364 -22.74515058436089 2.2
    endloop
  endfacet
  facet normal 0 0 1
    outer loop
      vertex -46.17164570954364 -25.054849415639108 2.2
      vertex -46.0607540789675 -25.002401580435443 2.2
      vertex -46.0607540789675 -22.797598419564554 2.2
    endloop
  endfacet
  facet normal 0 0 1
    outer loop
      vertex -46.0607540789675 -25.002401580435443 2.2
      vertex -45.955537208725495 -24.93933701537818 2.2
      vertex -45.955537208725495 -22.86066298462182 2.2
    endloop
  endfacet
  facet normal 0 0 1
    outer loop
      vertex -45.955537208725495 -24.93933701537818 2.2
      vertex -45.85700839479544 -24.86626306670342 2.2
      vertex -45.85700839479544 -22.933736933296576 2.2
    endloop
  endfacet
  facet normal 0 0 1
    outer loop
      vertex -45.85700839479544 -24.86626306670342 2.2
      vertex -45.766116523516814 -24.783883476483183 2.2
      vertex -45.766116523516814 -23.016116523516814 2.2
    endloop
  endfacet
  facet normal 0 0 1
    outer loop
      vertex -45.766116523516814 -24.783883476483183 2.2
      vertex -45.68373693329658 -24.692991605204554 2.2
      vertex -45.68373693329658 -23.107008394795443 2.2
    endloop
  endfacet
  facet normal 0 0 1
    outer loop
      vertex -45.68373693329658 -24.692991605204554 2.2
      vertex -45.61066298462182 -24.594462791274502 2.2
      vertex -45.61066298462182 -23.205537208725495 2.2
    endloop
  endfacet
  facet normal 0 0 1
    outer loop
      vertex -45.61066298462182 -24.594462791274502 2.2
      vertex -45.54759841956456 -24.489245921032495 2.2
      vertex -45.54759841956456 -23.310754078967502 2.2
    endloop
  endfacet
  facet normal 0 0 1
    outer loop
      vertex -45.54759841956456 -24.489245921032495 2.2
      vertex -45.49515058436089 -24.37835429045636 2.2
      vertex -45.49515058436089 -23.421645709543636 2.2
    endloop
  endfacet
  facet normal 0 0 1
    outer loop
      vertex -45.49515058436089 -24.37835429045636 2.2
      vertex -45.45382458033474 -24.262855846568076 2.2
      vertex -45.45382458033474 -23.53714415343192 2.2
    endloop
  endfacet
  facet normal 0 0 1
    outer loop
      vertex -45.45382458033474 -24.262855846568076 2.2
      vertex -45.424018399495964 -24.14386290252016 2.2
      vertex -45.424018399495964 -23.65613709747984 2.2
    endloop
  endfacet
  facet normal 0 0 1
    outer loop
      vertex -45.49515058436089 -24.37835429045636 2.2
      vertex -45.45382458033474 -23.53714415343192 2.2
      vertex -45.49515058436089 -23.421645709543636 2.2
    endloop
  endfacet
  facet normal 0 0 1
    outer loop
      vertex -45.54759841956456 -24.489245921032495 2.2
      vertex -45.49515058436089 -23.421645709543636 2.2
      vertex -45.54759841956456 -23.310754078967502 2.2
    endloop
  endfacet
  facet normal 0 0 1
    outer loop
      vertex -45.424018399495964 -24.14386290252016 2.2
      vertex -45.40601909165975 -24.02252142541195 2.2
      vertex -45.40601909165975 -23.77747857458805 2.2
    endloop
  endfacet
  facet normal 0 0 1
    outer loop
      vertex -45.40601909165975 -24.02252142541195 2.2
      vertex -45.4 -23.9 2.2
      vertex -45.40601909165975 -23.77747857458805 2.2
    endloop
  endfacet
  facet normal 0 0 1
    outer loop
      vertex -45.424018399495964 -24.14386290252016 2.2
      vertex -45.40601909165975 -23.77747857458805 2.2
      vertex -45.424018399495964 -23.65613709747984 2.2
    endloop
  endfacet
  facet normal 0 0 1
    outer loop
      vertex -45.45382458033474 -24.262855846568076 2.2
      vertex -45.424018399495964 -23.65613709747984 2.2
      vertex -45.45382458033474 -23.53714415343192 2.2
    endloop
  endfacet
  facet normal 0 0 1
    outer loop
      vertex -46.0607540789675 -25.002401580435443 2.2
      vertex -45.955537208725495 -22.86066298462182 2.2
      vertex -46.0607540789675 -22.797598419564554 2.2
    endloop
  endfacet
  facet normal 0 0 1
    outer loop
      vertex -45.955537208725495 -24.93933701537818 2.2
      vertex -45.85700839479544 -22.933736933296576 2.2
      vertex -45.955537208725495 -22.86066298462182 2.2
    endloop
  endfacet
  facet normal 0 0 1
    outer loop
      vertex -45.85700839479544 -24.86626306670342 2.2
      vertex -45.766116523516814 -23.016116523516814 2.2
      vertex -45.85700839479544 -22.933736933296576 2.2
    endloop
  endfacet
  facet normal 0 0 1
    outer loop
      vertex -45.766116523516814 -24.783883476483183 2.2
      vertex -45.68373693329658 -23.107008394795443 2.2
      vertex -45.766116523516814 -23.016116523516814 2.2
    endloop
  endfacet
  facet normal 0 0 1
    outer loop
      vertex -45.61066298462182 -24.594462791274502 2.2
      vertex -45.54759841956456 -23.310754078967502 2.2
      vertex -45.61066298462182 -23.205537208725495 2.2
    endloop
  endfacet
  facet normal 0 0 1
    outer loop
      vertex -45.68373693329658 -24.692991605204554 2.2
      vertex -45.61066298462182 -23.205537208725495 2.2
      vertex -45.68373693329658 -23.107008394795443 2.2
    endloop
  endfacet
  facet normal 0.9891765099647751 0.1467304744554013 0
    outer loop
      vertex -47.89398090834025 -24.02252142541195 2.2
      vertex -47.89398090834025 -24.02252142541195 5.800000000000001
      vertex -47.87598160050403 -24.14386290252016 2.2
    endloop
  endfacet
  facet normal 0.9987954562051732 0.04906767432740299 9.181809173733996e-20
    outer loop
      vertex -47.89398090834025 -24.02252142541195 2.2
      vertex -47.9 -23.9 2.2
      vertex -47.9 -23.9 5.800000000000001
    endloop
  endfacet
  facet normal 0.9987954562051732 -0.04906767432740299 -9.181809173733996e-20
    outer loop
      vertex -47.9 -23.9 2.2
      vertex -47.89398090834025 -23.77747857458805 2.2
      vertex -47.89398090834025 -23.77747857458805 5.800000000000001
    endloop
  endfacet
  facet normal 0.6715589548470204 0.7409511253549572 3.8146980771509423e-19
    outer loop
      vertex -47.442991605204554 -24.86626306670342 2.2
      vertex -47.53388347648318 -24.783883476483183 2.2
      vertex -47.53388347648318 -24.783883476483183 5.800000000000001
    endloop
  endfacet
  facet normal 0.3368898533922165 0.941544065183022 0
    outer loop
      vertex -47.12835429045636 -25.054849415639108 2.2
      vertex -47.12835429045636 -25.054849415639108 5.800000000000001
      vertex -47.01285584656808 -25.096175419665258 2.2
    endloop
  endfacet
  facet normal 0.5141027441932402 0.857728610000261 0
    outer loop
      vertex -47.3444627912745 -24.93933701537818 2.2
      vertex -47.3444627912745 -24.93933701537818 5.800000000000001
      vertex -47.2392459210325 -25.002401580435443 2.2
    endloop
  endfacet
  facet normal 0.595699304492425 0.803207531480651 0
    outer loop
      vertex -47.442991605204554 -24.86626306670342 2.2
      vertex -47.442991605204554 -24.86626306670342 5.800000000000001
      vertex -47.3444627912745 -24.93933701537818 2.2
    endloop
  endfacet
  facet normal 0.42755509343026615 0.9039892931234508 7.134414005220896e-19
    outer loop
      vertex -47.12835429045636 -25.054849415639108 2.2
      vertex -47.2392459210325 -25.002401580435443 2.2
      vertex -47.2392459210325 -25.002401580435443 5.800000000000001
    endloop
  endfacet
  facet normal 0.8032075314806372 0.5956993044924437 0
    outer loop
      vertex -47.68933701537818 -24.594462791274502 2.2
      vertex -47.68933701537818 -24.594462791274502 5.800000000000001
      vertex -47.61626306670342 -24.692991605204554 2.2
    endloop
  endfacet
  facet normal 0.8577286100002814 0.5141027441932061 5.358757655303264e-19
    outer loop
      vertex -47.68933701537818 -24.594462791274502 2.2
      vertex -47.75240158043544 -24.489245921032495 2.2
      vertex -47.75240158043544 -24.489245921032495 5.800000000000001
    endloop
  endfacet
  facet normal 0.7409511253549718 0.6715589548470045 0
    outer loop
      vertex -47.61626306670342 -24.692991605204554 2.2
      vertex -47.61626306670342 -24.692991605204554 5.800000000000001
      vertex -47.53388347648318 -24.783883476483183 2.2
    endloop
  endfacet
  facet normal 0.9039892931234402 0.4275550934302885 3.124474034015975e-20
    outer loop
      vertex -47.75240158043544 -24.489245921032495 2.2
      vertex -47.804849415639104 -24.37835429045636 2.2
      vertex -47.804849415639104 -24.37835429045636 5.800000000000001
    endloop
  endfacet
  facet normal 0.9415440651830194 0.33688985339222377 -2.229493449846298e-19
    outer loop
      vertex -47.804849415639104 -24.37835429045636 2.2
      vertex -47.84617541966526 -24.262855846568076 2.2
      vertex -47.84617541966526 -24.262855846568076 5.800000000000001
    endloop
  endfacet
  facet normal 0.24298017990328163 0.9700312531945396 0
    outer loop
      vertex -47.01285584656808 -25.096175419665258 2.2
      vertex -47.01285584656808 -25.096175419665258 5.800000000000001
      vertex -46.89386290252016 -25.125981600504037 2.2
    endloop
  endfacet
  facet normal 0.146730474455373 0.9891765099647793 0
    outer loop
      vertex -46.89386290252016 -25.125981600504037 2.2
      vertex -46.89386290252016 -25.125981600504037 5.800000000000001
      vertex -46.77252142541195 -25.143980908340247 2.2
    endloop
  endfacet
  facet normal 0.04906767432740157 0.9987954562051733 0
    outer loop
      vertex -46.77252142541195 -25.143980908340247 2.2
      vertex -46.77252142541195 -25.143980908340247 5.800000000000001
      vertex -46.65 -25.15 2.2
    endloop
  endfacet
  facet normal -0.04906767432740157 0.9987954562051733 0
    outer loop
      vertex -46.65 -25.15 2.2
      vertex -46.65 -25.15 5.800000000000001
      vertex -46.527478574588045 -25.143980908340247 2.2
    endloop
  endfacet
  facet normal -0.146730474455373 0.9891765099647793 0
    outer loop
      vertex -46.527478574588045 -25.143980908340247 2.2
      vertex -46.527478574588045 -25.143980908340247 5.800000000000001
      vertex -46.406137097479835 -25.125981600504037 2.2
    endloop
  endfacet
  facet normal -0.24298017990328163 0.9700312531945396 0
    outer loop
      vertex -46.406137097479835 -25.125981600504037 2.2
      vertex -46.406137097479835 -25.125981600504037 5.800000000000001
      vertex -46.28714415343192 -25.096175419665258 2.2
    endloop
  endfacet
  facet normal -0.3368898533922165 0.941544065183022 0
    outer loop
      vertex -46.28714415343192 -25.096175419665258 2.2
      vertex -46.28714415343192 -25.096175419665258 5.800000000000001
      vertex -46.17164570954364 -25.054849415639108 2.2
    endloop
  endfacet
  facet normal -0.42755509343026615 0.9039892931234508 0
    outer loop
      vertex -46.17164570954364 -25.054849415639108 2.2
      vertex -46.17164570954364 -25.054849415639108 5.800000000000001
      vertex -46.0607540789675 -25.002401580435443 2.2
    endloop
  endfacet
  facet normal 0.9700312531945464 0.24298017990325438 4.565169101134213e-19
    outer loop
      vertex -47.84617541966526 -24.262855846568076 2.2
      vertex -47.87598160050403 -24.14386290252016 2.2
      vertex -47.87598160050403 -24.14386290252016 5.800000000000001
    endloop
  endfacet
  facet normal 0.9891765099647751 -0.1467304744554013 1.409366272287956e-19
    outer loop
      vertex -47.89398090834025 -23.77747857458805 2.2
      vertex -47.87598160050403 -23.65613709747984 2.2
      vertex -47.87598160050403 -23.65613709747984 5.800000000000001
    endloop
  endfacet
  facet normal 0.9700312531945464 -0.24298017990325438 -4.565169101134213e-19
    outer loop
      vertex -47.87598160050403 -23.65613709747984 2.2
      vertex -47.84617541966526 -23.53714415343192 2.2
      vertex -47.84617541966526 -23.53714415343192 5.800000000000001
    endloop
  endfacet
  facet normal 0.9415440651830194 -0.33688985339222377 2.229493449846298e-19
    outer loop
      vertex -47.84617541966526 -23.53714415343192 2.2
      vertex -47.804849415639104 -23.421645709543636 2.2
      vertex -47.804849415639104 -23.421645709543636 5.800000000000001
    endloop
  endfacet
  facet normal 0.9039892931234402 -0.4275550934302885 -3.124474034015975e-20
    outer loop
      vertex -47.804849415639104 -23.421645709543636 2.2
      vertex -47.75240158043544 -23.310754078967502 2.2
      vertex -47.75240158043544 -23.310754078967502 5.800000000000001
    endloop
  endfacet
  facet normal 0.8577286100002814 -0.5141027441932061 -5.358757655303264e-19
    outer loop
      vertex -47.75240158043544 -23.310754078967502 2.2
      vertex -47.68933701537818 -23.205537208725495 2.2
      vertex -47.68933701537818 -23.205537208725495 5.800000000000001
    endloop
  endfacet
  facet normal 0.8032075314806372 -0.5956993044924437 3.4017277734095894e-19
    outer loop
      vertex -47.68933701537818 -23.205537208725495 2.2
      vertex -47.61626306670342 -23.107008394795443 2.2
      vertex -47.61626306670342 -23.107008394795443 5.800000000000001
    endloop
  endfacet
  facet normal 0.7409511253549718 -0.6715589548470045 -9.571551129995355e-19
    outer loop
      vertex -47.61626306670342 -23.107008394795443 2.2
      vertex -47.53388347648318 -23.016116523516814 2.2
      vertex -47.53388347648318 -23.016116523516814 5.800000000000001
    endloop
  endfacet
  facet normal 0.6715589548470204 -0.7409511253549572 -3.8146980771509423e-19
    outer loop
      vertex -47.53388347648318 -23.016116523516814 2.2
      vertex -47.442991605204554 -22.933736933296576 2.2
      vertex -47.442991605204554 -22.933736933296576 5.800000000000001
    endloop
  endfacet
  facet normal 0.595699304492425 -0.803207531480651 -7.872601287508726e-19
    outer loop
      vertex -47.442991605204554 -22.933736933296576 2.2
      vertex -47.3444627912745 -22.86066298462182 2.2
      vertex -47.3444627912745 -22.86066298462182 5.800000000000001
    endloop
  endfacet
  facet normal 0.5141027441932402 -0.857728610000261 7.522596664730008e-19
    outer loop
      vertex -47.3444627912745 -22.86066298462182 2.2
      vertex -47.2392459210325 -22.797598419564554 2.2
      vertex -47.2392459210325 -22.797598419564554 5.800000000000001
    endloop
  endfacet
  facet normal 0.42755509343026615 -0.9039892931234508 -7.134414005220896e-19
    outer loop
      vertex -47.2392459210325 -22.797598419564554 2.2
      vertex -47.12835429045636 -22.74515058436089 2.2
      vertex -47.12835429045636 -22.74515058436089 5.800000000000001
    endloop
  endfacet
  facet normal 0.3368898533922165 -0.941544065183022 9.609554224978724e-19
    outer loop
      vertex -47.12835429045636 -22.74515058436089 2.2
      vertex -47.01285584656808 -22.70382458033474 2.2
      vertex -47.01285584656808 -22.70382458033474 5.800000000000001
    endloop
  endfacet
  facet normal 0.24298017990328163 -0.9700312531945396 3.1949432589746333e-19
    outer loop
      vertex -47.01285584656808 -22.70382458033474 2.2
      vertex -46.89386290252016 -22.67401839949596 2.2
      vertex -46.89386290252016 -22.67401839949596 5.800000000000001
    endloop
  endfacet
  facet normal -0.24298017990328163 -0.9700312531945396 0
    outer loop
      vertex -46.28714415343192 -22.70382458033474 2.2
      vertex -46.28714415343192 -22.70382458033474 5.800000000000001
      vertex -46.406137097479835 -22.67401839949596 2.2
    endloop
  endfacet
  facet normal -0.3368898533922165 -0.941544065183022 -9.609554224978724e-19
    outer loop
      vertex -46.28714415343192 -22.70382458033474 2.2
      vertex -46.17164570954364 -22.74515058436089 2.2
      vertex -46.17164570954364 -22.74515058436089 5.800000000000001
    endloop
  endfacet
  facet normal 0.146730474455373 -0.9891765099647793 1.1208362384903202e-19
    outer loop
      vertex -46.89386290252016 -22.67401839949596 2.2
      vertex -46.77252142541195 -22.65601909165975 2.2
      vertex -46.77252142541195 -22.65601909165975 5.800000000000001
    endloop
  endfacet
  facet normal 0.04906767432740157 -0.9987954562051733 -3.446764906881978e-20
    outer loop
      vertex -46.77252142541195 -22.65601909165975 2.2
      vertex -46.65 -22.65 2.2
      vertex -46.65 -22.65 5.800000000000001
    endloop
  endfacet
  facet normal -0.04906767432740157 -0.9987954562051733 3.446764906881978e-20
    outer loop
      vertex -46.65 -22.65 2.2
      vertex -46.527478574588045 -22.65601909165975 2.2
      vertex -46.527478574588045 -22.65601909165975 5.800000000000001
    endloop
  endfacet
  facet normal -0.146730474455373 -0.9891765099647793 -1.1208362384903202e-19
    outer loop
      vertex -46.527478574588045 -22.65601909165975 2.2
      vertex -46.406137097479835 -22.67401839949596 2.2
      vertex -46.406137097479835 -22.67401839949596 5.800000000000001
    endloop
  endfacet
  facet normal -0.5141027441932402 0.857728610000261 0
    outer loop
      vertex -46.0607540789675 -25.002401580435443 2.2
      vertex -46.0607540789675 -25.002401580435443 5.800000000000001
      vertex -45.955537208725495 -24.93933701537818 2.2
    endloop
  endfacet
  facet normal -0.595699304492425 0.803207531480651 0
    outer loop
      vertex -45.955537208725495 -24.93933701537818 2.2
      vertex -45.955537208725495 -24.93933701537818 5.800000000000001
      vertex -45.85700839479544 -24.86626306670342 2.2
    endloop
  endfacet
  facet normal -0.6715589548470204 0.7409511253549572 0
    outer loop
      vertex -45.85700839479544 -24.86626306670342 2.2
      vertex -45.85700839479544 -24.86626306670342 5.800000000000001
      vertex -45.766116523516814 -24.783883476483183 2.2
    endloop
  endfacet
  facet normal -0.7409511253549718 0.6715589548470045 0
    outer loop
      vertex -45.766116523516814 -24.783883476483183 2.2
      vertex -45.766116523516814 -24.783883476483183 5.800000000000001
      vertex -45.68373693329658 -24.692991605204554 2.2
    endloop
  endfacet
  facet normal -0.8032075314806372 0.5956993044924437 0
    outer loop
      vertex -45.68373693329658 -24.692991605204554 2.2
      vertex -45.68373693329658 -24.692991605204554 5.800000000000001
      vertex -45.61066298462182 -24.594462791274502 2.2
    endloop
  endfacet
  facet normal -0.8577286100002814 0.5141027441932061 0
    outer loop
      vertex -45.61066298462182 -24.594462791274502 2.2
      vertex -45.61066298462182 -24.594462791274502 5.800000000000001
      vertex -45.54759841956456 -24.489245921032495 2.2
    endloop
  endfacet
  facet normal -0.9039892931234402 0.4275550934302885 0
    outer loop
      vertex -45.54759841956456 -24.489245921032495 2.2
      vertex -45.54759841956456 -24.489245921032495 5.800000000000001
      vertex -45.49515058436089 -24.37835429045636 2.2
    endloop
  endfacet
  facet normal -0.9415440651830194 0.33688985339222377 0
    outer loop
      vertex -45.49515058436089 -24.37835429045636 2.2
      vertex -45.49515058436089 -24.37835429045636 5.800000000000001
      vertex -45.45382458033474 -24.262855846568076 2.2
    endloop
  endfacet
  facet normal -0.9700312531945464 0.24298017990325438 0
    outer loop
      vertex -45.45382458033474 -24.262855846568076 2.2
      vertex -45.45382458033474 -24.262855846568076 5.800000000000001
      vertex -45.424018399495964 -24.14386290252016 2.2
    endloop
  endfacet
  facet normal -0.9891765099647751 0.1467304744554013 0
    outer loop
      vertex -45.424018399495964 -24.14386290252016 2.2
      vertex -45.424018399495964 -24.14386290252016 5.800000000000001
      vertex -45.40601909165975 -24.02252142541195 2.2
    endloop
  endfacet
  facet normal -0.9987954562051732 0.04906767432740299 0
    outer loop
      vertex -45.40601909165975 -24.02252142541195 2.2
      vertex -45.40601909165975 -24.02252142541195 5.800000000000001
      vertex -45.4 -23.9 2.2
    endloop
  endfacet
  facet normal -0.9987954562051732 -0.04906767432740299 0
    outer loop
      vertex -45.4 -23.9 2.2
      vertex -45.4 -23.9 5.800000000000001
      vertex -45.40601909165975 -23.77747857458805 2.2
    endloop
  endfacet
  facet normal -0.9891765099647751 -0.1467304744554013 0
    outer loop
      vertex -45.40601909165975 -23.77747857458805 2.2
      vertex -45.40601909165975 -23.77747857458805 5.800000000000001
      vertex -45.424018399495964 -23.65613709747984 2.2
    endloop
  endfacet
  facet normal -0.9415440651830194 -0.33688985339222377 0
    outer loop
      vertex -45.45382458033474 -23.53714415343192 2.2
      vertex -45.45382458033474 -23.53714415343192 5.800000000000001
      vertex -45.49515058436089 -23.421645709543636 2.2
    endloop
  endfacet
  facet normal -0.9700312531945464 -0.24298017990325438 4.565169101134213e-19
    outer loop
      vertex -45.45382458033474 -23.53714415343192 2.2
      vertex -45.424018399495964 -23.65613709747984 2.2
      vertex -45.424018399495964 -23.65613709747984 5.800000000000001
    endloop
  endfacet
  facet normal -0.9039892931234402 -0.4275550934302885 0
    outer loop
      vertex -45.49515058436089 -23.421645709543636 2.2
      vertex -45.49515058436089 -23.421645709543636 5.800000000000001
      vertex -45.54759841956456 -23.310754078967502 2.2
    endloop
  endfacet
  facet normal -0.8577286100002814 -0.5141027441932061 5.358757655303264e-19
    outer loop
      vertex -45.61066298462182 -23.205537208725495 2.2
      vertex -45.54759841956456 -23.310754078967502 2.2
      vertex -45.54759841956456 -23.310754078967502 5.800000000000001
    endloop
  endfacet
  facet normal -0.7409511253549718 -0.6715589548470045 0
    outer loop
      vertex -45.68373693329658 -23.107008394795443 2.2
      vertex -45.68373693329658 -23.107008394795443 5.800000000000001
      vertex -45.766116523516814 -23.016116523516814 2.2
    endloop
  endfacet
  facet normal -0.6715589548470204 -0.7409511253549572 0
    outer loop
      vertex -45.766116523516814 -23.016116523516814 2.2
      vertex -45.766116523516814 -23.016116523516814 5.800000000000001
      vertex -45.85700839479544 -22.933736933296576 2.2
    endloop
  endfacet
  facet normal -0.595699304492425 -0.803207531480651 7.872601287508726e-19
    outer loop
      vertex -45.955537208725495 -22.86066298462182 2.2
      vertex -45.85700839479544 -22.933736933296576 2.2
      vertex -45.85700839479544 -22.933736933296576 5.800000000000001
    endloop
  endfacet
  facet normal -0.5141027441932402 -0.857728610000261 0
    outer loop
      vertex -45.955537208725495 -22.86066298462182 2.2
      vertex -45.955537208725495 -22.86066298462182 5.800000000000001
      vertex -46.0607540789675 -22.797598419564554 2.2
    endloop
  endfacet
  facet normal -0.42755509343026615 -0.9039892931234508 7.134414005220896e-19
    outer loop
      vertex -46.17164570954364 -22.74515058436089 2.2
      vertex -46.0607540789675 -22.797598419564554 2.2
      vertex -46.0607540789675 -22.797598419564554 5.800000000000001
    endloop
  endfacet
  facet normal -0.8032075314806372 -0.5956993044924437 0
    outer loop
      vertex -45.61066298462182 -23.205537208725495 2.2
      vertex -45.61066298462182 -23.205537208725495 5.800000000000001
      vertex -45.68373693329658 -23.107008394795443 2.2
    endloop
  endfacet
  facet normal 0.9987954562051732 0.04906767432740299 0
    outer loop
      vertex -47.89398090834025 -24.02252142541195 2.2
      vertex -47.9 -23.9 5.800000000000001
      vertex -47.89398090834025 -24.02252142541195 5.800000000000001
    endloop
  endfacet
  facet normal 0.9987954562051732 -0.04906767432740299 0
    outer loop
      vertex -47.9 -23.9 2.2
      vertex -47.89398090834025 -23.77747857458805 5.800000000000001
      vertex -47.9 -23.9 5.800000000000001
    endloop
  endfacet
  facet normal 0.9891765099647751 -0.1467304744554013 0
    outer loop
      vertex -47.89398090834025 -23.77747857458805 2.2
      vertex -47.87598160050403 -23.65613709747984 5.800000000000001
      vertex -47.89398090834025 -23.77747857458805 5.800000000000001
    endloop
  endfacet
  facet normal 0.6715589548470204 0.7409511253549572 0
    outer loop
      vertex -47.442991605204554 -24.86626306670342 2.2
      vertex -47.53388347648318 -24.783883476483183 5.800000000000001
      vertex -47.442991605204554 -24.86626306670342 5.800000000000001
    endloop
  endfacet
  facet normal 0.3368898533922165 0.941544065183022 0
    outer loop
      vertex -47.01285584656808 -25.096175419665258 2.2
      vertex -47.12835429045636 -25.054849415639108 5.800000000000001
      vertex -47.01285584656808 -25.096175419665258 5.800000000000001
    endloop
  endfacet
  facet normal 0.5141027441932402 0.857728610000261 0
    outer loop
      vertex -47.2392459210325 -25.002401580435443 2.2
      vertex -47.3444627912745 -24.93933701537818 5.800000000000001
      vertex -47.2392459210325 -25.002401580435443 5.800000000000001
    endloop
  endfacet
  facet normal 0.595699304492425 0.803207531480651 0
    outer loop
      vertex -47.3444627912745 -24.93933701537818 2.2
      vertex -47.442991605204554 -24.86626306670342 5.800000000000001
      vertex -47.3444627912745 -24.93933701537818 5.800000000000001
    endloop
  endfacet
  facet normal 0.42755509343026615 0.9039892931234508 0
    outer loop
      vertex -47.12835429045636 -25.054849415639108 2.2
      vertex -47.2392459210325 -25.002401580435443 5.800000000000001
      vertex -47.12835429045636 -25.054849415639108 5.800000000000001
    endloop
  endfacet
  facet normal 0.8577286100002814 0.5141027441932061 0
    outer loop
      vertex -47.68933701537818 -24.594462791274502 2.2
      vertex -47.75240158043544 -24.489245921032495 5.800000000000001
      vertex -47.68933701537818 -24.594462791274502 5.800000000000001
    endloop
  endfacet
  facet normal 0.7409511253549718 0.6715589548470045 0
    outer loop
      vertex -47.53388347648318 -24.783883476483183 2.2
      vertex -47.61626306670342 -24.692991605204554 5.800000000000001
      vertex -47.53388347648318 -24.783883476483183 5.800000000000001
    endloop
  endfacet
  facet normal 0.8032075314806372 0.5956993044924437 0
    outer loop
      vertex -47.61626306670342 -24.692991605204554 2.2
      vertex -47.68933701537818 -24.594462791274502 5.800000000000001
      vertex -47.61626306670342 -24.692991605204554 5.800000000000001
    endloop
  endfacet
  facet normal 0.9039892931234402 0.4275550934302885 0
    outer loop
      vertex -47.75240158043544 -24.489245921032495 2.2
      vertex -47.804849415639104 -24.37835429045636 5.800000000000001
      vertex -47.75240158043544 -24.489245921032495 5.800000000000001
    endloop
  endfacet
  facet normal 0.9415440651830194 0.33688985339222377 0
    outer loop
      vertex -47.804849415639104 -24.37835429045636 2.2
      vertex -47.84617541966526 -24.262855846568076 5.800000000000001
      vertex -47.804849415639104 -24.37835429045636 5.800000000000001
    endloop
  endfacet
  facet normal 0.24298017990328163 0.9700312531945396 0
    outer loop
      vertex -46.89386290252016 -25.125981600504037 2.2
      vertex -47.01285584656808 -25.096175419665258 5.800000000000001
      vertex -46.89386290252016 -25.125981600504037 5.800000000000001
    endloop
  endfacet
  facet normal 0.146730474455373 0.9891765099647793 0
    outer loop
      vertex -46.77252142541195 -25.143980908340247 2.2
      vertex -46.89386290252016 -25.125981600504037 5.800000000000001
      vertex -46.77252142541195 -25.143980908340247 5.800000000000001
    endloop
  endfacet
  facet normal 0.04906767432740157 0.9987954562051733 0
    outer loop
      vertex -46.65 -25.15 2.2
      vertex -46.77252142541195 -25.143980908340247 5.800000000000001
      vertex -46.65 -25.15 5.800000000000001
    endloop
  endfacet
  facet normal -0.04906767432740157 0.9987954562051733 0
    outer loop
      vertex -46.527478574588045 -25.143980908340247 2.2
      vertex -46.65 -25.15 5.800000000000001
      vertex -46.527478574588045 -25.143980908340247 5.800000000000001
    endloop
  endfacet
  facet normal -0.146730474455373 0.9891765099647793 0
    outer loop
      vertex -46.406137097479835 -25.125981600504037 2.2
      vertex -46.527478574588045 -25.143980908340247 5.800000000000001
      vertex -46.406137097479835 -25.125981600504037 5.800000000000001
    endloop
  endfacet
  facet normal -0.24298017990328163 0.9700312531945396 0
    outer loop
      vertex -46.28714415343192 -25.096175419665258 2.2
      vertex -46.406137097479835 -25.125981600504037 5.800000000000001
      vertex -46.28714415343192 -25.096175419665258 5.800000000000001
    endloop
  endfacet
  facet normal -0.3368898533922165 0.941544065183022 0
    outer loop
      vertex -46.17164570954364 -25.054849415639108 2.2
      vertex -46.28714415343192 -25.096175419665258 5.800000000000001
      vertex -46.17164570954364 -25.054849415639108 5.800000000000001
    endloop
  endfacet
  facet normal 0.9700312531945464 0.24298017990325438 0
    outer loop
      vertex -47.84617541966526 -24.262855846568076 2.2
      vertex -47.87598160050403 -24.14386290252016 5.800000000000001
      vertex -47.84617541966526 -24.262855846568076 5.800000000000001
    endloop
  endfacet
  facet normal 0.9891765099647751 0.1467304744554013 0
    outer loop
      vertex -47.87598160050403 -24.14386290252016 2.2
      vertex -47.89398090834025 -24.02252142541195 5.800000000000001
      vertex -47.87598160050403 -24.14386290252016 5.800000000000001
    endloop
  endfacet
  facet normal 0.9700312531945464 -0.24298017990325438 0
    outer loop
      vertex -47.87598160050403 -23.65613709747984 2.2
      vertex -47.84617541966526 -23.53714415343192 5.800000000000001
      vertex -47.87598160050403 -23.65613709747984 5.800000000000001
    endloop
  endfacet
  facet normal 0.9415440651830194 -0.33688985339222377 0
    outer loop
      vertex -47.84617541966526 -23.53714415343192 2.2
      vertex -47.804849415639104 -23.421645709543636 5.800000000000001
      vertex -47.84617541966526 -23.53714415343192 5.800000000000001
    endloop
  endfacet
  facet normal 0.9039892931234402 -0.4275550934302885 0
    outer loop
      vertex -47.804849415639104 -23.421645709543636 2.2
      vertex -47.75240158043544 -23.310754078967502 5.800000000000001
      vertex -47.804849415639104 -23.421645709543636 5.800000000000001
    endloop
  endfacet
  facet normal 0.8577286100002814 -0.5141027441932061 0
    outer loop
      vertex -47.75240158043544 -23.310754078967502 2.2
      vertex -47.68933701537818 -23.205537208725495 5.800000000000001
      vertex -47.75240158043544 -23.310754078967502 5.800000000000001
    endloop
  endfacet
  facet normal 0.8032075314806372 -0.5956993044924437 0
    outer loop
      vertex -47.68933701537818 -23.205537208725495 2.2
      vertex -47.61626306670342 -23.107008394795443 5.800000000000001
      vertex -47.68933701537818 -23.205537208725495 5.800000000000001
    endloop
  endfacet
  facet normal 0.7409511253549718 -0.6715589548470045 0
    outer loop
      vertex -47.61626306670342 -23.107008394795443 2.2
      vertex -47.53388347648318 -23.016116523516814 5.800000000000001
      vertex -47.61626306670342 -23.107008394795443 5.800000000000001
    endloop
  endfacet
  facet normal 0.6715589548470204 -0.7409511253549572 0
    outer loop
      vertex -47.53388347648318 -23.016116523516814 2.2
      vertex -47.442991605204554 -22.933736933296576 5.800000000000001
      vertex -47.53388347648318 -23.016116523516814 5.800000000000001
    endloop
  endfacet
  facet normal 0.595699304492425 -0.803207531480651 0
    outer loop
      vertex -47.442991605204554 -22.933736933296576 2.2
      vertex -47.3444627912745 -22.86066298462182 5.800000000000001
      vertex -47.442991605204554 -22.933736933296576 5.800000000000001
    endloop
  endfacet
  facet normal 0.5141027441932402 -0.857728610000261 0
    outer loop
      vertex -47.3444627912745 -22.86066298462182 2.2
      vertex -47.2392459210325 -22.797598419564554 5.800000000000001
      vertex -47.3444627912745 -22.86066298462182 5.800000000000001
    endloop
  endfacet
  facet normal 0.42755509343026615 -0.9039892931234508 0
    outer loop
      vertex -47.2392459210325 -22.797598419564554 2.2
      vertex -47.12835429045636 -22.74515058436089 5.800000000000001
      vertex -47.2392459210325 -22.797598419564554 5.800000000000001
    endloop
  endfacet
  facet normal 0.3368898533922165 -0.941544065183022 0
    outer loop
      vertex -47.12835429045636 -22.74515058436089 2.2
      vertex -47.01285584656808 -22.70382458033474 5.800000000000001
      vertex -47.12835429045636 -22.74515058436089 5.800000000000001
    endloop
  endfacet
  facet normal 0.24298017990328163 -0.9700312531945396 0
    outer loop
      vertex -47.01285584656808 -22.70382458033474 2.2
      vertex -46.89386290252016 -22.67401839949596 5.800000000000001
      vertex -47.01285584656808 -22.70382458033474 5.800000000000001
    endloop
  endfacet
  facet normal -0.24298017990328163 -0.9700312531945396 0
    outer loop
      vertex -46.406137097479835 -22.67401839949596 2.2
      vertex -46.28714415343192 -22.70382458033474 5.800000000000001
      vertex -46.406137097479835 -22.67401839949596 5.800000000000001
    endloop
  endfacet
  facet normal -0.3368898533922165 -0.941544065183022 0
    outer loop
      vertex -46.28714415343192 -22.70382458033474 2.2
      vertex -46.17164570954364 -22.74515058436089 5.800000000000001
      vertex -46.28714415343192 -22.70382458033474 5.800000000000001
    endloop
  endfacet
  facet normal -0.42755509343026615 -0.9039892931234508 0
    outer loop
      vertex -46.17164570954364 -22.74515058436089 2.2
      vertex -46.0607540789675 -22.797598419564554 5.800000000000001
      vertex -46.17164570954364 -22.74515058436089 5.800000000000001
    endloop
  endfacet
  facet normal 0.146730474455373 -0.9891765099647793 0
    outer loop
      vertex -46.89386290252016 -22.67401839949596 2.2
      vertex -46.77252142541195 -22.65601909165975 5.800000000000001
      vertex -46.89386290252016 -22.67401839949596 5.800000000000001
    endloop
  endfacet
  facet normal 0.04906767432740157 -0.9987954562051733 0
    outer loop
      vertex -46.77252142541195 -22.65601909165975 2.2
      vertex -46.65 -22.65 5.800000000000001
      vertex -46.77252142541195 -22.65601909165975 5.800000000000001
    endloop
  endfacet
  facet normal -0.04906767432740157 -0.9987954562051733 0
    outer loop
      vertex -46.65 -22.65 2.2
      vertex -46.527478574588045 -22.65601909165975 5.800000000000001
      vertex -46.65 -22.65 5.800000000000001
    endloop
  endfacet
  facet normal -0.146730474455373 -0.9891765099647793 0
    outer loop
      vertex -46.527478574588045 -22.65601909165975 2.2
      vertex -46.406137097479835 -22.67401839949596 5.800000000000001
      vertex -46.527478574588045 -22.65601909165975 5.800000000000001
    endloop
  endfacet
  facet normal -0.42755509343026615 0.9039892931234508 0
    outer loop
      vertex -46.0607540789675 -25.002401580435443 2.2
      vertex -46.17164570954364 -25.054849415639108 5.800000000000001
      vertex -46.0607540789675 -25.002401580435443 5.800000000000001
    endloop
  endfacet
  facet normal -0.5141027441932402 0.857728610000261 0
    outer loop
      vertex -45.955537208725495 -24.93933701537818 2.2
      vertex -46.0607540789675 -25.002401580435443 5.800000000000001
      vertex -45.955537208725495 -24.93933701537818 5.800000000000001
    endloop
  endfacet
  facet normal -0.595699304492425 0.803207531480651 0
    outer loop
      vertex -45.85700839479544 -24.86626306670342 2.2
      vertex -45.955537208725495 -24.93933701537818 5.800000000000001
      vertex -45.85700839479544 -24.86626306670342 5.800000000000001
    endloop
  endfacet
  facet normal -0.6715589548470204 0.7409511253549572 0
    outer loop
      vertex -45.766116523516814 -24.783883476483183 2.2
      vertex -45.85700839479544 -24.86626306670342 5.800000000000001
      vertex -45.766116523516814 -24.783883476483183 5.800000000000001
    endloop
  endfacet
  facet normal -0.7409511253549718 0.6715589548470045 0
    outer loop
      vertex -45.68373693329658 -24.692991605204554 2.2
      vertex -45.766116523516814 -24.783883476483183 5.800000000000001
      vertex -45.68373693329658 -24.692991605204554 5.800000000000001
    endloop
  endfacet
  facet normal -0.8032075314806372 0.5956993044924437 0
    outer loop
      vertex -45.61066298462182 -24.594462791274502 2.2
      vertex -45.68373693329658 -24.692991605204554 5.800000000000001
      vertex -45.61066298462182 -24.594462791274502 5.800000000000001
    endloop
  endfacet
  facet normal -0.8577286100002814 0.5141027441932061 0
    outer loop
      vertex -45.54759841956456 -24.489245921032495 2.2
      vertex -45.61066298462182 -24.594462791274502 5.800000000000001
      vertex -45.54759841956456 -24.489245921032495 5.800000000000001
    endloop
  endfacet
  facet normal -0.9039892931234402 0.4275550934302885 0
    outer loop
      vertex -45.49515058436089 -24.37835429045636 2.2
      vertex -45.54759841956456 -24.489245921032495 5.800000000000001
      vertex -45.49515058436089 -24.37835429045636 5.800000000000001
    endloop
  endfacet
  facet normal -0.9415440651830194 0.33688985339222377 0
    outer loop
      vertex -45.45382458033474 -24.262855846568076 2.2
      vertex -45.49515058436089 -24.37835429045636 5.800000000000001
      vertex -45.45382458033474 -24.262855846568076 5.800000000000001
    endloop
  endfacet
  facet normal -0.9700312531945464 0.24298017990325438 0
    outer loop
      vertex -45.424018399495964 -24.14386290252016 2.2
      vertex -45.45382458033474 -24.262855846568076 5.800000000000001
      vertex -45.424018399495964 -24.14386290252016 5.800000000000001
    endloop
  endfacet
  facet normal -0.9891765099647751 0.1467304744554013 0
    outer loop
      vertex -45.40601909165975 -24.02252142541195 2.2
      vertex -45.424018399495964 -24.14386290252016 5.800000000000001
      vertex -45.40601909165975 -24.02252142541195 5.800000000000001
    endloop
  endfacet
  facet normal -0.9987954562051732 0.04906767432740299 0
    outer loop
      vertex -45.4 -23.9 2.2
      vertex -45.40601909165975 -24.02252142541195 5.800000000000001
      vertex -45.4 -23.9 5.800000000000001
    endloop
  endfacet
  facet normal -0.9987954562051732 -0.04906767432740299 0
    outer loop
      vertex -45.40601909165975 -23.77747857458805 2.2
      vertex -45.4 -23.9 5.800000000000001
      vertex -45.40601909165975 -23.77747857458805 5.800000000000001
    endloop
  endfacet
  facet normal -0.9891765099647751 -0.1467304744554013 0
    outer loop
      vertex -45.424018399495964 -23.65613709747984 2.2
      vertex -45.40601909165975 -23.77747857458805 5.800000000000001
      vertex -45.424018399495964 -23.65613709747984 5.800000000000001
    endloop
  endfacet
  facet normal -0.9700312531945464 -0.24298017990325438 0
    outer loop
      vertex -45.45382458033474 -23.53714415343192 2.2
      vertex -45.424018399495964 -23.65613709747984 5.800000000000001
      vertex -45.45382458033474 -23.53714415343192 5.800000000000001
    endloop
  endfacet
  facet normal -0.9415440651830194 -0.33688985339222377 0
    outer loop
      vertex -45.49515058436089 -23.421645709543636 2.2
      vertex -45.45382458033474 -23.53714415343192 5.800000000000001
      vertex -45.49515058436089 -23.421645709543636 5.800000000000001
    endloop
  endfacet
  facet normal -0.9039892931234402 -0.4275550934302885 0
    outer loop
      vertex -45.54759841956456 -23.310754078967502 2.2
      vertex -45.49515058436089 -23.421645709543636 5.800000000000001
      vertex -45.54759841956456 -23.310754078967502 5.800000000000001
    endloop
  endfacet
  facet normal -0.8577286100002814 -0.5141027441932061 0
    outer loop
      vertex -45.61066298462182 -23.205537208725495 2.2
      vertex -45.54759841956456 -23.310754078967502 5.800000000000001
      vertex -45.61066298462182 -23.205537208725495 5.800000000000001
    endloop
  endfacet
  facet normal -0.6715589548470204 -0.7409511253549572 0
    outer loop
      vertex -45.85700839479544 -22.933736933296576 2.2
      vertex -45.766116523516814 -23.016116523516814 5.800000000000001
      vertex -45.85700839479544 -22.933736933296576 5.800000000000001
    endloop
  endfacet
  facet normal -0.7409511253549718 -0.6715589548470045 0
    outer loop
      vertex -45.766116523516814 -23.016116523516814 2.2
      vertex -45.68373693329658 -23.107008394795443 5.800000000000001
      vertex -45.766116523516814 -23.016116523516814 5.800000000000001
    endloop
  endfacet
  facet normal -0.5141027441932402 -0.857728610000261 0
    outer loop
      vertex -46.0607540789675 -22.797598419564554 2.2
      vertex -45.955537208725495 -22.86066298462182 5.800000000000001
      vertex -46.0607540789675 -22.797598419564554 5.800000000000001
    endloop
  endfacet
  facet normal -0.595699304492425 -0.803207531480651 0
    outer loop
      vertex -45.955537208725495 -22.86066298462182 2.2
      vertex -45.85700839479544 -22.933736933296576 5.800000000000001
      vertex -45.955537208725495 -22.86066298462182 5.800000000000001
    endloop
  endfacet
  facet normal -0.8032075314806372 -0.5956993044924437 0
    outer loop
      vertex -45.68373693329658 -23.107008394795443 2.2
      vertex -45.61066298462182 -23.205537208725495 5.800000000000001
      vertex -45.68373693329658 -23.107008394795443 5.800000000000001
    endloop
  endfacet
  facet normal 0 0 1
    outer loop
      vertex -47.89398090834025 23.77747857458805 2.2
      vertex -47.89398090834025 24.02252142541195 2.2
      vertex -47.9 23.9 2.2
    endloop
  endfacet
  facet normal 0 0 1
    outer loop
      vertex -47.89398090834025 23.77747857458805 2.2
      vertex -47.87598160050403 24.14386290252016 2.2
      vertex -47.89398090834025 24.02252142541195 2.2
    endloop
  endfacet
  facet normal 0 0 1
    outer loop
      vertex -47.68933701537818 23.205537208725495 2.2
      vertex -47.68933701537818 24.594462791274502 2.2
      vertex -47.75240158043544 23.310754078967502 2.2
    endloop
  endfacet
  facet normal 0 0 1
    outer loop
      vertex -47.53388347648318 23.016116523516814 2.2
      vertex -47.53388347648318 24.783883476483183 2.2
      vertex -47.61626306670342 23.107008394795443 2.2
    endloop
  endfacet
  facet normal 0 0 1
    outer loop
      vertex -47.61626306670342 23.107008394795443 2.2
      vertex -47.61626306670342 24.692991605204554 2.2
      vertex -47.68933701537818 23.205537208725495 2.2
    endloop
  endfacet
  facet normal 0 0 1
    outer loop
      vertex -47.442991605204554 22.933736933296576 2.2
      vertex -47.442991605204554 24.86626306670342 2.2
      vertex -47.53388347648318 23.016116523516814 2.2
    endloop
  endfacet
  facet normal 0 0 1
    outer loop
      vertex -47.442991605204554 22.933736933296576 2.2
      vertex -47.3444627912745 22.86066298462182 2.2
      vertex -47.3444627912745 24.93933701537818 2.2
    endloop
  endfacet
  facet normal 0 0 1
    outer loop
      vertex -47.2392459210325 22.797598419564554 2.2
      vertex -47.2392459210325 25.002401580435443 2.2
      vertex -47.3444627912745 22.86066298462182 2.2
    endloop
  endfacet
  facet normal 0 0 1
    outer loop
      vertex -47.2392459210325 22.797598419564554 2.2
      vertex -47.12835429045636 22.74515058436089 2.2
      vertex -47.12835429045636 25.054849415639108 2.2
    endloop
  endfacet
  facet normal 0 0 1
    outer loop
      vertex -47.12835429045636 22.74515058436089 2.2
      vertex -47.01285584656808 22.70382458033474 2.2
      vertex -47.01285584656808 25.096175419665258 2.2
    endloop
  endfacet
  facet normal 0 0 1
    outer loop
      vertex -47.804849415639104 23.421645709543636 2.2
      vertex -47.804849415639104 24.37835429045636 2.2
      vertex -47.84617541966526 23.53714415343192 2.2
    endloop
  endfacet
  facet normal 0 0 1
    outer loop
      vertex -47.84617541966526 23.53714415343192 2.2
      vertex -47.84617541966526 24.262855846568076 2.2
      vertex -47.87598160050403 23.65613709747984 2.2
    endloop
  endfacet
  facet normal 0 0 1
    outer loop
      vertex -47.89398090834025 23.77747857458805 2.2
      vertex -47.87598160050403 23.65613709747984 2.2
      vertex -47.87598160050403 24.14386290252016 2.2
    endloop
  endfacet
  facet normal 0 0 1
    outer loop
      vertex -47.75240158043544 23.310754078967502 2.2
      vertex -47.75240158043544 24.489245921032495 2.2
      vertex -47.804849415639104 23.421645709543636 2.2
    endloop
  endfacet
  facet normal 0 0 1
    outer loop
      vertex -47.87598160050403 23.65613709747984 2.2
      vertex -47.84617541966526 24.262855846568076 2.2
      vertex -47.87598160050403 24.14386290252016 2.2
    endloop
  endfacet
  facet normal 0 0 1
    outer loop
      vertex -47.84617541966526 23.53714415343192 2.2
      vertex -47.804849415639104 24.37835429045636 2.2
      vertex -47.84617541966526 24.262855846568076 2.2
    endloop
  endfacet
  facet normal 0 0 1
    outer loop
      vertex -47.804849415639104 23.421645709543636 2.2
      vertex -47.75240158043544 24.489245921032495 2.2
      vertex -47.804849415639104 24.37835429045636 2.2
    endloop
  endfacet
  facet normal 0 0 1
    outer loop
      vertex -47.75240158043544 23.310754078967502 2.2
      vertex -47.68933701537818 24.594462791274502 2.2
      vertex -47.75240158043544 24.489245921032495 2.2
    endloop
  endfacet
  facet normal 0 0 1
    outer loop
      vertex -47.68933701537818 23.205537208725495 2.2
      vertex -47.61626306670342 24.692991605204554 2.2
      vertex -47.68933701537818 24.594462791274502 2.2
    endloop
  endfacet
  facet normal 0 0 1
    outer loop
      vertex -47.61626306670342 23.107008394795443 2.2
      vertex -47.53388347648318 24.783883476483183 2.2
      vertex -47.61626306670342 24.692991605204554 2.2
    endloop
  endfacet
  facet normal 0 0 1
    outer loop
      vertex -47.53388347648318 23.016116523516814 2.2
      vertex -47.442991605204554 24.86626306670342 2.2
      vertex -47.53388347648318 24.783883476483183 2.2
    endloop
  endfacet
  facet normal 0 0 1
    outer loop
      vertex -47.442991605204554 22.933736933296576 2.2
      vertex -47.3444627912745 24.93933701537818 2.2
      vertex -47.442991605204554 24.86626306670342 2.2
    endloop
  endfacet
  facet normal 0 0 1
    outer loop
      vertex -47.01285584656808 22.70382458033474 2.2
      vertex -46.89386290252016 22.67401839949596 2.2
      vertex -46.89386290252016 25.125981600504037 2.2
    endloop
  endfacet
  facet normal 0 0 1
    outer loop
      vertex -46.89386290252016 22.67401839949596 2.2
      vertex -46.77252142541195 22.65601909165975 2.2
      vertex -46.77252142541195 25.143980908340247 2.2
    endloop
  endfacet
  facet normal 0 0 1
    outer loop
      vertex -46.77252142541195 22.65601909165975 2.2
      vertex -46.65 22.65 2.2
      vertex -46.65 25.15 2.2
    endloop
  endfacet
  facet normal 0 0 1
    outer loop
      vertex -46.65 22.65 2.2
      vertex -46.527478574588045 22.65601909165975 2.2
      vertex -46.527478574588045 25.143980908340247 2.2
    endloop
  endfacet
  facet normal 0 0 1
    outer loop
      vertex -46.527478574588045 22.65601909165975 2.2
      vertex -46.406137097479835 22.67401839949596 2.2
      vertex -46.406137097479835 25.125981600504037 2.2
    endloop
  endfacet
  facet normal 0 0 1
    outer loop
      vertex -46.406137097479835 22.67401839949596 2.2
      vertex -46.28714415343192 22.70382458033474 2.2
      vertex -46.28714415343192 25.096175419665258 2.2
    endloop
  endfacet
  facet normal 0 0 1
    outer loop
      vertex -46.28714415343192 22.70382458033474 2.2
      vertex -46.17164570954364 22.74515058436089 2.2
      vertex -46.17164570954364 25.054849415639108 2.2
    endloop
  endfacet
  facet normal 0 0 1
    outer loop
      vertex -47.3444627912745 22.86066298462182 2.2
      vertex -47.2392459210325 25.002401580435443 2.2
      vertex -47.3444627912745 24.93933701537818 2.2
    endloop
  endfacet
  facet normal 0 0 1
    outer loop
      vertex -47.2392459210325 22.797598419564554 2.2
      vertex -47.12835429045636 25.054849415639108 2.2
      vertex -47.2392459210325 25.002401580435443 2.2
    endloop
  endfacet
  facet normal 0 0 1
    outer loop
      vertex -47.12835429045636 22.74515058436089 2.2
      vertex -47.01285584656808 25.096175419665258 2.2
      vertex -47.12835429045636 25.054849415639108 2.2
    endloop
  endfacet
  facet normal 0 0 1
    outer loop
      vertex -47.01285584656808 22.70382458033474 2.2
      vertex -46.89386290252016 25.125981600504037 2.2
      vertex -47.01285584656808 25.096175419665258 2.2
    endloop
  endfacet
  facet normal 0 0 1
    outer loop
      vertex -46.89386290252016 22.67401839949596 2.2
      vertex -46.77252142541195 25.143980908340247 2.2
      vertex -46.89386290252016 25.125981600504037 2.2
    endloop
  endfacet
  facet normal 0 0 1
    outer loop
      vertex -46.77252142541195 22.65601909165975 2.2
      vertex -46.65 25.15 2.2
      vertex -46.77252142541195 25.143980908340247 2.2
    endloop
  endfacet
  facet normal 0 0 1
    outer loop
      vertex -46.65 22.65 2.2
      vertex -46.527478574588045 25.143980908340247 2.2
      vertex -46.65 25.15 2.2
    endloop
  endfacet
  facet normal 0 0 1
    outer loop
      vertex -46.527478574588045 22.65601909165975 2.2
      vertex -46.406137097479835 25.125981600504037 2.2
      vertex -46.527478574588045 25.143980908340247 2.2
    endloop
  endfacet
  facet normal 0 0 1
    outer loop
      vertex -46.406137097479835 22.67401839949596 2.2
      vertex -46.28714415343192 25.096175419665258 2.2
      vertex -46.406137097479835 25.125981600504037 2.2
    endloop
  endfacet
  facet normal 0 0 1
    outer loop
      vertex -46.28714415343192 22.70382458033474 2.2
      vertex -46.17164570954364 25.054849415639108 2.2
      vertex -46.28714415343192 25.096175419665258 2.2
    endloop
  endfacet
  facet normal 0 0 1
    outer loop
      vertex -46.17164570954364 22.74515058436089 2.2
      vertex -46.0607540789675 25.002401580435443 2.2
      vertex -46.17164570954364 25.054849415639108 2.2
    endloop
  endfacet
  facet normal 0 0 1
    outer loop
      vertex -46.17164570954364 22.74515058436089 2.2
      vertex -46.0607540789675 22.797598419564554 2.2
      vertex -46.0607540789675 25.002401580435443 2.2
    endloop
  endfacet
  facet normal 0 0 1
    outer loop
      vertex -46.0607540789675 22.797598419564554 2.2
      vertex -45.955537208725495 22.86066298462182 2.2
      vertex -45.955537208725495 24.93933701537818 2.2
    endloop
  endfacet
  facet normal 0 0 1
    outer loop
      vertex -45.955537208725495 22.86066298462182 2.2
      vertex -45.85700839479544 22.933736933296576 2.2
      vertex -45.85700839479544 24.86626306670342 2.2
    endloop
  endfacet
  facet normal 0 0 1
    outer loop
      vertex -45.85700839479544 22.933736933296576 2.2
      vertex -45.766116523516814 23.016116523516814 2.2
      vertex -45.766116523516814 24.783883476483183 2.2
    endloop
  endfacet
  facet normal 0 0 1
    outer loop
      vertex -45.766116523516814 23.016116523516814 2.2
      vertex -45.68373693329658 23.107008394795443 2.2
      vertex -45.68373693329658 24.692991605204554 2.2
    endloop
  endfacet
  facet normal 0 0 1
    outer loop
      vertex -45.68373693329658 23.107008394795443 2.2
      vertex -45.61066298462182 23.205537208725495 2.2
      vertex -45.61066298462182 24.594462791274502 2.2
    endloop
  endfacet
  facet normal 0 0 1
    outer loop
      vertex -45.61066298462182 23.205537208725495 2.2
      vertex -45.54759841956456 23.310754078967502 2.2
      vertex -45.54759841956456 24.489245921032495 2.2
    endloop
  endfacet
  facet normal 0 0 1
    outer loop
      vertex -45.54759841956456 23.310754078967502 2.2
      vertex -45.49515058436089 23.421645709543636 2.2
      vertex -45.49515058436089 24.37835429045636 2.2
    endloop
  endfacet
  facet normal 0 0 1
    outer loop
      vertex -46.0607540789675 22.797598419564554 2.2
      vertex -45.955537208725495 24.93933701537818 2.2
      vertex -46.0607540789675 25.002401580435443 2.2
    endloop
  endfacet
  facet normal 0 0 1
    outer loop
      vertex -45.955537208725495 22.86066298462182 2.2
      vertex -45.85700839479544 24.86626306670342 2.2
      vertex -45.955537208725495 24.93933701537818 2.2
    endloop
  endfacet
  facet normal 0 0 1
    outer loop
      vertex -45.85700839479544 22.933736933296576 2.2
      vertex -45.766116523516814 24.783883476483183 2.2
      vertex -45.85700839479544 24.86626306670342 2.2
    endloop
  endfacet
  facet normal 0 0 1
    outer loop
      vertex -45.766116523516814 23.016116523516814 2.2
      vertex -45.68373693329658 24.692991605204554 2.2
      vertex -45.766116523516814 24.783883476483183 2.2
    endloop
  endfacet
  facet normal 0 0 1
    outer loop
      vertex -45.49515058436089 23.421645709543636 2.2
      vertex -45.45382458033474 23.53714415343192 2.2
      vertex -45.45382458033474 24.262855846568076 2.2
    endloop
  endfacet
  facet normal 0 0 1
    outer loop
      vertex -45.45382458033474 23.53714415343192 2.2
      vertex -45.424018399495964 23.65613709747984 2.2
      vertex -45.424018399495964 24.14386290252016 2.2
    endloop
  endfacet
  facet normal 0 0 1
    outer loop
      vertex -45.424018399495964 23.65613709747984 2.2
      vertex -45.40601909165975 23.77747857458805 2.2
      vertex -45.40601909165975 24.02252142541195 2.2
    endloop
  endfacet
  facet normal 0 0 1
    outer loop
      vertex -45.40601909165975 23.77747857458805 2.2
      vertex -45.4 23.9 2.2
      vertex -45.40601909165975 24.02252142541195 2.2
    endloop
  endfacet
  facet normal 0 0 1
    outer loop
      vertex -45.424018399495964 23.65613709747984 2.2
      vertex -45.40601909165975 24.02252142541195 2.2
      vertex -45.424018399495964 24.14386290252016 2.2
    endloop
  endfacet
  facet normal 0 0 1
    outer loop
      vertex -45.45382458033474 23.53714415343192 2.2
      vertex -45.424018399495964 24.14386290252016 2.2
      vertex -45.45382458033474 24.262855846568076 2.2
    endloop
  endfacet
  facet normal 0 0 1
    outer loop
      vertex -45.61066298462182 23.205537208725495 2.2
      vertex -45.54759841956456 24.489245921032495 2.2
      vertex -45.61066298462182 24.594462791274502 2.2
    endloop
  endfacet
  facet normal 0 0 1
    outer loop
      vertex -45.54759841956456 23.310754078967502 2.2
      vertex -45.49515058436089 24.37835429045636 2.2
      vertex -45.54759841956456 24.489245921032495 2.2
    endloop
  endfacet
  facet normal 0 0 1
    outer loop
      vertex -45.49515058436089 23.421645709543636 2.2
      vertex -45.45382458033474 24.262855846568076 2.2
      vertex -45.49515058436089 24.37835429045636 2.2
    endloop
  endfacet
  facet normal 0 0 1
    outer loop
      vertex -45.68373693329658 23.107008394795443 2.2
      vertex -45.61066298462182 24.594462791274502 2.2
      vertex -45.68373693329658 24.692991605204554 2.2
    endloop
  endfacet
  facet normal 0.8032075314806372 0.5956993044924437 -3.4017277734095894e-19
    outer loop
      vertex -47.61626306670342 23.107008394795443 2.2
      vertex -47.68933701537818 23.205537208725495 2.2
      vertex -47.68933701537818 23.205537208725495 5.800000000000001
    endloop
  endfacet
  facet normal 0.6715589548470204 0.7409511253549572 3.8146980771509423e-19
    outer loop
      vertex -47.442991605204554 22.933736933296576 2.2
      vertex -47.53388347648318 23.016116523516814 2.2
      vertex -47.53388347648318 23.016116523516814 5.800000000000001
    endloop
  endfacet
  facet normal 0.7409511253549718 0.6715589548470045 9.571551129995355e-19
    outer loop
      vertex -47.53388347648318 23.016116523516814 2.2
      vertex -47.61626306670342 23.107008394795443 2.2
      vertex -47.61626306670342 23.107008394795443 5.800000000000001
    endloop
  endfacet
  facet normal 0.595699304492425 0.803207531480651 0
    outer loop
      vertex -47.442991605204554 22.933736933296576 2.2
      vertex -47.442991605204554 22.933736933296576 5.800000000000001
      vertex -47.3444627912745 22.86066298462182 2.2
    endloop
  endfacet
  facet normal 0.5141027441932402 0.857728610000261 -7.522596664730008e-19
    outer loop
      vertex -47.2392459210325 22.797598419564554 2.2
      vertex -47.3444627912745 22.86066298462182 2.2
      vertex -47.3444627912745 22.86066298462182 5.800000000000001
    endloop
  endfacet
  facet normal 0.42755509343026615 0.9039892931234508 0
    outer loop
      vertex -47.2392459210325 22.797598419564554 2.2
      vertex -47.2392459210325 22.797598419564554 5.800000000000001
      vertex -47.12835429045636 22.74515058436089 2.2
    endloop
  endfacet
  facet normal 0.3368898533922165 0.941544065183022 0
    outer loop
      vertex -47.12835429045636 22.74515058436089 2.2
      vertex -47.12835429045636 22.74515058436089 5.800000000000001
      vertex -47.01285584656808 22.70382458033474 2.2
    endloop
  endfacet
  facet normal 0.146730474455373 0.9891765099647793 0
    outer loop
      vertex -46.89386290252016 22.67401839949596 2.2
      vertex -46.89386290252016 22.67401839949596 5.800000000000001
      vertex -46.77252142541195 22.65601909165975 2.2
    endloop
  endfacet
  facet normal 0.04906767432740157 0.9987954562051733 0
    outer loop
      vertex -46.77252142541195 22.65601909165975 2.2
      vertex -46.77252142541195 22.65601909165975 5.800000000000001
      vertex -46.65 22.65 2.2
    endloop
  endfacet
  facet normal -0.04906767432740157 0.9987954562051733 0
    outer loop
      vertex -46.65 22.65 2.2
      vertex -46.65 22.65 5.800000000000001
      vertex -46.527478574588045 22.65601909165975 2.2
    endloop
  endfacet
  facet normal -0.146730474455373 0.9891765099647793 0
    outer loop
      vertex -46.527478574588045 22.65601909165975 2.2
      vertex -46.527478574588045 22.65601909165975 5.800000000000001
      vertex -46.406137097479835 22.67401839949596 2.2
    endloop
  endfacet
  facet normal 0.24298017990328163 0.9700312531945396 0
    outer loop
      vertex -47.01285584656808 22.70382458033474 2.2
      vertex -47.01285584656808 22.70382458033474 5.800000000000001
      vertex -46.89386290252016 22.67401839949596 2.2
    endloop
  endfacet
  facet normal -0.24298017990328163 0.9700312531945396 0
    outer loop
      vertex -46.406137097479835 22.67401839949596 2.2
      vertex -46.406137097479835 22.67401839949596 5.800000000000001
      vertex -46.28714415343192 22.70382458033474 2.2
    endloop
  endfacet
  facet normal -0.3368898533922165 0.941544065183022 0
    outer loop
      vertex -46.28714415343192 22.70382458033474 2.2
      vertex -46.28714415343192 22.70382458033474 5.800000000000001
      vertex -46.17164570954364 22.74515058436089 2.2
    endloop
  endfacet
  facet normal -0.42755509343026615 0.9039892931234508 0
    outer loop
      vertex -46.17164570954364 22.74515058436089 2.2
      vertex -46.17164570954364 22.74515058436089 5.800000000000001
      vertex -46.0607540789675 22.797598419564554 2.2
    endloop
  endfacet
  facet normal 0.9891765099647751 0.1467304744554013 0
    outer loop
      vertex -47.89398090834025 23.77747857458805 2.2
      vertex -47.89398090834025 23.77747857458805 5.800000000000001
      vertex -47.87598160050403 23.65613709747984 2.2
    endloop
  endfacet
  facet normal 0.9987954562051732 0.04906767432740299 9.181809173733996e-20
    outer loop
      vertex -47.89398090834025 23.77747857458805 2.2
      vertex -47.9 23.9 2.2
      vertex -47.9 23.9 5.800000000000001
    endloop
  endfacet
  facet normal 0.9987954562051732 -0.04906767432740299 -9.181809173733996e-20
    outer loop
      vertex -47.9 23.9 2.2
      vertex -47.89398090834025 24.02252142541195 2.2
      vertex -47.89398090834025 24.02252142541195 5.800000000000001
    endloop
  endfacet
  facet normal 0.8577286100002814 0.5141027441932061 5.358757655303264e-19
    outer loop
      vertex -47.68933701537818 23.205537208725495 2.2
      vertex -47.75240158043544 23.310754078967502 2.2
      vertex -47.75240158043544 23.310754078967502 5.800000000000001
    endloop
  endfacet
  facet normal 0.9039892931234402 0.4275550934302885 3.124474034015975e-20
    outer loop
      vertex -47.75240158043544 23.310754078967502 2.2
      vertex -47.804849415639104 23.421645709543636 2.2
      vertex -47.804849415639104 23.421645709543636 5.800000000000001
    endloop
  endfacet
  facet normal 0.9415440651830194 0.33688985339222377 -2.229493449846298e-19
    outer loop
      vertex -47.804849415639104 23.421645709543636 2.2
      vertex -47.84617541966526 23.53714415343192 2.2
      vertex -47.84617541966526 23.53714415343192 5.800000000000001
    endloop
  endfacet
  facet normal 0.9700312531945464 0.24298017990325438 4.565169101134213e-19
    outer loop
      vertex -47.84617541966526 23.53714415343192 2.2
      vertex -47.87598160050403 23.65613709747984 2.2
      vertex -47.87598160050403 23.65613709747984 5.800000000000001
    endloop
  endfacet
  facet normal 0.9891765099647751 -0.1467304744554013 1.409366272287956e-19
    outer loop
      vertex -47.89398090834025 24.02252142541195 2.2
      vertex -47.87598160050403 24.14386290252016 2.2
      vertex -47.87598160050403 24.14386290252016 5.800000000000001
    endloop
  endfacet
  facet normal 0.9700312531945464 -0.24298017990325438 -4.565169101134213e-19
    outer loop
      vertex -47.87598160050403 24.14386290252016 2.2
      vertex -47.84617541966526 24.262855846568076 2.2
      vertex -47.84617541966526 24.262855846568076 5.800000000000001
    endloop
  endfacet
  facet normal 0.9415440651830194 -0.33688985339222377 2.229493449846298e-19
    outer loop
      vertex -47.84617541966526 24.262855846568076 2.2
      vertex -47.804849415639104 24.37835429045636 2.2
      vertex -47.804849415639104 24.37835429045636 5.800000000000001
    endloop
  endfacet
  facet normal 0.9039892931234402 -0.4275550934302885 -3.124474034015975e-20
    outer loop
      vertex -47.804849415639104 24.37835429045636 2.2
      vertex -47.75240158043544 24.489245921032495 2.2
      vertex -47.75240158043544 24.489245921032495 5.800000000000001
    endloop
  endfacet
  facet normal 0.8577286100002814 -0.5141027441932061 -5.358757655303264e-19
    outer loop
      vertex -47.75240158043544 24.489245921032495 2.2
      vertex -47.68933701537818 24.594462791274502 2.2
      vertex -47.68933701537818 24.594462791274502 5.800000000000001
    endloop
  endfacet
  facet normal 0.8032075314806372 -0.5956993044924437 3.4017277734095894e-19
    outer loop
      vertex -47.68933701537818 24.594462791274502 2.2
      vertex -47.61626306670342 24.692991605204554 2.2
      vertex -47.61626306670342 24.692991605204554 5.800000000000001
    endloop
  endfacet
  facet normal 0.7409511253549718 -0.6715589548470045 -9.571551129995355e-19
    outer loop
      vertex -47.61626306670342 24.692991605204554 2.2
      vertex -47.53388347648318 24.783883476483183 2.2
      vertex -47.53388347648318 24.783883476483183 5.800000000000001
    endloop
  endfacet
  facet normal 0.6715589548470204 -0.7409511253549572 -3.8146980771509423e-19
    outer loop
      vertex -47.53388347648318 24.783883476483183 2.2
      vertex -47.442991605204554 24.86626306670342 2.2
      vertex -47.442991605204554 24.86626306670342 5.800000000000001
    endloop
  endfacet
  facet normal 0.595699304492425 -0.803207531480651 -7.872601287508726e-19
    outer loop
      vertex -47.442991605204554 24.86626306670342 2.2
      vertex -47.3444627912745 24.93933701537818 2.2
      vertex -47.3444627912745 24.93933701537818 5.800000000000001
    endloop
  endfacet
  facet normal 0.5141027441932402 -0.857728610000261 7.522596664730008e-19
    outer loop
      vertex -47.3444627912745 24.93933701537818 2.2
      vertex -47.2392459210325 25.002401580435443 2.2
      vertex -47.2392459210325 25.002401580435443 5.800000000000001
    endloop
  endfacet
  facet normal 0.42755509343026615 -0.9039892931234508 -7.134414005220896e-19
    outer loop
      vertex -47.2392459210325 25.002401580435443 2.2
      vertex -47.12835429045636 25.054849415639108 2.2
      vertex -47.12835429045636 25.054849415639108 5.800000000000001
    endloop
  endfacet
  facet normal 0.3368898533922165 -0.941544065183022 9.609554224978724e-19
    outer loop
      vertex -47.12835429045636 25.054849415639108 2.2
      vertex -47.01285584656808 25.096175419665258 2.2
      vertex -47.01285584656808 25.096175419665258 5.800000000000001
    endloop
  endfacet
  facet normal 0.24298017990328163 -0.9700312531945396 3.1949432589746333e-19
    outer loop
      vertex -47.01285584656808 25.096175419665258 2.2
      vertex -46.89386290252016 25.125981600504037 2.2
      vertex -46.89386290252016 25.125981600504037 5.800000000000001
    endloop
  endfacet
  facet normal 0.146730474455373 -0.9891765099647793 1.1208362384903202e-19
    outer loop
      vertex -46.89386290252016 25.125981600504037 2.2
      vertex -46.77252142541195 25.143980908340247 2.2
      vertex -46.77252142541195 25.143980908340247 5.800000000000001
    endloop
  endfacet
  facet normal 0.04906767432740157 -0.9987954562051733 -3.446764906881978e-20
    outer loop
      vertex -46.77252142541195 25.143980908340247 2.2
      vertex -46.65 25.15 2.2
      vertex -46.65 25.15 5.800000000000001
    endloop
  endfacet
  facet normal -0.04906767432740157 -0.9987954562051733 3.446764906881978e-20
    outer loop
      vertex -46.65 25.15 2.2
      vertex -46.527478574588045 25.143980908340247 2.2
      vertex -46.527478574588045 25.143980908340247 5.800000000000001
    endloop
  endfacet
  facet normal -0.146730474455373 -0.9891765099647793 -1.1208362384903202e-19
    outer loop
      vertex -46.527478574588045 25.143980908340247 2.2
      vertex -46.406137097479835 25.125981600504037 2.2
      vertex -46.406137097479835 25.125981600504037 5.800000000000001
    endloop
  endfacet
  facet normal -0.24298017990328163 -0.9700312531945396 -3.1949432589746333e-19
    outer loop
      vertex -46.406137097479835 25.125981600504037 2.2
      vertex -46.28714415343192 25.096175419665258 2.2
      vertex -46.28714415343192 25.096175419665258 5.800000000000001
    endloop
  endfacet
  facet normal -0.3368898533922165 -0.941544065183022 -9.609554224978724e-19
    outer loop
      vertex -46.28714415343192 25.096175419665258 2.2
      vertex -46.17164570954364 25.054849415639108 2.2
      vertex -46.17164570954364 25.054849415639108 5.800000000000001
    endloop
  endfacet
  facet normal -0.5141027441932402 0.857728610000261 0
    outer loop
      vertex -46.0607540789675 22.797598419564554 2.2
      vertex -46.0607540789675 22.797598419564554 5.800000000000001
      vertex -45.955537208725495 22.86066298462182 2.2
    endloop
  endfacet
  facet normal -0.595699304492425 0.803207531480651 0
    outer loop
      vertex -45.955537208725495 22.86066298462182 2.2
      vertex -45.955537208725495 22.86066298462182 5.800000000000001
      vertex -45.85700839479544 22.933736933296576 2.2
    endloop
  endfacet
  facet normal -0.6715589548470204 0.7409511253549572 0
    outer loop
      vertex -45.85700839479544 22.933736933296576 2.2
      vertex -45.85700839479544 22.933736933296576 5.800000000000001
      vertex -45.766116523516814 23.016116523516814 2.2
    endloop
  endfacet
  facet normal -0.7409511253549718 0.6715589548470045 0
    outer loop
      vertex -45.766116523516814 23.016116523516814 2.2
      vertex -45.766116523516814 23.016116523516814 5.800000000000001
      vertex -45.68373693329658 23.107008394795443 2.2
    endloop
  endfacet
  facet normal -0.8032075314806372 0.5956993044924437 0
    outer loop
      vertex -45.68373693329658 23.107008394795443 2.2
      vertex -45.68373693329658 23.107008394795443 5.800000000000001
      vertex -45.61066298462182 23.205537208725495 2.2
    endloop
  endfacet
  facet normal -0.8577286100002814 0.5141027441932061 0
    outer loop
      vertex -45.61066298462182 23.205537208725495 2.2
      vertex -45.61066298462182 23.205537208725495 5.800000000000001
      vertex -45.54759841956456 23.310754078967502 2.2
    endloop
  endfacet
  facet normal -0.9039892931234402 0.4275550934302885 0
    outer loop
      vertex -45.54759841956456 23.310754078967502 2.2
      vertex -45.54759841956456 23.310754078967502 5.800000000000001
      vertex -45.49515058436089 23.421645709543636 2.2
    endloop
  endfacet
  facet normal -0.9415440651830194 0.33688985339222377 0
    outer loop
      vertex -45.49515058436089 23.421645709543636 2.2
      vertex -45.49515058436089 23.421645709543636 5.800000000000001
      vertex -45.45382458033474 23.53714415343192 2.2
    endloop
  endfacet
  facet normal -0.9700312531945464 0.24298017990325438 0
    outer loop
      vertex -45.45382458033474 23.53714415343192 2.2
      vertex -45.45382458033474 23.53714415343192 5.800000000000001
      vertex -45.424018399495964 23.65613709747984 2.2
    endloop
  endfacet
  facet normal -0.9891765099647751 0.1467304744554013 0
    outer loop
      vertex -45.424018399495964 23.65613709747984 2.2
      vertex -45.424018399495964 23.65613709747984 5.800000000000001
      vertex -45.40601909165975 23.77747857458805 2.2
    endloop
  endfacet
  facet normal -0.9987954562051732 0.04906767432740299 0
    outer loop
      vertex -45.40601909165975 23.77747857458805 2.2
      vertex -45.40601909165975 23.77747857458805 5.800000000000001
      vertex -45.4 23.9 2.2
    endloop
  endfacet
  facet normal -0.9987954562051732 -0.04906767432740299 0
    outer loop
      vertex -45.4 23.9 2.2
      vertex -45.4 23.9 5.800000000000001
      vertex -45.40601909165975 24.02252142541195 2.2
    endloop
  endfacet
  facet normal -0.9891765099647751 -0.1467304744554013 0
    outer loop
      vertex -45.40601909165975 24.02252142541195 2.2
      vertex -45.40601909165975 24.02252142541195 5.800000000000001
      vertex -45.424018399495964 24.14386290252016 2.2
    endloop
  endfacet
  facet normal -0.9700312531945464 -0.24298017990325438 0
    outer loop
      vertex -45.424018399495964 24.14386290252016 2.2
      vertex -45.424018399495964 24.14386290252016 5.800000000000001
      vertex -45.45382458033474 24.262855846568076 2.2
    endloop
  endfacet
  facet normal -0.7409511253549718 -0.6715589548470045 0
    outer loop
      vertex -45.68373693329658 24.692991605204554 2.2
      vertex -45.68373693329658 24.692991605204554 5.800000000000001
      vertex -45.766116523516814 24.783883476483183 2.2
    endloop
  endfacet
  facet normal -0.9415440651830194 -0.33688985339222377 0
    outer loop
      vertex -45.45382458033474 24.262855846568076 2.2
      vertex -45.45382458033474 24.262855846568076 5.800000000000001
      vertex -45.49515058436089 24.37835429045636 2.2
    endloop
  endfacet
  facet normal -0.9039892931234402 -0.4275550934302885 0
    outer loop
      vertex -45.49515058436089 24.37835429045636 2.2
      vertex -45.49515058436089 24.37835429045636 5.800000000000001
      vertex -45.54759841956456 24.489245921032495 2.2
    endloop
  endfacet
  facet normal -0.8577286100002814 -0.5141027441932061 0
    outer loop
      vertex -45.54759841956456 24.489245921032495 2.2
      vertex -45.54759841956456 24.489245921032495 5.800000000000001
      vertex -45.61066298462182 24.594462791274502 2.2
    endloop
  endfacet
  facet normal -0.8032075314806372 -0.5956993044924437 -3.4017277734095894e-19
    outer loop
      vertex -45.68373693329658 24.692991605204554 2.2
      vertex -45.61066298462182 24.594462791274502 2.2
      vertex -45.61066298462182 24.594462791274502 5.800000000000001
    endloop
  endfacet
  facet normal -0.595699304492425 -0.803207531480651 7.872601287508726e-19
    outer loop
      vertex -45.955537208725495 24.93933701537818 2.2
      vertex -45.85700839479544 24.86626306670342 2.2
      vertex -45.85700839479544 24.86626306670342 5.800000000000001
    endloop
  endfacet
  facet normal -0.42755509343026615 -0.9039892931234508 7.134414005220896e-19
    outer loop
      vertex -46.17164570954364 25.054849415639108 2.2
      vertex -46.0607540789675 25.002401580435443 2.2
      vertex -46.0607540789675 25.002401580435443 5.800000000000001
    endloop
  endfacet
  facet normal -0.5141027441932402 -0.857728610000261 -7.522596664730008e-19
    outer loop
      vertex -46.0607540789675 25.002401580435443 2.2
      vertex -45.955537208725495 24.93933701537818 2.2
      vertex -45.955537208725495 24.93933701537818 5.800000000000001
    endloop
  endfacet
  facet normal -0.6715589548470204 -0.7409511253549572 0
    outer loop
      vertex -45.766116523516814 24.783883476483183 2.2
      vertex -45.766116523516814 24.783883476483183 5.800000000000001
      vertex -45.85700839479544 24.86626306670342 2.2
    endloop
  endfacet
  facet normal 0.7409511253549718 0.6715589548470045 0
    outer loop
      vertex -47.53388347648318 23.016116523516814 2.2
      vertex -47.61626306670342 23.107008394795443 5.800000000000001
      vertex -47.53388347648318 23.016116523516814 5.800000000000001
    endloop
  endfacet
  facet normal 0.6715589548470204 0.7409511253549572 0
    outer loop
      vertex -47.442991605204554 22.933736933296576 2.2
      vertex -47.53388347648318 23.016116523516814 5.800000000000001
      vertex -47.442991605204554 22.933736933296576 5.800000000000001
    endloop
  endfacet
  facet normal 0.8032075314806372 0.5956993044924437 0
    outer loop
      vertex -47.61626306670342 23.107008394795443 2.2
      vertex -47.68933701537818 23.205537208725495 5.800000000000001
      vertex -47.61626306670342 23.107008394795443 5.800000000000001
    endloop
  endfacet
  facet normal 0.595699304492425 0.803207531480651 0
    outer loop
      vertex -47.3444627912745 22.86066298462182 2.2
      vertex -47.442991605204554 22.933736933296576 5.800000000000001
      vertex -47.3444627912745 22.86066298462182 5.800000000000001
    endloop
  endfacet
  facet normal 0.5141027441932402 0.857728610000261 0
    outer loop
      vertex -47.2392459210325 22.797598419564554 2.2
      vertex -47.3444627912745 22.86066298462182 5.800000000000001
      vertex -47.2392459210325 22.797598419564554 5.800000000000001
    endloop
  endfacet
  facet normal 0.42755509343026615 0.9039892931234508 0
    outer loop
      vertex -47.12835429045636 22.74515058436089 2.2
      vertex -47.2392459210325 22.797598419564554 5.800000000000001
      vertex -47.12835429045636 22.74515058436089 5.800000000000001
    endloop
  endfacet
  facet normal 0.3368898533922165 0.941544065183022 0
    outer loop
      vertex -47.01285584656808 22.70382458033474 2.2
      vertex -47.12835429045636 22.74515058436089 5.800000000000001
      vertex -47.01285584656808 22.70382458033474 5.800000000000001
    endloop
  endfacet
  facet normal 0.146730474455373 0.9891765099647793 0
    outer loop
      vertex -46.77252142541195 22.65601909165975 2.2
      vertex -46.89386290252016 22.67401839949596 5.800000000000001
      vertex -46.77252142541195 22.65601909165975 5.800000000000001
    endloop
  endfacet
  facet normal 0.04906767432740157 0.9987954562051733 0
    outer loop
      vertex -46.65 22.65 2.2
      vertex -46.77252142541195 22.65601909165975 5.800000000000001
      vertex -46.65 22.65 5.800000000000001
    endloop
  endfacet
  facet normal -0.04906767432740157 0.9987954562051733 0
    outer loop
      vertex -46.527478574588045 22.65601909165975 2.2
      vertex -46.65 22.65 5.800000000000001
      vertex -46.527478574588045 22.65601909165975 5.800000000000001
    endloop
  endfacet
  facet normal -0.146730474455373 0.9891765099647793 0
    outer loop
      vertex -46.406137097479835 22.67401839949596 2.2
      vertex -46.527478574588045 22.65601909165975 5.800000000000001
      vertex -46.406137097479835 22.67401839949596 5.800000000000001
    endloop
  endfacet
  facet normal 0.24298017990328163 0.9700312531945396 0
    outer loop
      vertex -46.89386290252016 22.67401839949596 2.2
      vertex -47.01285584656808 22.70382458033474 5.800000000000001
      vertex -46.89386290252016 22.67401839949596 5.800000000000001
    endloop
  endfacet
  facet normal -0.24298017990328163 0.9700312531945396 0
    outer loop
      vertex -46.28714415343192 22.70382458033474 2.2
      vertex -46.406137097479835 22.67401839949596 5.800000000000001
      vertex -46.28714415343192 22.70382458033474 5.800000000000001
    endloop
  endfacet
  facet normal -0.3368898533922165 0.941544065183022 0
    outer loop
      vertex -46.17164570954364 22.74515058436089 2.2
      vertex -46.28714415343192 22.70382458033474 5.800000000000001
      vertex -46.17164570954364 22.74515058436089 5.800000000000001
    endloop
  endfacet
  facet normal 0.9987954562051732 0.04906767432740299 0
    outer loop
      vertex -47.89398090834025 23.77747857458805 2.2
      vertex -47.9 23.9 5.800000000000001
      vertex -47.89398090834025 23.77747857458805 5.800000000000001
    endloop
  endfacet
  facet normal 0.9987954562051732 -0.04906767432740299 0
    outer loop
      vertex -47.9 23.9 2.2
      vertex -47.89398090834025 24.02252142541195 5.800000000000001
      vertex -47.9 23.9 5.800000000000001
    endloop
  endfacet
  facet normal 0.9891765099647751 -0.1467304744554013 0
    outer loop
      vertex -47.89398090834025 24.02252142541195 2.2
      vertex -47.87598160050403 24.14386290252016 5.800000000000001
      vertex -47.89398090834025 24.02252142541195 5.800000000000001
    endloop
  endfacet
  facet normal 0.8577286100002814 0.5141027441932061 0
    outer loop
      vertex -47.68933701537818 23.205537208725495 2.2
      vertex -47.75240158043544 23.310754078967502 5.800000000000001
      vertex -47.68933701537818 23.205537208725495 5.800000000000001
    endloop
  endfacet
  facet normal 0.9415440651830194 0.33688985339222377 0
    outer loop
      vertex -47.804849415639104 23.421645709543636 2.2
      vertex -47.84617541966526 23.53714415343192 5.800000000000001
      vertex -47.804849415639104 23.421645709543636 5.800000000000001
    endloop
  endfacet
  facet normal 0.9039892931234402 0.4275550934302885 0
    outer loop
      vertex -47.75240158043544 23.310754078967502 2.2
      vertex -47.804849415639104 23.421645709543636 5.800000000000001
      vertex -47.75240158043544 23.310754078967502 5.800000000000001
    endloop
  endfacet
  facet normal 0.9700312531945464 0.24298017990325438 0
    outer loop
      vertex -47.84617541966526 23.53714415343192 2.2
      vertex -47.87598160050403 23.65613709747984 5.800000000000001
      vertex -47.84617541966526 23.53714415343192 5.800000000000001
    endloop
  endfacet
  facet normal 0.9891765099647751 0.1467304744554013 0
    outer loop
      vertex -47.87598160050403 23.65613709747984 2.2
      vertex -47.89398090834025 23.77747857458805 5.800000000000001
      vertex -47.87598160050403 23.65613709747984 5.800000000000001
    endloop
  endfacet
  facet normal 0.9700312531945464 -0.24298017990325438 0
    outer loop
      vertex -47.87598160050403 24.14386290252016 2.2
      vertex -47.84617541966526 24.262855846568076 5.800000000000001
      vertex -47.87598160050403 24.14386290252016 5.800000000000001
    endloop
  endfacet
  facet normal 0.9415440651830194 -0.33688985339222377 0
    outer loop
      vertex -47.84617541966526 24.262855846568076 2.2
      vertex -47.804849415639104 24.37835429045636 5.800000000000001
      vertex -47.84617541966526 24.262855846568076 5.800000000000001
    endloop
  endfacet
  facet normal 0.9039892931234402 -0.4275550934302885 0
    outer loop
      vertex -47.804849415639104 24.37835429045636 2.2
      vertex -47.75240158043544 24.489245921032495 5.800000000000001
      vertex -47.804849415639104 24.37835429045636 5.800000000000001
    endloop
  endfacet
  facet normal 0.8577286100002814 -0.5141027441932061 0
    outer loop
      vertex -47.75240158043544 24.489245921032495 2.2
      vertex -47.68933701537818 24.594462791274502 5.800000000000001
      vertex -47.75240158043544 24.489245921032495 5.800000000000001
    endloop
  endfacet
  facet normal 0.8032075314806372 -0.5956993044924437 0
    outer loop
      vertex -47.68933701537818 24.594462791274502 2.2
      vertex -47.61626306670342 24.692991605204554 5.800000000000001
      vertex -47.68933701537818 24.594462791274502 5.800000000000001
    endloop
  endfacet
  facet normal 0.7409511253549718 -0.6715589548470045 0
    outer loop
      vertex -47.61626306670342 24.692991605204554 2.2
      vertex -47.53388347648318 24.783883476483183 5.800000000000001
      vertex -47.61626306670342 24.692991605204554 5.800000000000001
    endloop
  endfacet
  facet normal 0.6715589548470204 -0.7409511253549572 0
    outer loop
      vertex -47.53388347648318 24.783883476483183 2.2
      vertex -47.442991605204554 24.86626306670342 5.800000000000001
      vertex -47.53388347648318 24.783883476483183 5.800000000000001
    endloop
  endfacet
  facet normal 0.595699304492425 -0.803207531480651 0
    outer loop
      vertex -47.442991605204554 24.86626306670342 2.2
      vertex -47.3444627912745 24.93933701537818 5.800000000000001
      vertex -47.442991605204554 24.86626306670342 5.800000000000001
    endloop
  endfacet
  facet normal 0.5141027441932402 -0.857728610000261 0
    outer loop
      vertex -47.3444627912745 24.93933701537818 2.2
      vertex -47.2392459210325 25.002401580435443 5.800000000000001
      vertex -47.3444627912745 24.93933701537818 5.800000000000001
    endloop
  endfacet
  facet normal 0.42755509343026615 -0.9039892931234508 0
    outer loop
      vertex -47.2392459210325 25.002401580435443 2.2
      vertex -47.12835429045636 25.054849415639108 5.800000000000001
      vertex -47.2392459210325 25.002401580435443 5.800000000000001
    endloop
  endfacet
  facet normal 0.3368898533922165 -0.941544065183022 0
    outer loop
      vertex -47.12835429045636 25.054849415639108 2.2
      vertex -47.01285584656808 25.096175419665258 5.800000000000001
      vertex -47.12835429045636 25.054849415639108 5.800000000000001
    endloop
  endfacet
  facet normal 0.24298017990328163 -0.9700312531945396 0
    outer loop
      vertex -47.01285584656808 25.096175419665258 2.2
      vertex -46.89386290252016 25.125981600504037 5.800000000000001
      vertex -47.01285584656808 25.096175419665258 5.800000000000001
    endloop
  endfacet
  facet normal 0.146730474455373 -0.9891765099647793 0
    outer loop
      vertex -46.89386290252016 25.125981600504037 2.2
      vertex -46.77252142541195 25.143980908340247 5.800000000000001
      vertex -46.89386290252016 25.125981600504037 5.800000000000001
    endloop
  endfacet
  facet normal 0.04906767432740157 -0.9987954562051733 0
    outer loop
      vertex -46.77252142541195 25.143980908340247 2.2
      vertex -46.65 25.15 5.800000000000001
      vertex -46.77252142541195 25.143980908340247 5.800000000000001
    endloop
  endfacet
  facet normal -0.04906767432740157 -0.9987954562051733 0
    outer loop
      vertex -46.65 25.15 2.2
      vertex -46.527478574588045 25.143980908340247 5.800000000000001
      vertex -46.65 25.15 5.800000000000001
    endloop
  endfacet
  facet normal -0.42755509343026615 -0.9039892931234508 0
    outer loop
      vertex -46.17164570954364 25.054849415639108 2.2
      vertex -46.0607540789675 25.002401580435443 5.800000000000001
      vertex -46.17164570954364 25.054849415639108 5.800000000000001
    endloop
  endfacet
  facet normal -0.146730474455373 -0.9891765099647793 0
    outer loop
      vertex -46.527478574588045 25.143980908340247 2.2
      vertex -46.406137097479835 25.125981600504037 5.800000000000001
      vertex -46.527478574588045 25.143980908340247 5.800000000000001
    endloop
  endfacet
  facet normal -0.24298017990328163 -0.9700312531945396 0
    outer loop
      vertex -46.406137097479835 25.125981600504037 2.2
      vertex -46.28714415343192 25.096175419665258 5.800000000000001
      vertex -46.406137097479835 25.125981600504037 5.800000000000001
    endloop
  endfacet
  facet normal -0.3368898533922165 -0.941544065183022 0
    outer loop
      vertex -46.28714415343192 25.096175419665258 2.2
      vertex -46.17164570954364 25.054849415639108 5.800000000000001
      vertex -46.28714415343192 25.096175419665258 5.800000000000001
    endloop
  endfacet
  facet normal -0.42755509343026615 0.9039892931234508 0
    outer loop
      vertex -46.0607540789675 22.797598419564554 2.2
      vertex -46.17164570954364 22.74515058436089 5.800000000000001
      vertex -46.0607540789675 22.797598419564554 5.800000000000001
    endloop
  endfacet
  facet normal -0.5141027441932402 0.857728610000261 0
    outer loop
      vertex -45.955537208725495 22.86066298462182 2.2
      vertex -46.0607540789675 22.797598419564554 5.800000000000001
      vertex -45.955537208725495 22.86066298462182 5.800000000000001
    endloop
  endfacet
  facet normal -0.595699304492425 0.803207531480651 0
    outer loop
      vertex -45.85700839479544 22.933736933296576 2.2
      vertex -45.955537208725495 22.86066298462182 5.800000000000001
      vertex -45.85700839479544 22.933736933296576 5.800000000000001
    endloop
  endfacet
  facet normal -0.6715589548470204 0.7409511253549572 0
    outer loop
      vertex -45.766116523516814 23.016116523516814 2.2
      vertex -45.85700839479544 22.933736933296576 5.800000000000001
      vertex -45.766116523516814 23.016116523516814 5.800000000000001
    endloop
  endfacet
  facet normal -0.7409511253549718 0.6715589548470045 0
    outer loop
      vertex -45.68373693329658 23.107008394795443 2.2
      vertex -45.766116523516814 23.016116523516814 5.800000000000001
      vertex -45.68373693329658 23.107008394795443 5.800000000000001
    endloop
  endfacet
  facet normal -0.8032075314806372 0.5956993044924437 0
    outer loop
      vertex -45.61066298462182 23.205537208725495 2.2
      vertex -45.68373693329658 23.107008394795443 5.800000000000001
      vertex -45.61066298462182 23.205537208725495 5.800000000000001
    endloop
  endfacet
  facet normal -0.8577286100002814 0.5141027441932061 0
    outer loop
      vertex -45.54759841956456 23.310754078967502 2.2
      vertex -45.61066298462182 23.205537208725495 5.800000000000001
      vertex -45.54759841956456 23.310754078967502 5.800000000000001
    endloop
  endfacet
  facet normal -0.9039892931234402 0.4275550934302885 0
    outer loop
      vertex -45.49515058436089 23.421645709543636 2.2
      vertex -45.54759841956456 23.310754078967502 5.800000000000001
      vertex -45.49515058436089 23.421645709543636 5.800000000000001
    endloop
  endfacet
  facet normal -0.9415440651830194 0.33688985339222377 0
    outer loop
      vertex -45.45382458033474 23.53714415343192 2.2
      vertex -45.49515058436089 23.421645709543636 5.800000000000001
      vertex -45.45382458033474 23.53714415343192 5.800000000000001
    endloop
  endfacet
  facet normal -0.9700312531945464 0.24298017990325438 0
    outer loop
      vertex -45.424018399495964 23.65613709747984 2.2
      vertex -45.45382458033474 23.53714415343192 5.800000000000001
      vertex -45.424018399495964 23.65613709747984 5.800000000000001
    endloop
  endfacet
  facet normal -0.9891765099647751 0.1467304744554013 0
    outer loop
      vertex -45.40601909165975 23.77747857458805 2.2
      vertex -45.424018399495964 23.65613709747984 5.800000000000001
      vertex -45.40601909165975 23.77747857458805 5.800000000000001
    endloop
  endfacet
  facet normal -0.9987954562051732 0.04906767432740299 0
    outer loop
      vertex -45.4 23.9 2.2
      vertex -45.40601909165975 23.77747857458805 5.800000000000001
      vertex -45.4 23.9 5.800000000000001
    endloop
  endfacet
  facet normal -0.9987954562051732 -0.04906767432740299 0
    outer loop
      vertex -45.40601909165975 24.02252142541195 2.2
      vertex -45.4 23.9 5.800000000000001
      vertex -45.40601909165975 24.02252142541195 5.800000000000001
    endloop
  endfacet
  facet normal -0.9891765099647751 -0.1467304744554013 0
    outer loop
      vertex -45.424018399495964 24.14386290252016 2.2
      vertex -45.40601909165975 24.02252142541195 5.800000000000001
      vertex -45.424018399495964 24.14386290252016 5.800000000000001
    endloop
  endfacet
  facet normal -0.9700312531945464 -0.24298017990325438 0
    outer loop
      vertex -45.45382458033474 24.262855846568076 2.2
      vertex -45.424018399495964 24.14386290252016 5.800000000000001
      vertex -45.45382458033474 24.262855846568076 5.800000000000001
    endloop
  endfacet
  facet normal -0.7409511253549718 -0.6715589548470045 0
    outer loop
      vertex -45.766116523516814 24.783883476483183 2.2
      vertex -45.68373693329658 24.692991605204554 5.800000000000001
      vertex -45.766116523516814 24.783883476483183 5.800000000000001
    endloop
  endfacet
  facet normal -0.9415440651830194 -0.33688985339222377 0
    outer loop
      vertex -45.49515058436089 24.37835429045636 2.2
      vertex -45.45382458033474 24.262855846568076 5.800000000000001
      vertex -45.49515058436089 24.37835429045636 5.800000000000001
    endloop
  endfacet
  facet normal -0.9039892931234402 -0.4275550934302885 0
    outer loop
      vertex -45.54759841956456 24.489245921032495 2.2
      vertex -45.49515058436089 24.37835429045636 5.800000000000001
      vertex -45.54759841956456 24.489245921032495 5.800000000000001
    endloop
  endfacet
  facet normal -0.8577286100002814 -0.5141027441932061 0
    outer loop
      vertex -45.61066298462182 24.594462791274502 2.2
      vertex -45.54759841956456 24.489245921032495 5.800000000000001
      vertex -45.61066298462182 24.594462791274502 5.800000000000001
    endloop
  endfacet
  facet normal -0.8032075314806372 -0.5956993044924437 0
    outer loop
      vertex -45.68373693329658 24.692991605204554 2.2
      vertex -45.61066298462182 24.594462791274502 5.800000000000001
      vertex -45.68373693329658 24.692991605204554 5.800000000000001
    endloop
  endfacet
  facet normal -0.595699304492425 -0.803207531480651 0
    outer loop
      vertex -45.955537208725495 24.93933701537818 2.2
      vertex -45.85700839479544 24.86626306670342 5.800000000000001
      vertex -45.955537208725495 24.93933701537818 5.800000000000001
    endloop
  endfacet
  facet normal -0.5141027441932402 -0.857728610000261 0
    outer loop
      vertex -46.0607540789675 25.002401580435443 2.2
      vertex -45.955537208725495 24.93933701537818 5.800000000000001
      vertex -46.0607540789675 25.002401580435443 5.800000000000001
    endloop
  endfacet
  facet normal -0.6715589548470204 -0.7409511253549572 0
    outer loop
      vertex -45.85700839479544 24.86626306670342 2.2
      vertex -45.766116523516814 24.783883476483183 5.800000000000001
      vertex -45.85700839479544 24.86626306670342 5.800000000000001
    endloop
  endfacet
  facet normal 0.7094520579063078 -9.823399677670306e-19 -0.7047536999069284
    outer loop
      vertex -35.37 -25.05 1.51
      vertex -36.87 -26.55 0
      vertex -36.87 26.55 0
    endloop
  endfacet
  facet normal 0 0.7094520579063079 -0.7047536999069283
    outer loop
      vertex -35.37 -25.05 1.51
      vertex 39.62 -25.05 1.51
      vertex -36.87 -26.55 0
    endloop
  endfacet
  facet normal 0.7094520579063077 0 -0.7047536999069284
    outer loop
      vertex -35.37 -25.05 1.51
      vertex -36.87 26.55 0
      vertex -35.37 25.05 1.51
    endloop
  endfacet
  facet normal 0 -0.7094520579063079 -0.7047536999069283
    outer loop
      vertex -35.37 25.05 1.51
      vertex -36.87 26.55 0
      vertex 39.62 25.05 1.51
    endloop
  endfacet
  facet normal -6.688325719762704e-19 0.7094520579063078 -0.7047536999069283
    outer loop
      vertex 39.62 -25.05 1.51
      vertex 41.12 -26.55 0
      vertex -36.87 -26.55 0
    endloop
  endfacet
  facet normal -0.7094520579063077 0 -0.7047536999069284
    outer loop
      vertex 39.62 -25.05 1.51
      vertex 39.62 25.05 1.51
      vertex 41.12 -26.55 0
    endloop
  endfacet
  facet normal 6.688325719762704e-19 -0.7094520579063078 -0.7047536999069283
    outer loop
      vertex 39.62 25.05 1.51
      vertex -36.87 26.55 0
      vertex 41.12 26.55 0
    endloop
  endfacet
  facet normal -0.7094520579063078 9.823399677670306e-19 -0.7047536999069284
    outer loop
      vertex 39.62 25.05 1.51
      vertex 41.12 26.55 0
      vertex 41.12 -26.55 0
    endloop
  endfacet
  facet normal 1 0 0
    outer loop
      vertex -35.37 -25.05 1.51
      vertex -35.37 25.05 1.51
      vertex -35.37 -25.05 1.6
    endloop
  endfacet
  facet normal 0 1 0
    outer loop
      vertex -35.37 -25.05 1.51
      vertex -35.37 -25.05 1.6
      vertex 39.62 -25.05 1.51
    endloop
  endfacet
  facet normal 1 0 0
    outer loop
      vertex -35.37 25.05 1.51
      vertex -35.37 25.05 1.6
      vertex -35.37 -25.05 1.6
    endloop
  endfacet
  facet normal 0 -1 0
    outer loop
      vertex -35.37 25.05 1.51
      vertex 39.62 25.05 1.6
      vertex -35.37 25.05 1.6
    endloop
  endfacet
  facet normal 0 1 0
    outer loop
      vertex 39.62 -25.05 1.51
      vertex -35.37 -25.05 1.6
      vertex 39.62 -25.05 1.6
    endloop
  endfacet
  facet normal -1 0 0
    outer loop
      vertex 39.62 -25.05 1.51
      vertex 39.62 -25.05 1.6
      vertex 39.62 25.05 1.51
    endloop
  endfacet
  facet normal 0 -1 0
    outer loop
      vertex -35.37 25.05 1.51
      vertex 39.62 25.05 1.51
      vertex 39.62 25.05 1.6
    endloop
  endfacet
  facet normal -1 0 0
    outer loop
      vertex 39.62 25.05 1.51
      vertex 39.62 -25.05 1.6
      vertex 39.62 25.05 1.6
    endloop
  endfacet
endsolid OpenSCAD_Model
