solid OpenSCAD_Model
  facet normal 0 0 -1
    outer loop
      vertex 1.8519497029047307 0.22836140246614 0
      vertex 1.3332893009411935 0.5055911630923644 0
      vertex 0.8786796564403572 0.8786796564403572 0
    endloop
  endfacet
  facet normal 0 0 -1
    outer loop
      vertex 1.8519497029047307 0.22836140246614 0
      vertex 0.8786796564403572 0.8786796564403572 0
      vertex 0.5055911630923644 1.3332893009411935 0
    endloop
  endfacet
  facet normal 0 0 -1
    outer loop
      vertex 1.8519497029047307 0.22836140246614 0
      vertex 0.5055911630923644 1.3332893009411935 0
      vertex 0 3 0
    endloop
  endfacet
  facet normal 0 0 -1
    outer loop
      vertex 1.8519497029047307 0.22836140246614 0
      vertex 3 0 0
      vertex 2.414729033951615 0.05764415879030871 0
    endloop
  endfacet
  facet normal 0 0 -1
    outer loop
      vertex 0.5055911630923644 1.3332893009411935 0
      vertex 0.22836140246614 1.8519497029047307 0
      vertex 0.05764415879030871 2.414729033951615 0
    endloop
  endfacet
  facet normal 0 0 -1
    outer loop
      vertex 0.5055911630923644 1.3332893009411935 0
      vertex 0.05764415879030871 2.414729033951615 0
      vertex 0 3 0
    endloop
  endfacet
  facet normal -0.47139673682599753 -0.8819212643483552 0
    outer loop
      vertex 1.8519497029047307 0.22836140246614 0
      vertex 1.8519497029047307 0.22836140246614 49.6
      vertex 1.3332893009411935 0.5055911630923644 0
    endloop
  endfacet
  facet normal -0.6343932841636448 -0.7730104533627375 -3.927392819498246e-19
    outer loop
      vertex 1.3332893009411935 0.5055911630923644 0
      vertex 0.8786796564403572 0.8786796564403572 49.6
      vertex 0.8786796564403572 0.8786796564403572 0
    endloop
  endfacet
  facet normal -0.7730104533627375 -0.6343932841636448 -3.927392819498246e-19
    outer loop
      vertex 0.8786796564403572 0.8786796564403572 0
      vertex 0.5055911630923644 1.3332893009411935 49.6
      vertex 0.5055911630923644 1.3332893009411935 0
    endloop
  endfacet
  facet normal -0.8819212643483552 -0.47139673682599753 0
    outer loop
      vertex 0.5055911630923644 1.3332893009411935 0
      vertex 0.5055911630923644 1.3332893009411935 49.6
      vertex 0.22836140246614 1.8519497029047307 0
    endloop
  endfacet
  facet normal -0.2902846772544627 -0.9569403357322087 -4.9153506824260005e-20
    outer loop
      vertex 1.8519497029047307 0.22836140246614 0
      vertex 2.414729033951615 0.05764415879030871 0
      vertex 2.414729033951615 0.05764415879030871 49.6
    endloop
  endfacet
  facet normal -0.0980171403295607 -0.9951847266721969 0
    outer loop
      vertex 2.414729033951615 0.05764415879030871 0
      vertex 3 0 0
      vertex 2.414729033951615 0.05764415879030871 49.6
    endloop
  endfacet
  facet normal -0.9569403357322087 -0.2902846772544627 -4.9153506824260005e-20
    outer loop
      vertex 0.22836140246614 1.8519497029047307 0
      vertex 0.05764415879030871 2.414729033951615 49.6
      vertex 0.05764415879030871 2.414729033951615 0
    endloop
  endfacet
  facet normal -0.9951847266721969 -0.0980171403295607 4.3990606422259437e-20
    outer loop
      vertex 0.05764415879030871 2.414729033951615 0
      vertex 0 3 49.6
      vertex 0 3 0
    endloop
  endfacet
  facet normal 0 0 -1
    outer loop
      vertex 1.8519497029047307 0.22836140246614 0
      vertex 0 3 0
      vertex 1.8519497029047307 54.37163859753386 0
    endloop
  endfacet
  facet normal 0 0 -1
    outer loop
      vertex 1.8519497029047307 0.22836140246614 0
      vertex 1.8519497029047307 54.37163859753386 0
      vertex 26.299999999999997 14.58 0
    endloop
  endfacet
  facet normal -1 0 0
    outer loop
      vertex 0 3 0
      vertex 0 3 49.6
      vertex 0 51.6 0
    endloop
  endfacet
  facet normal 0 0 -1
    outer loop
      vertex 1.8519497029047307 0.22836140246614 0
      vertex 122.74805029709526 0.22836140246614 0
      vertex 3 0 0
    endloop
  endfacet
  facet normal 0 0 -1
    outer loop
      vertex 1.8519497029047307 0.22836140246614 0
      vertex 26.299999999999997 14.58 0
      vertex 124.6 3 0
    endloop
  endfacet
  facet normal -0.47139673682599753 -0.8819212643483552 0
    outer loop
      vertex 1.3332893009411935 0.5055911630923644 0
      vertex 1.8519497029047307 0.22836140246614 49.6
      vertex 1.3332893009411935 0.5055911630923644 49.6
    endloop
  endfacet
  facet normal -0.6343932841636448 -0.7730104533627375 0
    outer loop
      vertex 1.3332893009411935 0.5055911630923644 0
      vertex 1.3332893009411935 0.5055911630923644 49.6
      vertex 0.8786796564403572 0.8786796564403572 49.6
    endloop
  endfacet
  facet normal -0.7730104533627375 -0.6343932841636448 0
    outer loop
      vertex 0.8786796564403572 0.8786796564403572 0
      vertex 0.8786796564403572 0.8786796564403572 49.6
      vertex 0.5055911630923644 1.3332893009411935 49.6
    endloop
  endfacet
  facet normal -0.8819212643483552 -0.47139673682599753 0
    outer loop
      vertex 0.22836140246614 1.8519497029047307 0
      vertex 0.5055911630923644 1.3332893009411935 49.6
      vertex 0.22836140246614 1.8519497029047307 49.6
    endloop
  endfacet
  facet normal -0.2902846772544627 -0.9569403357322087 0
    outer loop
      vertex 1.8519497029047307 0.22836140246614 0
      vertex 2.414729033951615 0.05764415879030871 49.6
      vertex 1.8519497029047307 0.22836140246614 49.6
    endloop
  endfacet
  facet normal -0.0980171403295607 -0.9951847266721969 0
    outer loop
      vertex 3 0 0
      vertex 3 0 49.6
      vertex 2.414729033951615 0.05764415879030871 49.6
    endloop
  endfacet
  facet normal -0.9569403357322087 -0.2902846772544627 0
    outer loop
      vertex 0.22836140246614 1.8519497029047307 0
      vertex 0.22836140246614 1.8519497029047307 49.6
      vertex 0.05764415879030871 2.414729033951615 49.6
    endloop
  endfacet
  facet normal -0.9951847266721969 -0.0980171403295607 0
    outer loop
      vertex 0.05764415879030871 2.414729033951615 0
      vertex 0.05764415879030871 2.414729033951615 49.6
      vertex 0 3 49.6
    endloop
  endfacet
  facet normal 0 0 1
    outer loop
      vertex 1.8519497029047307 0.22836140246614 49.6
      vertex 0.8786796564403572 0.8786796564403572 49.6
      vertex 1.3332893009411935 0.5055911630923644 49.6
    endloop
  endfacet
  facet normal 0 0 1
    outer loop
      vertex 1.8519497029047307 0.22836140246614 49.6
      vertex 0.5055911630923644 1.3332893009411935 49.6
      vertex 0.8786796564403572 0.8786796564403572 49.6
    endloop
  endfacet
  facet normal 0 0 1
    outer loop
      vertex 1.8519497029047307 0.22836140246614 49.6
      vertex 0 3 49.6
      vertex 0.5055911630923644 1.3332893009411935 49.6
    endloop
  endfacet
  facet normal 0 0 1
    outer loop
      vertex 1.8519497029047307 0.22836140246614 49.6
      vertex 2.414729033951615 0.05764415879030871 49.6
      vertex 3 0 49.6
    endloop
  endfacet
  facet normal 0 0 1
    outer loop
      vertex 0.5055911630923644 1.3332893009411935 49.6
      vertex 0.05764415879030871 2.414729033951615 49.6
      vertex 0.22836140246614 1.8519497029047307 49.6
    endloop
  endfacet
  facet normal 0 0 1
    outer loop
      vertex 0.5055911630923644 1.3332893009411935 49.6
      vertex 0 3 49.6
      vertex 0.05764415879030871 2.414729033951615 49.6
    endloop
  endfacet
  facet normal 0 0 1
    outer loop
      vertex 1.8519497029047307 0.22836140246614 49.6
      vertex 2 2 49.6
      vertex 2 5.5 49.6
    endloop
  endfacet
  facet normal 0 0 1
    outer loop
      vertex 1.8519497029047307 0.22836140246614 49.6
      vertex 2 5.5 49.6
      vertex 2 49.1 49.6
    endloop
  endfacet
  facet normal 0 0 1
    outer loop
      vertex 1.8519497029047307 0.22836140246614 49.6
      vertex 1.8519497029047307 54.37163859753386 49.6
      vertex 0 3 49.6
    endloop
  endfacet
  facet normal 0 -1 0
    outer loop
      vertex 3 0 0
      vertex 121.6 0 49.6
      vertex 3 0 49.6
    endloop
  endfacet
  facet normal 0 0 1
    outer loop
      vertex 1.8519497029047307 0.22836140246614 49.6
      vertex 3 0 49.6
      vertex 122.74805029709526 0.22836140246614 49.6
    endloop
  endfacet
  facet normal 0 0 1
    outer loop
      vertex 1.8519497029047307 0.22836140246614 49.6
      vertex 122.74805029709526 0.22836140246614 49.6
      vertex 2 2 49.6
    endloop
  endfacet
  facet normal 0 0 1
    outer loop
      vertex 2 2 49.6
      vertex 122.74805029709526 0.22836140246614 49.6
      vertex 5.5 2 49.6
    endloop
  endfacet
  facet normal 0 0 -1
    outer loop
      vertex 0 3 0
      vertex 0 51.6 0
      vertex 1.8519497029047307 54.37163859753386 0
    endloop
  endfacet
  facet normal 0 0 -1
    outer loop
      vertex 1.8519497029047307 54.37163859753386 0
      vertex 26.299999999999997 40.02 0
      vertex 26.299999999999997 14.58 0
    endloop
  endfacet
  facet normal 0 0 -1
    outer loop
      vertex 0 51.6 0
      vertex 0.05764415879030871 52.185270966048385 0
      vertex 0.22836140246614 52.74805029709527 0
    endloop
  endfacet
  facet normal 0 0 -1
    outer loop
      vertex 0 51.6 0
      vertex 0.22836140246614 52.74805029709527 0
      vertex 0.5055911630923644 53.266710699058805 0
    endloop
  endfacet
  facet normal 0 0 -1
    outer loop
      vertex 0 51.6 0
      vertex 0.5055911630923644 53.266710699058805 0
      vertex 1.8519497029047307 54.37163859753386 0
    endloop
  endfacet
  facet normal 0 0 -1
    outer loop
      vertex 0.5055911630923644 53.266710699058805 0
      vertex 0.8786796564403572 53.72132034355965 0
      vertex 1.8519497029047307 54.37163859753386 0
    endloop
  endfacet
  facet normal 0 0 -1
    outer loop
      vertex 0.8786796564403572 53.72132034355965 0
      vertex 1.3332893009411935 54.09440883690764 0
      vertex 1.8519497029047307 54.37163859753386 0
    endloop
  endfacet
  facet normal 0 0 -1
    outer loop
      vertex 1.8519497029047307 54.37163859753386 0
      vertex 2.414729033951615 54.54235584120969 0
      vertex 3 54.6 0
    endloop
  endfacet
  facet normal -0.9951847266721968 0.09801714032956084 0
    outer loop
      vertex 0 51.6 0
      vertex 0 51.6 49.6
      vertex 0.05764415879030871 52.185270966048385 0
    endloop
  endfacet
  facet normal -0.9569403357322085 0.2902846772544634 -1.358472114615511e-19
    outer loop
      vertex 0.05764415879030871 52.185270966048385 0
      vertex 0.22836140246614 52.74805029709527 49.6
      vertex 0.22836140246614 52.74805029709527 0
    endloop
  endfacet
  facet normal -0.8819212643483549 0.4713967368259978 -1.3904641977065649e-19
    outer loop
      vertex 0.22836140246614 52.74805029709527 0
      vertex 0.5055911630923644 53.266710699058805 49.6
      vertex 0.5055911630923644 53.266710699058805 0
    endloop
  endfacet
  facet normal -0.7730104533627412 0.6343932841636403 0
    outer loop
      vertex 0.5055911630923644 53.266710699058805 0
      vertex 0.5055911630923644 53.266710699058805 49.6
      vertex 0.8786796564403572 53.72132034355965 0
    endloop
  endfacet
  facet normal -0.6343932841636448 0.7730104533627375 3.927392819498246e-19
    outer loop
      vertex 0.8786796564403572 53.72132034355965 0
      vertex 1.3332893009411935 54.09440883690764 49.6
      vertex 1.3332893009411935 54.09440883690764 0
    endloop
  endfacet
  facet normal -0.47139673682599165 0.8819212643483583 0
    outer loop
      vertex 1.3332893009411935 54.09440883690764 0
      vertex 1.3332893009411935 54.09440883690764 49.6
      vertex 1.8519497029047307 54.37163859753386 0
    endloop
  endfacet
  facet normal -0.2902846772544627 0.9569403357322087 0
    outer loop
      vertex 1.8519497029047307 54.37163859753386 0
      vertex 1.8519497029047307 54.37163859753386 49.6
      vertex 2.414729033951615 54.54235584120969 0
    endloop
  endfacet
  facet normal -0.0980171403295637 0.9951847266721967 -8.458046461832995e-20
    outer loop
      vertex 2.414729033951615 54.54235584120969 0
      vertex 3 54.6 49.6
      vertex 3 54.6 0
    endloop
  endfacet
  facet normal 0 1 0
    outer loop
      vertex 3 54.6 0
      vertex 35.96060798672218 54.6 22.766421636210495
      vertex 36.61718387294355 54.6 22.567251518588694
    endloop
  endfacet
  facet normal 0 1 0
    outer loop
      vertex 3 54.6 0
      vertex 35.35550418443139 54.6 23.08985635694109
      vertex 35.96060798672218 54.6 22.766421636210495
    endloop
  endfacet
  facet normal 0 1 0
    outer loop
      vertex 3 54.6 0
      vertex 34.38985635694109 54.6 24.055504184431392
      vertex 34.82512626584708 54.6 23.525126265847085
    endloop
  endfacet
  facet normal 0 1 0
    outer loop
      vertex 3 54.6 0
      vertex 34.06642163621049 54.6 24.660607986722187
      vertex 34.38985635694109 54.6 24.055504184431392
    endloop
  endfacet
  facet normal 0 1 0
    outer loop
      vertex 3 54.6 0
      vertex 34.82512626584708 54.6 23.525126265847085
      vertex 35.35550418443139 54.6 23.08985635694109
    endloop
  endfacet
  facet normal 0 1 0
    outer loop
      vertex 3 54.6 0
      vertex 33.86725151858869 54.6 25.317183872943552
      vertex 34.06642163621049 54.6 24.660607986722187
    endloop
  endfacet
  facet normal 0 1 0
    outer loop
      vertex 3 54.6 0
      vertex 33.8 54.6 26
      vertex 33.86725151858869 54.6 25.317183872943552
    endloop
  endfacet
  facet normal 0 1 0
    outer loop
      vertex 3 54.6 0
      vertex 33.86725151858869 54.6 26.682816127056448
      vertex 33.8 54.6 26
    endloop
  endfacet
  facet normal 0 1 0
    outer loop
      vertex 3 54.6 0
      vertex 34.06642163621049 54.6 27.339392013277813
      vertex 33.86725151858869 54.6 26.682816127056448
    endloop
  endfacet
  facet normal 0 0 -1
    outer loop
      vertex 1.8519497029047307 54.37163859753386 0
      vertex 3 54.6 0
      vertex 122.74805029709526 54.37163859753386 0
    endloop
  endfacet
  facet normal 0 0 -1
    outer loop
      vertex 1.8519497029047307 54.37163859753386 0
      vertex 122.74805029709526 54.37163859753386 0
      vertex 26.299999999999997 40.02 0
    endloop
  endfacet
  facet normal 0 1 0
    outer loop
      vertex 3 54.6 0
      vertex 36.61718387294355 54.6 22.567251518588694
      vertex 121.6 54.6 0
    endloop
  endfacet
  facet normal -1 0 0
    outer loop
      vertex 0 3 49.6
      vertex 0 51.6 49.6
      vertex 0 51.6 0
    endloop
  endfacet
  facet normal 0 0 1
    outer loop
      vertex 1.8519497029047307 0.22836140246614 49.6
      vertex 2 49.1 49.6
      vertex 2 52.6 49.6
    endloop
  endfacet
  facet normal 0 0 1
    outer loop
      vertex 1.8519497029047307 0.22836140246614 49.6
      vertex 2 52.6 49.6
      vertex 1.8519497029047307 54.37163859753386 49.6
    endloop
  endfacet
  facet normal 0 0 1
    outer loop
      vertex 0 3 49.6
      vertex 1.8519497029047307 54.37163859753386 49.6
      vertex 0 51.6 49.6
    endloop
  endfacet
  facet normal 0 1 0
    outer loop
      vertex 3 54.6 0
      vertex 3 54.6 49.6
      vertex 34.06642163621049 54.6 27.339392013277813
    endloop
  endfacet
  facet normal -0.9951847266721968 0.09801714032956084 0
    outer loop
      vertex 0.05764415879030871 52.185270966048385 0
      vertex 0 51.6 49.6
      vertex 0.05764415879030871 52.185270966048385 49.6
    endloop
  endfacet
  facet normal -0.9569403357322085 0.2902846772544634 0
    outer loop
      vertex 0.05764415879030871 52.185270966048385 0
      vertex 0.05764415879030871 52.185270966048385 49.6
      vertex 0.22836140246614 52.74805029709527 49.6
    endloop
  endfacet
  facet normal -0.8819212643483549 0.4713967368259978 0
    outer loop
      vertex 0.22836140246614 52.74805029709527 0
      vertex 0.22836140246614 52.74805029709527 49.6
      vertex 0.5055911630923644 53.266710699058805 49.6
    endloop
  endfacet
  facet normal -0.7730104533627412 0.6343932841636403 0
    outer loop
      vertex 0.8786796564403572 53.72132034355965 0
      vertex 0.5055911630923644 53.266710699058805 49.6
      vertex 0.8786796564403572 53.72132034355965 49.6
    endloop
  endfacet
  facet normal -0.6343932841636448 0.7730104533627375 0
    outer loop
      vertex 0.8786796564403572 53.72132034355965 0
      vertex 0.8786796564403572 53.72132034355965 49.6
      vertex 1.3332893009411935 54.09440883690764 49.6
    endloop
  endfacet
  facet normal -0.47139673682599165 0.8819212643483583 0
    outer loop
      vertex 1.8519497029047307 54.37163859753386 0
      vertex 1.3332893009411935 54.09440883690764 49.6
      vertex 1.8519497029047307 54.37163859753386 49.6
    endloop
  endfacet
  facet normal -0.2902846772544627 0.9569403357322087 0
    outer loop
      vertex 2.414729033951615 54.54235584120969 0
      vertex 1.8519497029047307 54.37163859753386 49.6
      vertex 2.414729033951615 54.54235584120969 49.6
    endloop
  endfacet
  facet normal -0.0980171403295637 0.9951847266721967 0
    outer loop
      vertex 2.414729033951615 54.54235584120969 0
      vertex 2.414729033951615 54.54235584120969 49.6
      vertex 3 54.6 49.6
    endloop
  endfacet
  facet normal 0 1 0
    outer loop
      vertex 3 54.6 49.6
      vertex 34.38985635694109 54.6 27.944495815568608
      vertex 34.06642163621049 54.6 27.339392013277813
    endloop
  endfacet
  facet normal 0 1 0
    outer loop
      vertex 3 54.6 49.6
      vertex 34.82512626584708 54.6 28.474873734152915
      vertex 34.38985635694109 54.6 27.944495815568608
    endloop
  endfacet
  facet normal 0 1 0
    outer loop
      vertex 3 54.6 49.6
      vertex 35.35550418443139 54.6 28.91014364305891
      vertex 34.82512626584708 54.6 28.474873734152915
    endloop
  endfacet
  facet normal 0 1 0
    outer loop
      vertex 3 54.6 49.6
      vertex 35.96060798672218 54.6 29.233578363789505
      vertex 35.35550418443139 54.6 28.91014364305891
    endloop
  endfacet
  facet normal 0 1 0
    outer loop
      vertex 3 54.6 49.6
      vertex 36.61718387294355 54.6 29.432748481411306
      vertex 35.96060798672218 54.6 29.233578363789505
    endloop
  endfacet
  facet normal 0 1 0
    outer loop
      vertex 3 54.6 49.6
      vertex 37.3 54.6 29.5
      vertex 36.61718387294355 54.6 29.432748481411306
    endloop
  endfacet
  facet normal 0 1 0
    outer loop
      vertex 3 54.6 49.6
      vertex 37.982816127056445 54.6 29.432748481411306
      vertex 37.3 54.6 29.5
    endloop
  endfacet
  facet normal 0 1 0
    outer loop
      vertex 3 54.6 49.6
      vertex 39.244495815568605 54.6 28.91014364305891
      vertex 38.63939201327781 54.6 29.233578363789505
    endloop
  endfacet
  facet normal 0 1 0
    outer loop
      vertex 3 54.6 49.6
      vertex 38.63939201327781 54.6 29.233578363789505
      vertex 37.982816127056445 54.6 29.432748481411306
    endloop
  endfacet
  facet normal 0 0 1
    outer loop
      vertex 0 51.6 49.6
      vertex 0.22836140246614 52.74805029709527 49.6
      vertex 0.05764415879030871 52.185270966048385 49.6
    endloop
  endfacet
  facet normal 0 0 1
    outer loop
      vertex 0 51.6 49.6
      vertex 0.5055911630923644 53.266710699058805 49.6
      vertex 0.22836140246614 52.74805029709527 49.6
    endloop
  endfacet
  facet normal 0 0 1
    outer loop
      vertex 0 51.6 49.6
      vertex 1.8519497029047307 54.37163859753386 49.6
      vertex 0.5055911630923644 53.266710699058805 49.6
    endloop
  endfacet
  facet normal 0 0 1
    outer loop
      vertex 0.5055911630923644 53.266710699058805 49.6
      vertex 1.3332893009411935 54.09440883690764 49.6
      vertex 0.8786796564403572 53.72132034355965 49.6
    endloop
  endfacet
  facet normal 0 0 1
    outer loop
      vertex 0.5055911630923644 53.266710699058805 49.6
      vertex 1.8519497029047307 54.37163859753386 49.6
      vertex 1.3332893009411935 54.09440883690764 49.6
    endloop
  endfacet
  facet normal 0 0 1
    outer loop
      vertex 2 52.6 49.6
      vertex 5.5 52.6 49.6
      vertex 1.8519497029047307 54.37163859753386 49.6
    endloop
  endfacet
  facet normal 0 0 1
    outer loop
      vertex 1.8519497029047307 54.37163859753386 49.6
      vertex 3 54.6 49.6
      vertex 2.414729033951615 54.54235584120969 49.6
    endloop
  endfacet
  facet normal 0 1 0
    outer loop
      vertex 3 54.6 49.6
      vertex 121.6 54.6 0
      vertex 39.244495815568605 54.6 28.91014364305891
    endloop
  endfacet
  facet normal 0 0 1
    outer loop
      vertex 1.8519497029047307 54.37163859753386 49.6
      vertex 5.5 52.6 49.6
      vertex 119.1 52.6 49.6
    endloop
  endfacet
  facet normal 0 0 1
    outer loop
      vertex 1.8519497029047307 54.37163859753386 49.6
      vertex 122.74805029709526 54.37163859753386 49.6
      vertex 3 54.6 49.6
    endloop
  endfacet
  facet normal 0 0 -1
    outer loop
      vertex 3 0 0
      vertex 122.74805029709526 0.22836140246614 0
      vertex 121.6 0 0
    endloop
  endfacet
  facet normal 0 0 -1
    outer loop
      vertex 1.8519497029047307 0.22836140246614 0
      vertex 124.6 3 0
      vertex 122.74805029709526 0.22836140246614 0
    endloop
  endfacet
  facet normal 0 0 -1
    outer loop
      vertex 124.6 3 0
      vertex 26.299999999999997 14.58 0
      vertex 98.3 14.58 0
    endloop
  endfacet
  facet normal 0 -1 0
    outer loop
      vertex 3 0 0
      vertex 121.6 0 0
      vertex 121.6 0 49.6
    endloop
  endfacet
  facet normal 0 0 -1
    outer loop
      vertex 121.6 0 0
      vertex 122.74805029709526 0.22836140246614 0
      vertex 122.18527096604838 0.05764415879030871 0
    endloop
  endfacet
  facet normal 0 0 -1
    outer loop
      vertex 122.74805029709526 0.22836140246614 0
      vertex 124.09440883690763 1.3332893009411935 0
      vertex 123.2667106990588 0.5055911630923644 0
    endloop
  endfacet
  facet normal 0 0 -1
    outer loop
      vertex 123.2667106990588 0.5055911630923644 0
      vertex 124.09440883690763 1.3332893009411935 0
      vertex 123.72132034355964 0.8786796564403572 0
    endloop
  endfacet
  facet normal 0 0 -1
    outer loop
      vertex 122.74805029709526 0.22836140246614 0
      vertex 124.6 3 0
      vertex 124.09440883690763 1.3332893009411935 0
    endloop
  endfacet
  facet normal 0 0 -1
    outer loop
      vertex 124.09440883690763 1.3332893009411935 0
      vertex 124.6 3 0
      vertex 124.37163859753386 1.8519497029047307 0
    endloop
  endfacet
  facet normal 0 0 -1
    outer loop
      vertex 124.37163859753386 1.8519497029047307 0
      vertex 124.6 3 0
      vertex 124.54235584120968 2.414729033951615 0
    endloop
  endfacet
  facet normal 0.09801714032956084 -0.9951847266721968 1.0386225662123699e-19
    outer loop
      vertex 121.6 0 0
      vertex 122.18527096604838 0.05764415879030871 0
      vertex 122.18527096604838 0.05764415879030871 49.6
    endloop
  endfacet
  facet normal 0.2902846772544634 -0.9569403357322085 0
    outer loop
      vertex 122.18527096604838 0.05764415879030871 0
      vertex 122.74805029709526 0.22836140246614 0
      vertex 122.18527096604838 0.05764415879030871 49.6
    endloop
  endfacet
  facet normal 0.4713967368259928 -0.8819212643483577 0
    outer loop
      vertex 122.74805029709526 0.22836140246614 0
      vertex 123.2667106990588 0.5055911630923644 0
      vertex 122.74805029709526 0.22836140246614 49.6
    endloop
  endfacet
  facet normal 0.6343932841636463 -0.7730104533627362 0
    outer loop
      vertex 123.2667106990588 0.5055911630923644 0
      vertex 123.72132034355964 0.8786796564403572 0
      vertex 123.2667106990588 0.5055911630923644 49.6
    endloop
  endfacet
  facet normal 0.7730104533627375 -0.6343932841636448 3.927392819498246e-19
    outer loop
      vertex 123.72132034355964 0.8786796564403572 0
      vertex 124.09440883690763 1.3332893009411935 0
      vertex 124.09440883690763 1.3332893009411935 49.6
    endloop
  endfacet
  facet normal 0.8819212643483533 -0.4713967368260011 7.701844238548027e-20
    outer loop
      vertex 124.09440883690763 1.3332893009411935 0
      vertex 124.37163859753386 1.8519497029047307 0
      vertex 124.37163859753386 1.8519497029047307 49.6
    endloop
  endfacet
  facet normal 0.9569403357322122 -0.2902846772544516 0
    outer loop
      vertex 124.37163859753386 1.8519497029047307 0
      vertex 124.54235584120968 2.414729033951615 0
      vertex 124.37163859753386 1.8519497029047307 49.6
    endloop
  endfacet
  facet normal 0.9951847266721967 -0.0980171403295637 -8.458046461832995e-20
    outer loop
      vertex 124.54235584120968 2.414729033951615 0
      vertex 124.6 3 0
      vertex 124.6 3 49.6
    endloop
  endfacet
  facet normal 1 0 0
    outer loop
      vertex 124.6 3 0
      vertex 124.6 20.8 19.5
      vertex 124.6 3 49.6
    endloop
  endfacet
  facet normal 0 0 -1
    outer loop
      vertex 124.6 3 0
      vertex 98.3 14.58 0
      vertex 98.3 40.02 0
    endloop
  endfacet
  facet normal 1 0 0
    outer loop
      vertex 124.6 3 0
      vertex 124.6 51.6 0
      vertex 124.6 20.8 19.5
    endloop
  endfacet
  facet normal 0 0 1
    outer loop
      vertex 3 0 49.6
      vertex 121.6 0 49.6
      vertex 122.74805029709526 0.22836140246614 49.6
    endloop
  endfacet
  facet normal 0 0 1
    outer loop
      vertex 5.5 2 49.6
      vertex 122.74805029709526 0.22836140246614 49.6
      vertex 119.1 2 49.6
    endloop
  endfacet
  facet normal 0.09801714032956084 -0.9951847266721968 0
    outer loop
      vertex 121.6 0 0
      vertex 122.18527096604838 0.05764415879030871 49.6
      vertex 121.6 0 49.6
    endloop
  endfacet
  facet normal 0.2902846772544634 -0.9569403357322085 0
    outer loop
      vertex 122.74805029709526 0.22836140246614 0
      vertex 122.74805029709526 0.22836140246614 49.6
      vertex 122.18527096604838 0.05764415879030871 49.6
    endloop
  endfacet
  facet normal 0.4713967368259928 -0.8819212643483577 0
    outer loop
      vertex 123.2667106990588 0.5055911630923644 0
      vertex 123.2667106990588 0.5055911630923644 49.6
      vertex 122.74805029709526 0.22836140246614 49.6
    endloop
  endfacet
  facet normal 0.6343932841636463 -0.7730104533627362 0
    outer loop
      vertex 123.72132034355964 0.8786796564403572 0
      vertex 123.72132034355964 0.8786796564403572 49.6
      vertex 123.2667106990588 0.5055911630923644 49.6
    endloop
  endfacet
  facet normal 0.7730104533627375 -0.6343932841636448 0
    outer loop
      vertex 123.72132034355964 0.8786796564403572 0
      vertex 124.09440883690763 1.3332893009411935 49.6
      vertex 123.72132034355964 0.8786796564403572 49.6
    endloop
  endfacet
  facet normal 0.8819212643483533 -0.4713967368260011 0
    outer loop
      vertex 124.09440883690763 1.3332893009411935 0
      vertex 124.37163859753386 1.8519497029047307 49.6
      vertex 124.09440883690763 1.3332893009411935 49.6
    endloop
  endfacet
  facet normal 0.9569403357322122 -0.2902846772544516 0
    outer loop
      vertex 124.54235584120968 2.414729033951615 0
      vertex 124.54235584120968 2.414729033951615 49.6
      vertex 124.37163859753386 1.8519497029047307 49.6
    endloop
  endfacet
  facet normal 0.9951847266721967 -0.0980171403295637 0
    outer loop
      vertex 124.54235584120968 2.414729033951615 0
      vertex 124.6 3 49.6
      vertex 124.54235584120968 2.414729033951615 49.6
    endloop
  endfacet
  facet normal 0 0 1
    outer loop
      vertex 121.6 0 49.6
      vertex 122.18527096604838 0.05764415879030871 49.6
      vertex 122.74805029709526 0.22836140246614 49.6
    endloop
  endfacet
  facet normal 0 0 1
    outer loop
      vertex 119.1 2 49.6
      vertex 122.74805029709526 0.22836140246614 49.6
      vertex 122.6 2 49.6
    endloop
  endfacet
  facet normal 0 0 1
    outer loop
      vertex 122.74805029709526 0.22836140246614 49.6
      vertex 123.2667106990588 0.5055911630923644 49.6
      vertex 124.09440883690763 1.3332893009411935 49.6
    endloop
  endfacet
  facet normal 0 0 1
    outer loop
      vertex 123.2667106990588 0.5055911630923644 49.6
      vertex 123.72132034355964 0.8786796564403572 49.6
      vertex 124.09440883690763 1.3332893009411935 49.6
    endloop
  endfacet
  facet normal 0 0 1
    outer loop
      vertex 122.74805029709526 0.22836140246614 49.6
      vertex 124.09440883690763 1.3332893009411935 49.6
      vertex 124.6 3 49.6
    endloop
  endfacet
  facet normal 0 0 1
    outer loop
      vertex 122.74805029709526 0.22836140246614 49.6
      vertex 122.6 5.5 49.6
      vertex 122.6 2 49.6
    endloop
  endfacet
  facet normal 0 0 1
    outer loop
      vertex 124.09440883690763 1.3332893009411935 49.6
      vertex 124.37163859753386 1.8519497029047307 49.6
      vertex 124.6 3 49.6
    endloop
  endfacet
  facet normal 0 0 1
    outer loop
      vertex 124.37163859753386 1.8519497029047307 49.6
      vertex 124.54235584120968 2.414729033951615 49.6
      vertex 124.6 3 49.6
    endloop
  endfacet
  facet normal 0 0 1
    outer loop
      vertex 122.74805029709526 0.22836140246614 49.6
      vertex 124.6 3 49.6
      vertex 122.6 20.8 49.6
    endloop
  endfacet
  facet normal 0 0 1
    outer loop
      vertex 122.74805029709526 0.22836140246614 49.6
      vertex 122.6 20.8 49.6
      vertex 122.6 5.5 49.6
    endloop
  endfacet
  facet normal 1 0 0
    outer loop
      vertex 124.6 3 49.6
      vertex 124.6 20.8 19.5
      vertex 124.6 20.8 49.6
    endloop
  endfacet
  facet normal 0 0 1
    outer loop
      vertex 124.6 3 49.6
      vertex 124.6 20.8 49.6
      vertex 122.6 20.8 49.6
    endloop
  endfacet
  facet normal 0 0 -1
    outer loop
      vertex 122.74805029709526 54.37163859753386 0
      vertex 98.3 40.02 0
      vertex 26.299999999999997 40.02 0
    endloop
  endfacet
  facet normal 0 0 -1
    outer loop
      vertex 3 54.6 0
      vertex 121.6 54.6 0
      vertex 122.74805029709526 54.37163859753386 0
    endloop
  endfacet
  facet normal 0 1 0
    outer loop
      vertex 121.6 54.6 0
      vertex 36.61718387294355 54.6 22.567251518588694
      vertex 37.3 54.6 22.5
    endloop
  endfacet
  facet normal 0 1 0
    outer loop
      vertex 121.6 54.6 0
      vertex 37.3 54.6 22.5
      vertex 37.982816127056445 54.6 22.567251518588694
    endloop
  endfacet
  facet normal 0 1 0
    outer loop
      vertex 121.6 54.6 0
      vertex 37.982816127056445 54.6 22.567251518588694
      vertex 38.63939201327781 54.6 22.766421636210495
    endloop
  endfacet
  facet normal 0 1 0
    outer loop
      vertex 121.6 54.6 0
      vertex 38.63939201327781 54.6 22.766421636210495
      vertex 39.244495815568605 54.6 23.08985635694109
    endloop
  endfacet
  facet normal 0 1 0
    outer loop
      vertex 121.6 54.6 0
      vertex 39.244495815568605 54.6 23.08985635694109
      vertex 39.77487373415291 54.6 23.525126265847085
    endloop
  endfacet
  facet normal 0 1 0
    outer loop
      vertex 121.6 54.6 0
      vertex 39.77487373415291 54.6 23.525126265847085
      vertex 40.210143643058906 54.6 24.055504184431392
    endloop
  endfacet
  facet normal 0 1 0
    outer loop
      vertex 121.6 54.6 0
      vertex 40.210143643058906 54.6 24.055504184431392
      vertex 40.5335783637895 54.6 24.660607986722187
    endloop
  endfacet
  facet normal 0 1 0
    outer loop
      vertex 121.6 54.6 0
      vertex 40.5335783637895 54.6 24.660607986722187
      vertex 40.732748481411306 54.6 25.317183872943552
    endloop
  endfacet
  facet normal 0 1 0
    outer loop
      vertex 121.6 54.6 0
      vertex 40.732748481411306 54.6 25.317183872943552
      vertex 40.8 54.6 26
    endloop
  endfacet
  facet normal 0 1 0
    outer loop
      vertex 121.6 54.6 0
      vertex 40.8 54.6 26
      vertex 40.732748481411306 54.6 26.682816127056448
    endloop
  endfacet
  facet normal 0 1 0
    outer loop
      vertex 121.6 54.6 0
      vertex 40.732748481411306 54.6 26.682816127056448
      vertex 40.5335783637895 54.6 27.339392013277813
    endloop
  endfacet
  facet normal 0 1 0
    outer loop
      vertex 121.6 54.6 0
      vertex 40.5335783637895 54.6 27.339392013277813
      vertex 40.210143643058906 54.6 27.944495815568608
    endloop
  endfacet
  facet normal 0 1 0
    outer loop
      vertex 121.6 54.6 0
      vertex 39.77487373415291 54.6 28.474873734152915
      vertex 39.244495815568605 54.6 28.91014364305891
    endloop
  endfacet
  facet normal 0 1 0
    outer loop
      vertex 121.6 54.6 0
      vertex 40.210143643058906 54.6 27.944495815568608
      vertex 39.77487373415291 54.6 28.474873734152915
    endloop
  endfacet
  facet normal 0 0 -1
    outer loop
      vertex 124.6 3 0
      vertex 98.3 40.02 0
      vertex 122.74805029709526 54.37163859753386 0
    endloop
  endfacet
  facet normal 0 0 -1
    outer loop
      vertex 124.6 3 0
      vertex 122.74805029709526 54.37163859753386 0
      vertex 124.6 51.6 0
    endloop
  endfacet
  facet normal 1 0 0
    outer loop
      vertex 124.6 51.6 0
      vertex 124.6 33.8 19.5
      vertex 124.6 20.8 19.5
    endloop
  endfacet
  facet normal 0 0 -1
    outer loop
      vertex 124.6 51.6 0
      vertex 124.37163859753386 52.74805029709527 0
      vertex 124.54235584120968 52.185270966048385 0
    endloop
  endfacet
  facet normal 0 0 -1
    outer loop
      vertex 124.6 51.6 0
      vertex 124.09440883690763 53.266710699058805 0
      vertex 124.37163859753386 52.74805029709527 0
    endloop
  endfacet
  facet normal 0 0 -1
    outer loop
      vertex 121.6 54.6 0
      vertex 122.18527096604838 54.54235584120969 0
      vertex 122.74805029709526 54.37163859753386 0
    endloop
  endfacet
  facet normal 0 0 -1
    outer loop
      vertex 124.6 51.6 0
      vertex 122.74805029709526 54.37163859753386 0
      vertex 124.09440883690763 53.266710699058805 0
    endloop
  endfacet
  facet normal 0 0 -1
    outer loop
      vertex 124.09440883690763 53.266710699058805 0
      vertex 122.74805029709526 54.37163859753386 0
      vertex 123.72132034355964 53.72132034355965 0
    endloop
  endfacet
  facet normal 0 0 -1
    outer loop
      vertex 123.72132034355964 53.72132034355965 0
      vertex 122.74805029709526 54.37163859753386 0
      vertex 123.2667106990588 54.09440883690764 0
    endloop
  endfacet
  facet normal 1 0 0
    outer loop
      vertex 124.6 51.6 0
      vertex 124.6 51.6 49.6
      vertex 124.6 33.8 19.5
    endloop
  endfacet
  facet normal 0.9951847266721965 0.09801714032956384 -6.32723984251123e-20
    outer loop
      vertex 124.6 51.6 0
      vertex 124.54235584120968 52.185270966048385 0
      vertex 124.54235584120968 52.185270966048385 49.6
    endloop
  endfacet
  facet normal 0.9569403357322119 0.2902846772544523 0
    outer loop
      vertex 124.54235584120968 52.185270966048385 0
      vertex 124.37163859753386 52.74805029709527 0
      vertex 124.54235584120968 52.185270966048385 49.6
    endloop
  endfacet
  facet normal 0.09801714032956384 0.9951847266721965 0
    outer loop
      vertex 121.6 54.6 0
      vertex 121.6 54.6 49.6
      vertex 122.18527096604838 54.54235584120969 0
    endloop
  endfacet
  facet normal 0.2902846772544634 0.9569403357322085 1.358472114615511e-19
    outer loop
      vertex 122.18527096604838 54.54235584120969 0
      vertex 122.74805029709526 54.37163859753386 49.6
      vertex 122.74805029709526 54.37163859753386 0
    endloop
  endfacet
  facet normal 0.8819212643483532 0.4713967368260014 0
    outer loop
      vertex 124.37163859753386 52.74805029709527 0
      vertex 124.09440883690763 53.266710699058805 0
      vertex 124.37163859753386 52.74805029709527 49.6
    endloop
  endfacet
  facet normal 0.7730104533627412 0.6343932841636403 0
    outer loop
      vertex 124.09440883690763 53.266710699058805 0
      vertex 123.72132034355964 53.72132034355965 0
      vertex 124.09440883690763 53.266710699058805 49.6
    endloop
  endfacet
  facet normal 0.6343932841636463 0.7730104533627362 4.423700909769629e-19
    outer loop
      vertex 123.72132034355964 53.72132034355965 0
      vertex 123.2667106990588 54.09440883690764 0
      vertex 123.2667106990588 54.09440883690764 49.6
    endloop
  endfacet
  facet normal 0.47139673682598693 0.8819212643483608 1.5317221345427526e-19
    outer loop
      vertex 123.2667106990588 54.09440883690764 0
      vertex 122.74805029709526 54.37163859753386 0
      vertex 122.74805029709526 54.37163859753386 49.6
    endloop
  endfacet
  facet normal 0 1 0
    outer loop
      vertex 3 54.6 49.6
      vertex 121.6 54.6 49.6
      vertex 121.6 54.6 0
    endloop
  endfacet
  facet normal 0 0 1
    outer loop
      vertex 1.8519497029047307 54.37163859753386 49.6
      vertex 119.1 52.6 49.6
      vertex 122.6 52.6 49.6
    endloop
  endfacet
  facet normal 0 0 1
    outer loop
      vertex 1.8519497029047307 54.37163859753386 49.6
      vertex 122.6 52.6 49.6
      vertex 122.74805029709526 54.37163859753386 49.6
    endloop
  endfacet
  facet normal 0 0 1
    outer loop
      vertex 3 54.6 49.6
      vertex 122.74805029709526 54.37163859753386 49.6
      vertex 121.6 54.6 49.6
    endloop
  endfacet
  facet normal 1 0 0
    outer loop
      vertex 124.6 51.6 49.6
      vertex 124.6 33.8 49.6
      vertex 124.6 33.8 19.5
    endloop
  endfacet
  facet normal 0 0 1
    outer loop
      vertex 122.6 49.1 49.6
      vertex 122.6 33.8 49.6
      vertex 124.6 33.8 49.6
    endloop
  endfacet
  facet normal 0.9951847266721965 0.09801714032956384 0
    outer loop
      vertex 124.6 51.6 0
      vertex 124.54235584120968 52.185270966048385 49.6
      vertex 124.6 51.6 49.6
    endloop
  endfacet
  facet normal 0.9569403357322119 0.2902846772544523 0
    outer loop
      vertex 124.37163859753386 52.74805029709527 0
      vertex 124.37163859753386 52.74805029709527 49.6
      vertex 124.54235584120968 52.185270966048385 49.6
    endloop
  endfacet
  facet normal 0.09801714032956384 0.9951847266721965 0
    outer loop
      vertex 122.18527096604838 54.54235584120969 0
      vertex 121.6 54.6 49.6
      vertex 122.18527096604838 54.54235584120969 49.6
    endloop
  endfacet
  facet normal 0.2902846772544634 0.9569403357322085 0
    outer loop
      vertex 122.18527096604838 54.54235584120969 0
      vertex 122.18527096604838 54.54235584120969 49.6
      vertex 122.74805029709526 54.37163859753386 49.6
    endloop
  endfacet
  facet normal 0.8819212643483532 0.4713967368260014 0
    outer loop
      vertex 124.09440883690763 53.266710699058805 0
      vertex 124.09440883690763 53.266710699058805 49.6
      vertex 124.37163859753386 52.74805029709527 49.6
    endloop
  endfacet
  facet normal 0.7730104533627412 0.6343932841636403 0
    outer loop
      vertex 123.72132034355964 53.72132034355965 0
      vertex 123.72132034355964 53.72132034355965 49.6
      vertex 124.09440883690763 53.266710699058805 49.6
    endloop
  endfacet
  facet normal 0.6343932841636463 0.7730104533627362 0
    outer loop
      vertex 123.72132034355964 53.72132034355965 0
      vertex 123.2667106990588 54.09440883690764 49.6
      vertex 123.72132034355964 53.72132034355965 49.6
    endloop
  endfacet
  facet normal 0.47139673682598693 0.8819212643483608 0
    outer loop
      vertex 123.2667106990588 54.09440883690764 0
      vertex 122.74805029709526 54.37163859753386 49.6
      vertex 123.2667106990588 54.09440883690764 49.6
    endloop
  endfacet
  facet normal 0 0 1
    outer loop
      vertex 122.6 49.1 49.6
      vertex 124.6 33.8 49.6
      vertex 122.74805029709526 54.37163859753386 49.6
    endloop
  endfacet
  facet normal 0 0 1
    outer loop
      vertex 124.6 51.6 49.6
      vertex 122.74805029709526 54.37163859753386 49.6
      vertex 124.6 33.8 49.6
    endloop
  endfacet
  facet normal 0 0 1
    outer loop
      vertex 122.6 49.1 49.6
      vertex 122.74805029709526 54.37163859753386 49.6
      vertex 122.6 52.6 49.6
    endloop
  endfacet
  facet normal 0 0 1
    outer loop
      vertex 124.6 51.6 49.6
      vertex 124.54235584120968 52.185270966048385 49.6
      vertex 122.74805029709526 54.37163859753386 49.6
    endloop
  endfacet
  facet normal 0 0 1
    outer loop
      vertex 124.54235584120968 52.185270966048385 49.6
      vertex 124.37163859753386 52.74805029709527 49.6
      vertex 124.09440883690763 53.266710699058805 49.6
    endloop
  endfacet
  facet normal 0 0 1
    outer loop
      vertex 121.6 54.6 49.6
      vertex 122.74805029709526 54.37163859753386 49.6
      vertex 122.18527096604838 54.54235584120969 49.6
    endloop
  endfacet
  facet normal 0 0 1
    outer loop
      vertex 124.54235584120968 52.185270966048385 49.6
      vertex 124.09440883690763 53.266710699058805 49.6
      vertex 122.74805029709526 54.37163859753386 49.6
    endloop
  endfacet
  facet normal 0 0 1
    outer loop
      vertex 124.09440883690763 53.266710699058805 49.6
      vertex 123.72132034355964 53.72132034355965 49.6
      vertex 123.2667106990588 54.09440883690764 49.6
    endloop
  endfacet
  facet normal 0 0 1
    outer loop
      vertex 124.09440883690763 53.266710699058805 49.6
      vertex 123.2667106990588 54.09440883690764 49.6
      vertex 122.74805029709526 54.37163859753386 49.6
    endloop
  endfacet
  facet normal 0 0 1
    outer loop
      vertex 2 2 2
      vertex 3.5555041844313924 2.5898563569410915 2
      vertex 3.0251262658470837 3.0251262658470837 2
    endloop
  endfacet
  facet normal 0 0 1
    outer loop
      vertex 2 2 2
      vertex 4.817183872943551 2.0672515185886935 2
      vertex 4.1606079867221855 2.2664216362104965 2
    endloop
  endfacet
  facet normal 0 0 1
    outer loop
      vertex 2 2 2
      vertex 4.1606079867221855 2.2664216362104965 2
      vertex 3.5555041844313924 2.5898563569410915 2
    endloop
  endfacet
  facet normal 0 0 1
    outer loop
      vertex 2 2 2
      vertex 3.0251262658470837 3.0251262658470837 2
      vertex 2.5898563569410915 3.5555041844313924 2
    endloop
  endfacet
  facet normal 0 0 1
    outer loop
      vertex 2 2 2
      vertex 2.5898563569410915 3.5555041844313924 2
      vertex 2.2664216362104965 4.1606079867221855 2
    endloop
  endfacet
  facet normal 0 0 1
    outer loop
      vertex 2 2 2
      vertex 5.5 2 2
      vertex 4.817183872943551 2.0672515185886935 2
    endloop
  endfacet
  facet normal 0 0 1
    outer loop
      vertex 2 2 2
      vertex 2.2664216362104965 4.1606079867221855 2
      vertex 2.0672515185886935 4.817183872943551 2
    endloop
  endfacet
  facet normal 0 0 1
    outer loop
      vertex 2 2 2
      vertex 2.0672515185886935 4.817183872943551 2
      vertex 2 5.5 2
    endloop
  endfacet
  facet normal 0 0 1
    outer loop
      vertex 8.932748481411306 4.817183872943551 2
      vertex 22.85545635173699 9.855456351736995 2
      vertex 9 5.5 2
    endloop
  endfacet
  facet normal 0 0 1
    outer loop
      vertex 8.733578363789503 4.1606079867221855 2
      vertex 23.272181859196092 9.513458566168001 2
      vertex 8.932748481411306 4.817183872943551 2
    endloop
  endfacet
  facet normal 0 0 1
    outer loop
      vertex 9 5.5 2
      vertex 22.513458566167998 10.272181859196095 2
      vertex 8.932748481411306 6.182816127056449 2
    endloop
  endfacet
  facet normal 0 0 1
    outer loop
      vertex 8.932748481411306 6.182816127056449 2
      vertex 22.25933128559396 10.747620560996005 2
      vertex 8.733578363789503 6.8393920132778145 2
    endloop
  endfacet
  facet normal 0 0 1
    outer loop
      vertex 8.733578363789503 6.8393920132778145 2
      vertex 22.102840478891114 11.263501614455649 2
      vertex 8.410143643058909 7.444495815568608 2
    endloop
  endfacet
  facet normal 0 0 1
    outer loop
      vertex 8.410143643058909 7.444495815568608 2
      vertex 22.049999999999997 11.8 2
      vertex 7.974873734152917 7.974873734152917 2
    endloop
  endfacet
  facet normal 0 0 1
    outer loop
      vertex 7.444495815568608 8.410143643058909 2
      vertex 7.974873734152917 7.974873734152917 2
      vertex 22.102840478891114 12.336498385544353 2
    endloop
  endfacet
  facet normal 0 0 1
    outer loop
      vertex 8.733578363789503 4.1606079867221855 2
      vertex 23.747620560996 9.259331285593962 2
      vertex 23.272181859196092 9.513458566168001 2
    endloop
  endfacet
  facet normal 0 0 1
    outer loop
      vertex 8.733578363789503 4.1606079867221855 2
      vertex 24.263501614455645 9.102840478891117 2
      vertex 23.747620560996 9.259331285593962 2
    endloop
  endfacet
  facet normal 0 0 1
    outer loop
      vertex 8.733578363789503 4.1606079867221855 2
      vertex 24.799999999999997 9.05 2
      vertex 24.263501614455645 9.102840478891117 2
    endloop
  endfacet
  facet normal 0 0 1
    outer loop
      vertex 8.932748481411306 4.817183872943551 2
      vertex 23.272181859196092 9.513458566168001 2
      vertex 22.85545635173699 9.855456351736995 2
    endloop
  endfacet
  facet normal 0 0 1
    outer loop
      vertex 8.410143643058909 7.444495815568608 2
      vertex 22.102840478891114 11.263501614455649 2
      vertex 22.049999999999997 11.8 2
    endloop
  endfacet
  facet normal 0 0 1
    outer loop
      vertex 9 5.5 2
      vertex 22.85545635173699 9.855456351736995 2
      vertex 22.513458566167998 10.272181859196095 2
    endloop
  endfacet
  facet normal 0 0 1
    outer loop
      vertex 8.932748481411306 6.182816127056449 2
      vertex 22.513458566167998 10.272181859196095 2
      vertex 22.25933128559396 10.747620560996005 2
    endloop
  endfacet
  facet normal 0 0 1
    outer loop
      vertex 8.733578363789503 6.8393920132778145 2
      vertex 22.25933128559396 10.747620560996005 2
      vertex 22.102840478891114 11.263501614455649 2
    endloop
  endfacet
  facet normal 0 0 1
    outer loop
      vertex 7.974873734152917 7.974873734152917 2
      vertex 22.049999999999997 11.8 2
      vertex 22.102840478891114 12.336498385544353 2
    endloop
  endfacet
  facet normal 1 0 0
    outer loop
      vertex 2 2 2
      vertex 2 5.5 2
      vertex 2 2 49.6
    endloop
  endfacet
  facet normal 0 1 0
    outer loop
      vertex 2 2 2
      vertex 5.5 2 49.6
      vertex 5.5 2 2
    endloop
  endfacet
  facet normal 0 0 1
    outer loop
      vertex 2 5.5 2
      vertex 2.0672515185886935 6.182816127056449 2
      vertex 2.0672515185886935 48.41718387294355 2
    endloop
  endfacet
  facet normal 0 0 1
    outer loop
      vertex 2.0672515185886935 6.182816127056449 2
      vertex 2.2664216362104965 6.8393920132778145 2
      vertex 2.2664216362104965 47.760607986722185 2
    endloop
  endfacet
  facet normal 0 0 1
    outer loop
      vertex 2.2664216362104965 6.8393920132778145 2
      vertex 2.5898563569410915 7.444495815568608 2
      vertex 2.5898563569410915 47.15550418443139 2
    endloop
  endfacet
  facet normal 0 0 1
    outer loop
      vertex 2.5898563569410915 7.444495815568608 2
      vertex 3.0251262658470837 7.974873734152917 2
      vertex 3.0251262658470837 46.625126265847086 2
    endloop
  endfacet
  facet normal 0 0 1
    outer loop
      vertex 3.0251262658470837 7.974873734152917 2
      vertex 3.5555041844313924 8.410143643058909 2
      vertex 3.5555041844313924 46.18985635694109 2
    endloop
  endfacet
  facet normal 0 0 1
    outer loop
      vertex 3.5555041844313924 8.410143643058909 2
      vertex 4.1606079867221855 8.733578363789503 2
      vertex 4.1606079867221855 45.8664216362105 2
    endloop
  endfacet
  facet normal 0 0 1
    outer loop
      vertex 4.1606079867221855 8.733578363789503 2
      vertex 4.817183872943551 8.932748481411306 2
      vertex 4.817183872943551 45.66725151858869 2
    endloop
  endfacet
  facet normal 0 0 1
    outer loop
      vertex 4.817183872943551 8.932748481411306 2
      vertex 5.5 9 2
      vertex 4.817183872943551 45.66725151858869 2
    endloop
  endfacet
  facet normal 0 0 1
    outer loop
      vertex 5.5 9 2
      vertex 6.182816127056449 8.932748481411306 2
      vertex 6.182816127056449 45.66725151858869 2
    endloop
  endfacet
  facet normal 0 0 1
    outer loop
      vertex 6.182816127056449 8.932748481411306 2
      vertex 6.8393920132778145 8.733578363789503 2
      vertex 6.182816127056449 45.66725151858869 2
    endloop
  endfacet
  facet normal 0 0 1
    outer loop
      vertex 7.444495815568608 8.410143643058909 2
      vertex 6.8393920132778145 45.8664216362105 2
      vertex 6.8393920132778145 8.733578363789503 2
    endloop
  endfacet
  facet normal 0 0 1
    outer loop
      vertex 7.444495815568608 8.410143643058909 2
      vertex 22.102840478891114 12.336498385544353 2
      vertex 7.444495815568608 46.18985635694109 2
    endloop
  endfacet
  facet normal 0 0 1
    outer loop
      vertex 25.852379439003993 14.34066871440604 2
      vertex 26.327818140803902 14.086541433832 2
      vertex 26.299999999999997 14.58 2
    endloop
  endfacet
  facet normal 0 0 1
    outer loop
      vertex 27.086541433831997 13.327818140803906 2
      vertex 26.299999999999997 14.58 2
      vertex 26.744543648263004 13.744543648263006 2
    endloop
  endfacet
  facet normal 0 0 1
    outer loop
      vertex 26.744543648263004 13.744543648263006 2
      vertex 26.299999999999997 14.58 2
      vertex 26.327818140803902 14.086541433832 2
    endloop
  endfacet
  facet normal 0 0 1
    outer loop
      vertex 22.102840478891114 12.336498385544353 2
      vertex 22.25933128559396 12.852379439003997 2
      vertex 7.444495815568608 46.18985635694109 2
    endloop
  endfacet
  facet normal 0 0 1
    outer loop
      vertex 22.25933128559396 12.852379439003997 2
      vertex 22.513458566167998 13.327818140803906 2
      vertex 7.444495815568608 46.18985635694109 2
    endloop
  endfacet
  facet normal 0 0 1
    outer loop
      vertex 22.513458566167998 13.327818140803906 2
      vertex 22.85545635173699 13.744543648263006 2
      vertex 7.444495815568608 46.18985635694109 2
    endloop
  endfacet
  facet normal 0 0 1
    outer loop
      vertex 22.85545635173699 13.744543648263006 2
      vertex 23.272181859196092 14.086541433832 2
      vertex 7.444495815568608 46.18985635694109 2
    endloop
  endfacet
  facet normal 0 0 1
    outer loop
      vertex 23.272181859196092 14.086541433832 2
      vertex 23.747620560996 14.34066871440604 2
      vertex 23.747620560996 40.25933128559396 2
    endloop
  endfacet
  facet normal 0 0 1
    outer loop
      vertex 23.747620560996 14.34066871440604 2
      vertex 24.263501614455645 14.497159521108884 2
      vertex 24.263501614455645 40.10284047889111 2
    endloop
  endfacet
  facet normal 0 0 1
    outer loop
      vertex 24.263501614455645 14.497159521108884 2
      vertex 24.799999999999997 14.55 2
      vertex 24.263501614455645 40.10284047889111 2
    endloop
  endfacet
  facet normal 0 0 1
    outer loop
      vertex 24.799999999999997 14.55 2
      vertex 25.33649838554435 14.497159521108884 2
      vertex 25.33649838554435 40.10284047889111 2
    endloop
  endfacet
  facet normal 0 0 1
    outer loop
      vertex 25.33649838554435 14.497159521108884 2
      vertex 25.852379439003993 14.34066871440604 2
      vertex 25.852379439003993 40.25933128559396 2
    endloop
  endfacet
  facet normal 0 0 1
    outer loop
      vertex 25.852379439003993 14.34066871440604 2
      vertex 26.299999999999997 14.58 2
      vertex 26.299999999999997 40.02 2
    endloop
  endfacet
  facet normal 1 0 0
    outer loop
      vertex 2 5.5 2
      vertex 2 49.1 2
      vertex 2 5.5 49.6
    endloop
  endfacet
  facet normal 0 0 1
    outer loop
      vertex 5.5 2 2
      vertex 118.41718387294354 2.0672515185886935 2
      vertex 6.182816127056449 2.0672515185886935 2
    endloop
  endfacet
  facet normal 0 0 1
    outer loop
      vertex 6.182816127056449 2.0672515185886935 2
      vertex 118.41718387294354 2.0672515185886935 2
      vertex 6.8393920132778145 2.2664216362104965 2
    endloop
  endfacet
  facet normal 0 0 1
    outer loop
      vertex 6.8393920132778145 2.2664216362104965 2
      vertex 117.76060798672218 2.2664216362104965 2
      vertex 7.444495815568608 2.5898563569410915 2
    endloop
  endfacet
  facet normal 0 0 1
    outer loop
      vertex 7.444495815568608 2.5898563569410915 2
      vertex 117.1555041844314 2.5898563569410915 2
      vertex 7.974873734152917 3.0251262658470837 2
    endloop
  endfacet
  facet normal 0 0 1
    outer loop
      vertex 7.974873734152917 3.0251262658470837 2
      vertex 116.62512626584707 3.0251262658470837 2
      vertex 8.410143643058909 3.5555041844313924 2
    endloop
  endfacet
  facet normal 0 0 1
    outer loop
      vertex 8.410143643058909 3.5555041844313924 2
      vertex 116.18985635694109 3.5555041844313924 2
      vertex 8.733578363789503 4.1606079867221855 2
    endloop
  endfacet
  facet normal 0 0 1
    outer loop
      vertex 8.733578363789503 4.1606079867221855 2
      vertex 98.747620560996 9.259331285593962 2
      vertex 24.799999999999997 9.05 2
    endloop
  endfacet
  facet normal 0 0 1
    outer loop
      vertex 24.799999999999997 9.05 2
      vertex 98.747620560996 9.259331285593962 2
      vertex 25.33649838554435 9.102840478891117 2
    endloop
  endfacet
  facet normal 0 0 1
    outer loop
      vertex 25.33649838554435 9.102840478891117 2
      vertex 98.747620560996 9.259331285593962 2
      vertex 25.852379439003993 9.259331285593962 2
    endloop
  endfacet
  facet normal 0 0 1
    outer loop
      vertex 25.852379439003993 9.259331285593962 2
      vertex 98.747620560996 9.259331285593962 2
      vertex 26.327818140803902 9.513458566168001 2
    endloop
  endfacet
  facet normal 0 0 1
    outer loop
      vertex 26.327818140803902 9.513458566168001 2
      vertex 97.85545635173699 9.855456351736995 2
      vertex 26.744543648263004 9.855456351736995 2
    endloop
  endfacet
  facet normal 0 0 1
    outer loop
      vertex 26.744543648263004 9.855456351736995 2
      vertex 97.85545635173699 9.855456351736995 2
      vertex 27.086541433831997 10.272181859196095 2
    endloop
  endfacet
  facet normal 0 0 1
    outer loop
      vertex 27.086541433831997 10.272181859196095 2
      vertex 97.513458566168 10.272181859196095 2
      vertex 27.340668714406036 10.747620560996005 2
    endloop
  endfacet
  facet normal 0 0 1
    outer loop
      vertex 27.340668714406036 10.747620560996005 2
      vertex 97.10284047889111 11.263501614455649 2
      vertex 27.49715952110888 11.263501614455649 2
    endloop
  endfacet
  facet normal 0 0 1
    outer loop
      vertex 27.49715952110888 11.263501614455649 2
      vertex 98.3 14.58 2
      vertex 27.549999999999997 11.8 2
    endloop
  endfacet
  facet normal 0 0 1
    outer loop
      vertex 27.549999999999997 11.8 2
      vertex 98.3 14.58 2
      vertex 27.49715952110888 12.336498385544353 2
    endloop
  endfacet
  facet normal 0 0 1
    outer loop
      vertex 27.49715952110888 12.336498385544353 2
      vertex 98.3 14.58 2
      vertex 27.340668714406036 12.852379439003997 2
    endloop
  endfacet
  facet normal 0 0 1
    outer loop
      vertex 27.086541433831997 13.327818140803906 2
      vertex 27.340668714406036 12.852379439003997 2
      vertex 98.3 14.58 2
    endloop
  endfacet
  facet normal 0 0 1
    outer loop
      vertex 27.086541433831997 13.327818140803906 2
      vertex 98.3 14.58 2
      vertex 26.299999999999997 14.58 2
    endloop
  endfacet
  facet normal 0 1 0
    outer loop
      vertex 2 2 2
      vertex 2 2 49.6
      vertex 5.5 2 49.6
    endloop
  endfacet
  facet normal 1 0 0
    outer loop
      vertex 2 5.5 2
      vertex 2 5.5 49.6
      vertex 2 2 49.6
    endloop
  endfacet
  facet normal 0 1 0
    outer loop
      vertex 5.5 2 2
      vertex 5.5 2 49.6
      vertex 119.1 2 49.6
    endloop
  endfacet
  facet normal 0 0 1
    outer loop
      vertex 2.0672515185886935 6.182816127056449 2
      vertex 2.2664216362104965 47.760607986722185 2
      vertex 2.0672515185886935 48.41718387294355 2
    endloop
  endfacet
  facet normal 0 0 1
    outer loop
      vertex 2.2664216362104965 6.8393920132778145 2
      vertex 2.5898563569410915 47.15550418443139 2
      vertex 2.2664216362104965 47.760607986722185 2
    endloop
  endfacet
  facet normal 0 0 1
    outer loop
      vertex 2.5898563569410915 7.444495815568608 2
      vertex 3.0251262658470837 46.625126265847086 2
      vertex 2.5898563569410915 47.15550418443139 2
    endloop
  endfacet
  facet normal 0 0 1
    outer loop
      vertex 3.0251262658470837 7.974873734152917 2
      vertex 3.5555041844313924 46.18985635694109 2
      vertex 3.0251262658470837 46.625126265847086 2
    endloop
  endfacet
  facet normal 0 0 1
    outer loop
      vertex 3.5555041844313924 8.410143643058909 2
      vertex 4.1606079867221855 45.8664216362105 2
      vertex 3.5555041844313924 46.18985635694109 2
    endloop
  endfacet
  facet normal 0 0 1
    outer loop
      vertex 4.1606079867221855 8.733578363789503 2
      vertex 4.817183872943551 45.66725151858869 2
      vertex 4.1606079867221855 45.8664216362105 2
    endloop
  endfacet
  facet normal 0 0 1
    outer loop
      vertex 5.5 9 2
      vertex 5.5 45.6 2
      vertex 4.817183872943551 45.66725151858869 2
    endloop
  endfacet
  facet normal 0 0 1
    outer loop
      vertex 5.5 9 2
      vertex 6.182816127056449 45.66725151858869 2
      vertex 5.5 45.6 2
    endloop
  endfacet
  facet normal 0 0 1
    outer loop
      vertex 6.8393920132778145 8.733578363789503 2
      vertex 6.8393920132778145 45.8664216362105 2
      vertex 6.182816127056449 45.66725151858869 2
    endloop
  endfacet
  facet normal 0 0 1
    outer loop
      vertex 7.444495815568608 8.410143643058909 2
      vertex 7.444495815568608 46.18985635694109 2
      vertex 6.8393920132778145 45.8664216362105 2
    endloop
  endfacet
  facet normal 0 0 1
    outer loop
      vertex 2 5.5 2
      vertex 2.0672515185886935 48.41718387294355 2
      vertex 2 49.1 2
    endloop
  endfacet
  facet normal 0 0 1
    outer loop
      vertex 23.272181859196092 14.086541433832 2
      vertex 23.272181859196092 40.513458566168 2
      vertex 7.444495815568608 46.18985635694109 2
    endloop
  endfacet
  facet normal 0 0 1
    outer loop
      vertex 23.272181859196092 14.086541433832 2
      vertex 23.747620560996 40.25933128559396 2
      vertex 23.272181859196092 40.513458566168 2
    endloop
  endfacet
  facet normal 0 0 1
    outer loop
      vertex 23.747620560996 14.34066871440604 2
      vertex 24.263501614455645 40.10284047889111 2
      vertex 23.747620560996 40.25933128559396 2
    endloop
  endfacet
  facet normal 0 0 1
    outer loop
      vertex 24.799999999999997 14.55 2
      vertex 24.799999999999997 40.05 2
      vertex 24.263501614455645 40.10284047889111 2
    endloop
  endfacet
  facet normal 0 0 1
    outer loop
      vertex 24.799999999999997 14.55 2
      vertex 25.33649838554435 40.10284047889111 2
      vertex 24.799999999999997 40.05 2
    endloop
  endfacet
  facet normal 0 0 1
    outer loop
      vertex 25.852379439003993 14.34066871440604 2
      vertex 26.299999999999997 40.02 2
      vertex 25.852379439003993 40.25933128559396 2
    endloop
  endfacet
  facet normal 0 0 1
    outer loop
      vertex 25.33649838554435 14.497159521108884 2
      vertex 25.852379439003993 40.25933128559396 2
      vertex 25.33649838554435 40.10284047889111 2
    endloop
  endfacet
  facet normal 0 0 1
    outer loop
      vertex 25.852379439003993 40.25933128559396 2
      vertex 26.299999999999997 40.02 2
      vertex 26.327818140803902 40.513458566168 2
    endloop
  endfacet
  facet normal 0 0 1
    outer loop
      vertex 7.444495815568608 46.18985635694109 2
      vertex 22.25933128559396 41.747620560996 2
      vertex 7.974873734152917 46.625126265847086 2
    endloop
  endfacet
  facet normal 0 0 1
    outer loop
      vertex 7.974873734152917 46.625126265847086 2
      vertex 22.102840478891114 42.26350161445564 2
      vertex 8.410143643058909 47.15550418443139 2
    endloop
  endfacet
  facet normal 0 0 1
    outer loop
      vertex 8.410143643058909 47.15550418443139 2
      vertex 22.102840478891114 43.33649838554435 2
      vertex 8.733578363789503 47.760607986722185 2
    endloop
  endfacet
  facet normal 0 0 1
    outer loop
      vertex 8.733578363789503 47.760607986722185 2
      vertex 22.25933128559396 43.852379439004 2
      vertex 8.932748481411306 48.41718387294355 2
    endloop
  endfacet
  facet normal 0 0 1
    outer loop
      vertex 8.932748481411306 48.41718387294355 2
      vertex 22.513458566167998 44.327818140803906 2
      vertex 9 49.1 2
    endloop
  endfacet
  facet normal 0 0 1
    outer loop
      vertex 2 49.1 2
      vertex 2.0672515185886935 49.78281612705645 2
      vertex 2 52.6 2
    endloop
  endfacet
  facet normal 0 0 1
    outer loop
      vertex 2.0672515185886935 49.78281612705645 2
      vertex 2.2664216362104965 50.43939201327782 2
      vertex 2 52.6 2
    endloop
  endfacet
  facet normal 0 0 1
    outer loop
      vertex 2.2664216362104965 50.43939201327782 2
      vertex 2.5898563569410915 51.04449581556861 2
      vertex 2 52.6 2
    endloop
  endfacet
  facet normal 0 0 1
    outer loop
      vertex 2.5898563569410915 51.04449581556861 2
      vertex 3.0251262658470837 51.574873734152916 2
      vertex 2 52.6 2
    endloop
  endfacet
  facet normal 0 0 1
    outer loop
      vertex 3.0251262658470837 51.574873734152916 2
      vertex 3.5555041844313924 52.01014364305891 2
      vertex 2 52.6 2
    endloop
  endfacet
  facet normal 0 0 1
    outer loop
      vertex 3.5555041844313924 52.01014364305891 2
      vertex 4.1606079867221855 52.333578363789506 2
      vertex 2 52.6 2
    endloop
  endfacet
  facet normal 0 0 1
    outer loop
      vertex 2 52.6 2
      vertex 4.1606079867221855 52.333578363789506 2
      vertex 4.817183872943551 52.53274848141131 2
    endloop
  endfacet
  facet normal 0 0 1
    outer loop
      vertex 2 52.6 2
      vertex 4.817183872943551 52.53274848141131 2
      vertex 5.5 52.6 2
    endloop
  endfacet
  facet normal 0 0 1
    outer loop
      vertex 9 49.1 2
      vertex 22.85545635173699 44.744543648263004 2
      vertex 8.932748481411306 49.78281612705645 2
    endloop
  endfacet
  facet normal 0 0 1
    outer loop
      vertex 8.932748481411306 49.78281612705645 2
      vertex 23.272181859196092 45.086541433832 2
      vertex 8.733578363789503 50.43939201327782 2
    endloop
  endfacet
  facet normal 0 0 1
    outer loop
      vertex 23.272181859196092 40.513458566168 2
      vertex 22.85545635173699 40.85545635173699 2
      vertex 7.444495815568608 46.18985635694109 2
    endloop
  endfacet
  facet normal 0 0 1
    outer loop
      vertex 7.444495815568608 46.18985635694109 2
      vertex 22.513458566167998 41.27218185919609 2
      vertex 22.25933128559396 41.747620560996 2
    endloop
  endfacet
  facet normal 0 0 1
    outer loop
      vertex 7.974873734152917 46.625126265847086 2
      vertex 22.25933128559396 41.747620560996 2
      vertex 22.102840478891114 42.26350161445564 2
    endloop
  endfacet
  facet normal 0 0 1
    outer loop
      vertex 8.410143643058909 47.15550418443139 2
      vertex 22.102840478891114 42.26350161445564 2
      vertex 22.049999999999997 42.8 2
    endloop
  endfacet
  facet normal 0 0 1
    outer loop
      vertex 22.85545635173699 40.85545635173699 2
      vertex 22.513458566167998 41.27218185919609 2
      vertex 7.444495815568608 46.18985635694109 2
    endloop
  endfacet
  facet normal 0 0 1
    outer loop
      vertex 8.410143643058909 47.15550418443139 2
      vertex 22.049999999999997 42.8 2
      vertex 22.102840478891114 43.33649838554435 2
    endloop
  endfacet
  facet normal 0 0 1
    outer loop
      vertex 8.733578363789503 47.760607986722185 2
      vertex 22.102840478891114 43.33649838554435 2
      vertex 22.25933128559396 43.852379439004 2
    endloop
  endfacet
  facet normal 0 0 1
    outer loop
      vertex 8.932748481411306 48.41718387294355 2
      vertex 22.25933128559396 43.852379439004 2
      vertex 22.513458566167998 44.327818140803906 2
    endloop
  endfacet
  facet normal 0 0 1
    outer loop
      vertex 9 49.1 2
      vertex 22.513458566167998 44.327818140803906 2
      vertex 22.85545635173699 44.744543648263004 2
    endloop
  endfacet
  facet normal 0 0 1
    outer loop
      vertex 8.932748481411306 49.78281612705645 2
      vertex 22.85545635173699 44.744543648263004 2
      vertex 23.272181859196092 45.086541433832 2
    endloop
  endfacet
  facet normal 0 0 1
    outer loop
      vertex 8.733578363789503 50.43939201327782 2
      vertex 23.272181859196092 45.086541433832 2
      vertex 23.747620560996 45.340668714406036 2
    endloop
  endfacet
  facet normal 0 0 1
    outer loop
      vertex 8.733578363789503 50.43939201327782 2
      vertex 23.747620560996 45.340668714406036 2
      vertex 24.263501614455645 45.497159521108884 2
    endloop
  endfacet
  facet normal 0 0 1
    outer loop
      vertex 8.733578363789503 50.43939201327782 2
      vertex 24.263501614455645 45.497159521108884 2
      vertex 24.799999999999997 45.55 2
    endloop
  endfacet
  facet normal 1 0 0
    outer loop
      vertex 2 49.1 2
      vertex 2 52.6 2
      vertex 2 49.1 49.6
    endloop
  endfacet
  facet normal 0 -1 0
    outer loop
      vertex 2 52.6 2
      vertex 5.5 52.6 2
      vertex 2 52.6 49.6
    endloop
  endfacet
  facet normal 0 -1 0
    outer loop
      vertex 5.5 52.6 2
      vertex 35.35550418443139 52.6 23.08985635694109
      vertex 34.82512626584708 52.6 23.525126265847085
    endloop
  endfacet
  facet normal 0 -1 0
    outer loop
      vertex 5.5 52.6 2
      vertex 34.82512626584708 52.6 23.525126265847085
      vertex 34.38985635694109 52.6 24.055504184431392
    endloop
  endfacet
  facet normal 0 -1 0
    outer loop
      vertex 5.5 52.6 2
      vertex 34.38985635694109 52.6 24.055504184431392
      vertex 34.06642163621049 52.6 24.660607986722187
    endloop
  endfacet
  facet normal 0 -1 0
    outer loop
      vertex 5.5 52.6 2
      vertex 36.61718387294355 52.6 22.567251518588694
      vertex 35.96060798672218 52.6 22.766421636210495
    endloop
  endfacet
  facet normal 0 -1 0
    outer loop
      vertex 5.5 52.6 2
      vertex 35.96060798672218 52.6 22.766421636210495
      vertex 35.35550418443139 52.6 23.08985635694109
    endloop
  endfacet
  facet normal 0 -1 0
    outer loop
      vertex 5.5 52.6 2
      vertex 37.3 52.6 22.5
      vertex 36.61718387294355 52.6 22.567251518588694
    endloop
  endfacet
  facet normal 0 0 1
    outer loop
      vertex 26.327818140803902 40.513458566168 2
      vertex 26.299999999999997 40.02 2
      vertex 94.54092758621827 40.02 2
    endloop
  endfacet
  facet normal 0 0 1
    outer loop
      vertex 26.327818140803902 40.513458566168 2
      vertex 94.54092758621827 40.02 2
      vertex 26.744543648263004 40.85545635173699 2
    endloop
  endfacet
  facet normal 0 0 1
    outer loop
      vertex 26.744543648263004 40.85545635173699 2
      vertex 94.54092758621827 40.02 2
      vertex 27.086541433831997 41.27218185919609 2
    endloop
  endfacet
  facet normal 0 0 1
    outer loop
      vertex 8.733578363789503 50.43939201327782 2
      vertex 24.799999999999997 45.55 2
      vertex 98.747620560996 45.340668714406036 2
    endloop
  endfacet
  facet normal 0 0 1
    outer loop
      vertex 8.733578363789503 50.43939201327782 2
      vertex 115.86642163621049 50.43939201327782 2
      vertex 8.410143643058909 51.04449581556861 2
    endloop
  endfacet
  facet normal 0 0 1
    outer loop
      vertex 8.410143643058909 51.04449581556861 2
      vertex 116.18985635694109 51.04449581556861 2
      vertex 7.974873734152917 51.574873734152916 2
    endloop
  endfacet
  facet normal 0 0 1
    outer loop
      vertex 7.444495815568608 52.01014364305891 2
      vertex 7.974873734152917 51.574873734152916 2
      vertex 116.62512626584707 51.574873734152916 2
    endloop
  endfacet
  facet normal 0 0 1
    outer loop
      vertex 6.182816127056449 52.53274848141131 2
      vertex 6.8393920132778145 52.333578363789506 2
      vertex 117.76060798672218 52.333578363789506 2
    endloop
  endfacet
  facet normal 0 0 1
    outer loop
      vertex 5.5 52.6 2
      vertex 6.182816127056449 52.53274848141131 2
      vertex 118.41718387294354 52.53274848141131 2
    endloop
  endfacet
  facet normal 0 0 1
    outer loop
      vertex 7.444495815568608 52.01014364305891 2
      vertex 117.1555041844314 52.01014364305891 2
      vertex 6.8393920132778145 52.333578363789506 2
    endloop
  endfacet
  facet normal 0 0 1
    outer loop
      vertex 27.086541433831997 41.27218185919609 2
      vertex 94.54092758621827 40.02 2
      vertex 27.340668714406036 41.747620560996 2
    endloop
  endfacet
  facet normal 0 0 1
    outer loop
      vertex 27.340668714406036 41.747620560996 2
      vertex 94.54092758621827 40.02 2
      vertex 27.49715952110888 42.26350161445564 2
    endloop
  endfacet
  facet normal 0 0 1
    outer loop
      vertex 27.086541433831997 44.327818140803906 2
      vertex 27.340668714406036 43.852379439004 2
      vertex 97.25933128559396 43.852379439004 2
    endloop
  endfacet
  facet normal 0 0 1
    outer loop
      vertex 27.49715952110888 42.26350161445564 2
      vertex 97.10284047889111 42.26350161445564 2
      vertex 27.549999999999997 42.8 2
    endloop
  endfacet
  facet normal 0 0 1
    outer loop
      vertex 27.549999999999997 42.8 2
      vertex 97.10284047889111 43.33649838554435 2
      vertex 27.49715952110888 43.33649838554435 2
    endloop
  endfacet
  facet normal 0 0 1
    outer loop
      vertex 27.49715952110888 43.33649838554435 2
      vertex 97.10284047889111 43.33649838554435 2
      vertex 27.340668714406036 43.852379439004 2
    endloop
  endfacet
  facet normal 0 0 1
    outer loop
      vertex 27.086541433831997 44.327818140803906 2
      vertex 97.513458566168 44.327818140803906 2
      vertex 26.744543648263004 44.744543648263004 2
    endloop
  endfacet
  facet normal 0 0 1
    outer loop
      vertex 26.744543648263004 44.744543648263004 2
      vertex 97.85545635173699 44.744543648263004 2
      vertex 26.327818140803902 45.086541433832 2
    endloop
  endfacet
  facet normal 0 0 1
    outer loop
      vertex 24.799999999999997 45.55 2
      vertex 25.33649838554435 45.497159521108884 2
      vertex 98.747620560996 45.340668714406036 2
    endloop
  endfacet
  facet normal 0 0 1
    outer loop
      vertex 25.33649838554435 45.497159521108884 2
      vertex 25.852379439003993 45.340668714406036 2
      vertex 98.747620560996 45.340668714406036 2
    endloop
  endfacet
  facet normal 0 0 1
    outer loop
      vertex 26.327818140803902 45.086541433832 2
      vertex 98.747620560996 45.340668714406036 2
      vertex 25.852379439003993 45.340668714406036 2
    endloop
  endfacet
  facet normal 0 -1 0
    outer loop
      vertex 5.5 52.6 2
      vertex 119.1 52.6 2
      vertex 37.3 52.6 22.5
    endloop
  endfacet
  facet normal 1 0 0
    outer loop
      vertex 2 5.5 49.6
      vertex 2 49.1 2
      vertex 2 49.1 49.6
    endloop
  endfacet
  facet normal 0 -1 0
    outer loop
      vertex 5.5 52.6 2
      vertex 34.06642163621049 52.6 24.660607986722187
      vertex 5.5 52.6 49.6
    endloop
  endfacet
  facet normal 1 0 0
    outer loop
      vertex 2 52.6 2
      vertex 2 52.6 49.6
      vertex 2 49.1 49.6
    endloop
  endfacet
  facet normal 0 -1 0
    outer loop
      vertex 5.5 52.6 2
      vertex 5.5 52.6 49.6
      vertex 2 52.6 49.6
    endloop
  endfacet
  facet normal 0 -1 0
    outer loop
      vertex 5.5 52.6 49.6
      vertex 34.06642163621049 52.6 24.660607986722187
      vertex 33.86725151858869 52.6 25.317183872943552
    endloop
  endfacet
  facet normal 0 -1 0
    outer loop
      vertex 5.5 52.6 49.6
      vertex 33.86725151858869 52.6 25.317183872943552
      vertex 33.8 52.6 26
    endloop
  endfacet
  facet normal 0 -1 0
    outer loop
      vertex 5.5 52.6 49.6
      vertex 33.8 52.6 26
      vertex 33.86725151858869 52.6 26.682816127056448
    endloop
  endfacet
  facet normal 0 -1 0
    outer loop
      vertex 5.5 52.6 49.6
      vertex 33.86725151858869 52.6 26.682816127056448
      vertex 34.06642163621049 52.6 27.339392013277813
    endloop
  endfacet
  facet normal 0 -1 0
    outer loop
      vertex 5.5 52.6 49.6
      vertex 34.06642163621049 52.6 27.339392013277813
      vertex 34.38985635694109 52.6 27.944495815568608
    endloop
  endfacet
  facet normal 0 -1 0
    outer loop
      vertex 5.5 52.6 49.6
      vertex 34.38985635694109 52.6 27.944495815568608
      vertex 34.82512626584708 52.6 28.474873734152915
    endloop
  endfacet
  facet normal 0 -1 0
    outer loop
      vertex 5.5 52.6 49.6
      vertex 34.82512626584708 52.6 28.474873734152915
      vertex 35.35550418443139 52.6 28.91014364305891
    endloop
  endfacet
  facet normal 0 -1 0
    outer loop
      vertex 5.5 52.6 49.6
      vertex 35.35550418443139 52.6 28.91014364305891
      vertex 35.96060798672218 52.6 29.233578363789505
    endloop
  endfacet
  facet normal 0 -1 0
    outer loop
      vertex 5.5 52.6 49.6
      vertex 35.96060798672218 52.6 29.233578363789505
      vertex 36.61718387294355 52.6 29.432748481411306
    endloop
  endfacet
  facet normal 0 -1 0
    outer loop
      vertex 5.5 52.6 49.6
      vertex 36.61718387294355 52.6 29.432748481411306
      vertex 37.3 52.6 29.5
    endloop
  endfacet
  facet normal 0 -1 0
    outer loop
      vertex 5.5 52.6 49.6
      vertex 37.3 52.6 29.5
      vertex 37.982816127056445 52.6 29.432748481411306
    endloop
  endfacet
  facet normal 0 -1 0
    outer loop
      vertex 5.5 52.6 49.6
      vertex 38.63939201327781 52.6 29.233578363789505
      vertex 39.244495815568605 52.6 28.91014364305891
    endloop
  endfacet
  facet normal 0 -1 0
    outer loop
      vertex 5.5 52.6 49.6
      vertex 37.982816127056445 52.6 29.432748481411306
      vertex 38.63939201327781 52.6 29.233578363789505
    endloop
  endfacet
  facet normal 0 -1 0
    outer loop
      vertex 5.5 52.6 49.6
      vertex 39.244495815568605 52.6 28.91014364305891
      vertex 119.1 52.6 2
    endloop
  endfacet
  facet normal 0 0 1
    outer loop
      vertex 8.733578363789503 4.1606079867221855 2
      vertex 115.86642163621049 4.1606079867221855 2
      vertex 99.8 9.05 2
    endloop
  endfacet
  facet normal 0 0 1
    outer loop
      vertex 8.733578363789503 4.1606079867221855 2
      vertex 99.26350161445565 9.102840478891117 2
      vertex 98.747620560996 9.259331285593962 2
    endloop
  endfacet
  facet normal 0 0 1
    outer loop
      vertex 8.733578363789503 4.1606079867221855 2
      vertex 99.8 9.05 2
      vertex 99.26350161445565 9.102840478891117 2
    endloop
  endfacet
  facet normal 0 0 1
    outer loop
      vertex 26.327818140803902 9.513458566168001 2
      vertex 98.747620560996 9.259331285593962 2
      vertex 98.2721818591961 9.513458566168001 2
    endloop
  endfacet
  facet normal 0 0 1
    outer loop
      vertex 26.327818140803902 9.513458566168001 2
      vertex 98.2721818591961 9.513458566168001 2
      vertex 97.85545635173699 9.855456351736995 2
    endloop
  endfacet
  facet normal 0 0 1
    outer loop
      vertex 27.086541433831997 10.272181859196095 2
      vertex 97.85545635173699 9.855456351736995 2
      vertex 97.513458566168 10.272181859196095 2
    endloop
  endfacet
  facet normal 0 0 1
    outer loop
      vertex 27.340668714406036 10.747620560996005 2
      vertex 97.25933128559396 10.747620560996005 2
      vertex 97.10284047889111 11.263501614455649 2
    endloop
  endfacet
  facet normal 0 0 1
    outer loop
      vertex 27.49715952110888 11.263501614455649 2
      vertex 97.10284047889111 11.263501614455649 2
      vertex 97.05 11.8 2
    endloop
  endfacet
  facet normal 0 0 1
    outer loop
      vertex 27.49715952110888 11.263501614455649 2
      vertex 97.05 11.8 2
      vertex 97.10284047889111 12.336498385544353 2
    endloop
  endfacet
  facet normal 0 0 1
    outer loop
      vertex 27.49715952110888 11.263501614455649 2
      vertex 97.10284047889111 12.336498385544353 2
      vertex 97.25933128559396 12.852379439003997 2
    endloop
  endfacet
  facet normal 0 0 1
    outer loop
      vertex 27.340668714406036 10.747620560996005 2
      vertex 97.513458566168 10.272181859196095 2
      vertex 97.25933128559396 10.747620560996005 2
    endloop
  endfacet
  facet normal 0 0 1
    outer loop
      vertex 27.49715952110888 11.263501614455649 2
      vertex 97.25933128559396 12.852379439003997 2
      vertex 97.513458566168 13.327818140803906 2
    endloop
  endfacet
  facet normal 0 0 1
    outer loop
      vertex 27.49715952110888 11.263501614455649 2
      vertex 97.513458566168 13.327818140803906 2
      vertex 97.85545635173699 13.744543648263006 2
    endloop
  endfacet
  facet normal 0 0 1
    outer loop
      vertex 27.49715952110888 11.263501614455649 2
      vertex 97.85545635173699 13.744543648263006 2
      vertex 98.2721818591961 14.086541433832 2
    endloop
  endfacet
  facet normal 0 0 1
    outer loop
      vertex 27.49715952110888 11.263501614455649 2
      vertex 98.2721818591961 14.086541433832 2
      vertex 98.3 14.58 2
    endloop
  endfacet
  facet normal 0 0 1
    outer loop
      vertex 7.444495815568608 2.5898563569410915 2
      vertex 117.76060798672218 2.2664216362104965 2
      vertex 117.1555041844314 2.5898563569410915 2
    endloop
  endfacet
  facet normal 0 0 1
    outer loop
      vertex 5.5 2 2
      vertex 119.1 2 2
      vertex 118.41718387294354 2.0672515185886935 2
    endloop
  endfacet
  facet normal 0 0 1
    outer loop
      vertex 6.8393920132778145 2.2664216362104965 2
      vertex 118.41718387294354 2.0672515185886935 2
      vertex 117.76060798672218 2.2664216362104965 2
    endloop
  endfacet
  facet normal 0 0 1
    outer loop
      vertex 7.974873734152917 3.0251262658470837 2
      vertex 117.1555041844314 2.5898563569410915 2
      vertex 116.62512626584707 3.0251262658470837 2
    endloop
  endfacet
  facet normal 0 0 1
    outer loop
      vertex 8.410143643058909 3.5555041844313924 2
      vertex 116.62512626584707 3.0251262658470837 2
      vertex 116.18985635694109 3.5555041844313924 2
    endloop
  endfacet
  facet normal 0 0 1
    outer loop
      vertex 8.733578363789503 4.1606079867221855 2
      vertex 116.18985635694109 3.5555041844313924 2
      vertex 115.86642163621049 4.1606079867221855 2
    endloop
  endfacet
  facet normal 0 1 0
    outer loop
      vertex 5.5 2 2
      vertex 119.1 2 49.6
      vertex 119.1 2 2
    endloop
  endfacet
  facet normal 0 0 1
    outer loop
      vertex 99.8 9.05 2
      vertex 115.86642163621049 4.1606079867221855 2
      vertex 100.33649838554435 9.102840478891117 2
    endloop
  endfacet
  facet normal 0 0 1
    outer loop
      vertex 100.33649838554435 9.102840478891117 2
      vertex 115.86642163621049 4.1606079867221855 2
      vertex 100.852379439004 9.259331285593962 2
    endloop
  endfacet
  facet normal 0 0 1
    outer loop
      vertex 100.852379439004 9.259331285593962 2
      vertex 115.86642163621049 4.1606079867221855 2
      vertex 101.3278181408039 9.513458566168001 2
    endloop
  endfacet
  facet normal 0 0 1
    outer loop
      vertex 101.3278181408039 9.513458566168001 2
      vertex 115.66725151858869 4.817183872943551 2
      vertex 101.744543648263 9.855456351736995 2
    endloop
  endfacet
  facet normal 0 0 1
    outer loop
      vertex 101.744543648263 9.855456351736995 2
      vertex 115.6 5.5 2
      vertex 102.086541433832 10.272181859196095 2
    endloop
  endfacet
  facet normal 0 0 1
    outer loop
      vertex 102.086541433832 10.272181859196095 2
      vertex 115.66725151858869 6.182816127056449 2
      vertex 102.34066871440604 10.747620560996005 2
    endloop
  endfacet
  facet normal 0 0 1
    outer loop
      vertex 102.34066871440604 10.747620560996005 2
      vertex 115.86642163621049 6.8393920132778145 2
      vertex 102.49715952110888 11.263501614455649 2
    endloop
  endfacet
  facet normal 0 0 1
    outer loop
      vertex 102.49715952110888 11.263501614455649 2
      vertex 116.18985635694109 7.444495815568608 2
      vertex 102.55 11.8 2
    endloop
  endfacet
  facet normal 0 0 1
    outer loop
      vertex 101.3278181408039 9.513458566168001 2
      vertex 115.86642163621049 4.1606079867221855 2
      vertex 115.66725151858869 4.817183872943551 2
    endloop
  endfacet
  facet normal 0 0 1
    outer loop
      vertex 101.744543648263 9.855456351736995 2
      vertex 115.66725151858869 4.817183872943551 2
      vertex 115.6 5.5 2
    endloop
  endfacet
  facet normal 0 0 1
    outer loop
      vertex 119.1 2 2
      vertex 122.6 2 2
      vertex 119.78281612705645 2.0672515185886935 2
    endloop
  endfacet
  facet normal 0 0 1
    outer loop
      vertex 119.78281612705645 2.0672515185886935 2
      vertex 122.6 2 2
      vertex 120.43939201327781 2.2664216362104965 2
    endloop
  endfacet
  facet normal 0 0 1
    outer loop
      vertex 120.43939201327781 2.2664216362104965 2
      vertex 122.6 2 2
      vertex 121.0444958155686 2.5898563569410915 2
    endloop
  endfacet
  facet normal 0 0 1
    outer loop
      vertex 122.6 2 2
      vertex 121.57487373415292 3.0251262658470837 2
      vertex 121.0444958155686 2.5898563569410915 2
    endloop
  endfacet
  facet normal 0 0 1
    outer loop
      vertex 122.6 2 2
      vertex 122.0101436430589 3.5555041844313924 2
      vertex 121.57487373415292 3.0251262658470837 2
    endloop
  endfacet
  facet normal 0 0 1
    outer loop
      vertex 122.6 2 2
      vertex 122.3335783637895 4.1606079867221855 2
      vertex 122.0101436430589 3.5555041844313924 2
    endloop
  endfacet
  facet normal 0 0 1
    outer loop
      vertex 122.6 2 2
      vertex 122.5327484814113 4.817183872943551 2
      vertex 122.3335783637895 4.1606079867221855 2
    endloop
  endfacet
  facet normal 0 0 1
    outer loop
      vertex 122.6 2 2
      vertex 122.6 5.5 2
      vertex 122.5327484814113 4.817183872943551 2
    endloop
  endfacet
  facet normal 0 0 1
    outer loop
      vertex 102.086541433832 10.272181859196095 2
      vertex 115.6 5.5 2
      vertex 115.66725151858869 6.182816127056449 2
    endloop
  endfacet
  facet normal 0 0 1
    outer loop
      vertex 102.34066871440604 10.747620560996005 2
      vertex 115.66725151858869 6.182816127056449 2
      vertex 115.86642163621049 6.8393920132778145 2
    endloop
  endfacet
  facet normal 0 0 1
    outer loop
      vertex 102.49715952110888 11.263501614455649 2
      vertex 115.86642163621049 6.8393920132778145 2
      vertex 116.18985635694109 7.444495815568608 2
    endloop
  endfacet
  facet normal 0 0 1
    outer loop
      vertex 102.55 11.8 2
      vertex 116.18985635694109 7.444495815568608 2
      vertex 116.62512626584707 7.974873734152917 2
    endloop
  endfacet
  facet normal 0 0 1
    outer loop
      vertex 102.55 11.8 2
      vertex 116.62512626584707 7.974873734152917 2
      vertex 117.1555041844314 8.410143643058909 2
    endloop
  endfacet
  facet normal 0 0 1
    outer loop
      vertex 102.55 11.8 2
      vertex 117.1555041844314 8.410143643058909 2
      vertex 117.76060798672218 8.733578363789503 2
    endloop
  endfacet
  facet normal 0 0 1
    outer loop
      vertex 102.55 11.8 2
      vertex 117.76060798672218 8.733578363789503 2
      vertex 118.41718387294354 8.932748481411306 2
    endloop
  endfacet
  facet normal 0 0 1
    outer loop
      vertex 102.55 11.8 2
      vertex 118.41718387294354 8.932748481411306 2
      vertex 119.1 9 2
    endloop
  endfacet
  facet normal 0 0 1
    outer loop
      vertex 102.55 11.8 2
      vertex 119.1 9 2
      vertex 119.78281612705645 8.932748481411306 2
    endloop
  endfacet
  facet normal 0 1 0
    outer loop
      vertex 119.1 2 2
      vertex 122.6 2 49.6
      vertex 122.6 2 2
    endloop
  endfacet
  facet normal -1 0 0
    outer loop
      vertex 122.6 2 2
      vertex 122.6 5.5 49.6
      vertex 122.6 5.5 2
    endloop
  endfacet
  facet normal -1 0 0
    outer loop
      vertex 122.6 5.5 2
      vertex 122.6 5.5 49.6
      vertex 122.6 20.8 19.5
    endloop
  endfacet
  facet normal 0 0 1
    outer loop
      vertex 98.2721818591961 14.086541433832 2
      vertex 98.747620560996 14.34066871440604 2
      vertex 98.3 14.58 2
    endloop
  endfacet
  facet normal 0 0 1
    outer loop
      vertex 98.747620560996 14.34066871440604 2
      vertex 99.26350161445565 14.497159521108884 2
      vertex 99.26350161445565 40.10284047889111 2
    endloop
  endfacet
  facet normal 0 0 1
    outer loop
      vertex 98.747620560996 14.34066871440604 2
      vertex 98.747620560996 40.25933128559396 2
      vertex 98.3 14.58 2
    endloop
  endfacet
  facet normal 0 0 1
    outer loop
      vertex 99.26350161445565 14.497159521108884 2
      vertex 99.8 14.55 2
      vertex 99.26350161445565 40.10284047889111 2
    endloop
  endfacet
  facet normal 0 0 1
    outer loop
      vertex 102.55 11.8 2
      vertex 117.76060798672218 45.8664216362105 2
      vertex 102.49715952110888 12.336498385544353 2
    endloop
  endfacet
  facet normal 0 0 1
    outer loop
      vertex 102.49715952110888 12.336498385544353 2
      vertex 117.76060798672218 45.8664216362105 2
      vertex 102.34066871440604 12.852379439003997 2
    endloop
  endfacet
  facet normal 0 0 1
    outer loop
      vertex 101.744543648263 13.744543648263006 2
      vertex 117.76060798672218 45.8664216362105 2
      vertex 101.3278181408039 14.086541433832 2
    endloop
  endfacet
  facet normal 0 0 1
    outer loop
      vertex 100.33649838554435 14.497159521108884 2
      vertex 117.76060798672218 45.8664216362105 2
      vertex 99.8 14.55 2
    endloop
  endfacet
  facet normal 0 0 1
    outer loop
      vertex 100.33649838554435 14.497159521108884 2
      vertex 100.852379439004 14.34066871440604 2
      vertex 117.76060798672218 45.8664216362105 2
    endloop
  endfacet
  facet normal 0 0 1
    outer loop
      vertex 100.852379439004 14.34066871440604 2
      vertex 101.3278181408039 14.086541433832 2
      vertex 117.76060798672218 45.8664216362105 2
    endloop
  endfacet
  facet normal 0 0 1
    outer loop
      vertex 102.086541433832 13.327818140803906 2
      vertex 102.34066871440604 12.852379439003997 2
      vertex 117.76060798672218 45.8664216362105 2
    endloop
  endfacet
  facet normal 0 0 1
    outer loop
      vertex 102.086541433832 13.327818140803906 2
      vertex 117.76060798672218 45.8664216362105 2
      vertex 101.744543648263 13.744543648263006 2
    endloop
  endfacet
  facet normal 0 0 1
    outer loop
      vertex 122.6 5.5 2
      vertex 122.5327484814113 48.41718387294355 2
      vertex 122.5327484814113 6.182816127056449 2
    endloop
  endfacet
  facet normal 0 0 1
    outer loop
      vertex 122.5327484814113 6.182816127056449 2
      vertex 122.3335783637895 47.760607986722185 2
      vertex 122.3335783637895 6.8393920132778145 2
    endloop
  endfacet
  facet normal 0 0 1
    outer loop
      vertex 102.55 11.8 2
      vertex 119.78281612705645 8.932748481411306 2
      vertex 117.76060798672218 45.8664216362105 2
    endloop
  endfacet
  facet normal 0 0 1
    outer loop
      vertex 119.78281612705645 8.932748481411306 2
      vertex 120.43939201327781 8.733578363789503 2
      vertex 119.78281612705645 45.66725151858869 2
    endloop
  endfacet
  facet normal 0 0 1
    outer loop
      vertex 121.57487373415292 7.974873734152917 2
      vertex 121.0444958155686 46.18985635694109 2
      vertex 121.0444958155686 8.410143643058909 2
    endloop
  endfacet
  facet normal 0 0 1
    outer loop
      vertex 120.43939201327781 8.733578363789503 2
      vertex 121.0444958155686 8.410143643058909 2
      vertex 121.0444958155686 46.18985635694109 2
    endloop
  endfacet
  facet normal 0 0 1
    outer loop
      vertex 122.0101436430589 7.444495815568608 2
      vertex 121.57487373415292 46.625126265847086 2
      vertex 121.57487373415292 7.974873734152917 2
    endloop
  endfacet
  facet normal 0 0 1
    outer loop
      vertex 122.3335783637895 6.8393920132778145 2
      vertex 122.0101436430589 47.15550418443139 2
      vertex 122.0101436430589 7.444495815568608 2
    endloop
  endfacet
  facet normal -1 0 0
    outer loop
      vertex 122.6 5.5 2
      vertex 122.6 20.8 19.5
      vertex 122.6 33.8 19.5
    endloop
  endfacet
  facet normal 0 1 0
    outer loop
      vertex 119.1 2 2
      vertex 119.1 2 49.6
      vertex 122.6 2 49.6
    endloop
  endfacet
  facet normal -1 0 0
    outer loop
      vertex 122.6 2 2
      vertex 122.6 2 49.6
      vertex 122.6 5.5 49.6
    endloop
  endfacet
  facet normal -1 0 0
    outer loop
      vertex 122.6 5.5 49.6
      vertex 122.6 20.8 49.6
      vertex 122.6 20.8 19.5
    endloop
  endfacet
  facet normal 0 0 1
    outer loop
      vertex 8.733578363789503 50.43939201327782 2
      vertex 98.747620560996 45.340668714406036 2
      vertex 99.26350161445565 45.497159521108884 2
    endloop
  endfacet
  facet normal 0 0 1
    outer loop
      vertex 8.733578363789503 50.43939201327782 2
      vertex 99.26350161445565 45.497159521108884 2
      vertex 99.8 45.55 2
    endloop
  endfacet
  facet normal 0 0 1
    outer loop
      vertex 27.49715952110888 42.26350161445564 2
      vertex 94.54092758621827 40.02 2
      vertex 97.10284047889111 42.26350161445564 2
    endloop
  endfacet
  facet normal 0 0 1
    outer loop
      vertex 27.549999999999997 42.8 2
      vertex 97.10284047889111 42.26350161445564 2
      vertex 97.05 42.8 2
    endloop
  endfacet
  facet normal 0 0 1
    outer loop
      vertex 27.549999999999997 42.8 2
      vertex 97.05 42.8 2
      vertex 97.10284047889111 43.33649838554435 2
    endloop
  endfacet
  facet normal 0 0 1
    outer loop
      vertex 27.340668714406036 43.852379439004 2
      vertex 97.10284047889111 43.33649838554435 2
      vertex 97.25933128559396 43.852379439004 2
    endloop
  endfacet
  facet normal 0 0 1
    outer loop
      vertex 27.086541433831997 44.327818140803906 2
      vertex 97.25933128559396 43.852379439004 2
      vertex 97.513458566168 44.327818140803906 2
    endloop
  endfacet
  facet normal 0 0 1
    outer loop
      vertex 26.744543648263004 44.744543648263004 2
      vertex 97.513458566168 44.327818140803906 2
      vertex 97.85545635173699 44.744543648263004 2
    endloop
  endfacet
  facet normal 0 0 1
    outer loop
      vertex 26.327818140803902 45.086541433832 2
      vertex 97.85545635173699 44.744543648263004 2
      vertex 98.2721818591961 45.086541433832 2
    endloop
  endfacet
  facet normal 0 0 1
    outer loop
      vertex 26.327818140803902 45.086541433832 2
      vertex 98.2721818591961 45.086541433832 2
      vertex 98.747620560996 45.340668714406036 2
    endloop
  endfacet
  facet normal 0 0 1
    outer loop
      vertex 8.733578363789503 50.43939201327782 2
      vertex 99.8 45.55 2
      vertex 115.86642163621049 50.43939201327782 2
    endloop
  endfacet
  facet normal 0 0 1
    outer loop
      vertex 8.410143643058909 51.04449581556861 2
      vertex 115.86642163621049 50.43939201327782 2
      vertex 116.18985635694109 51.04449581556861 2
    endloop
  endfacet
  facet normal 0 0 1
    outer loop
      vertex 7.974873734152917 51.574873734152916 2
      vertex 116.18985635694109 51.04449581556861 2
      vertex 116.62512626584707 51.574873734152916 2
    endloop
  endfacet
  facet normal 0 0 1
    outer loop
      vertex 7.444495815568608 52.01014364305891 2
      vertex 116.62512626584707 51.574873734152916 2
      vertex 117.1555041844314 52.01014364305891 2
    endloop
  endfacet
  facet normal 0 0 1
    outer loop
      vertex 6.8393920132778145 52.333578363789506 2
      vertex 117.1555041844314 52.01014364305891 2
      vertex 117.76060798672218 52.333578363789506 2
    endloop
  endfacet
  facet normal 0 0 1
    outer loop
      vertex 6.182816127056449 52.53274848141131 2
      vertex 117.76060798672218 52.333578363789506 2
      vertex 118.41718387294354 52.53274848141131 2
    endloop
  endfacet
  facet normal 0 0 1
    outer loop
      vertex 5.5 52.6 2
      vertex 118.41718387294354 52.53274848141131 2
      vertex 119.1 52.6 2
    endloop
  endfacet
  facet normal 0 -1 0
    outer loop
      vertex 119.1 52.6 2
      vertex 37.982816127056445 52.6 22.567251518588694
      vertex 37.3 52.6 22.5
    endloop
  endfacet
  facet normal 0 -1 0
    outer loop
      vertex 119.1 52.6 2
      vertex 38.63939201327781 52.6 22.766421636210495
      vertex 37.982816127056445 52.6 22.567251518588694
    endloop
  endfacet
  facet normal 0 -1 0
    outer loop
      vertex 119.1 52.6 2
      vertex 39.244495815568605 52.6 23.08985635694109
      vertex 38.63939201327781 52.6 22.766421636210495
    endloop
  endfacet
  facet normal 0 -1 0
    outer loop
      vertex 119.1 52.6 2
      vertex 39.77487373415291 52.6 23.525126265847085
      vertex 39.244495815568605 52.6 23.08985635694109
    endloop
  endfacet
  facet normal 0 -1 0
    outer loop
      vertex 119.1 52.6 2
      vertex 40.210143643058906 52.6 24.055504184431392
      vertex 39.77487373415291 52.6 23.525126265847085
    endloop
  endfacet
  facet normal 0 -1 0
    outer loop
      vertex 119.1 52.6 2
      vertex 40.5335783637895 52.6 24.660607986722187
      vertex 40.210143643058906 52.6 24.055504184431392
    endloop
  endfacet
  facet normal 0 -1 0
    outer loop
      vertex 119.1 52.6 2
      vertex 40.732748481411306 52.6 25.317183872943552
      vertex 40.5335783637895 52.6 24.660607986722187
    endloop
  endfacet
  facet normal 0 -1 0
    outer loop
      vertex 119.1 52.6 2
      vertex 40.8 52.6 26
      vertex 40.732748481411306 52.6 25.317183872943552
    endloop
  endfacet
  facet normal 0 -1 0
    outer loop
      vertex 119.1 52.6 2
      vertex 40.732748481411306 52.6 26.682816127056448
      vertex 40.8 52.6 26
    endloop
  endfacet
  facet normal 0 -1 0
    outer loop
      vertex 119.1 52.6 2
      vertex 39.244495815568605 52.6 28.91014364305891
      vertex 39.77487373415291 52.6 28.474873734152915
    endloop
  endfacet
  facet normal 0 -1 0
    outer loop
      vertex 119.1 52.6 2
      vertex 40.5335783637895 52.6 27.339392013277813
      vertex 40.732748481411306 52.6 26.682816127056448
    endloop
  endfacet
  facet normal 0 -1 0
    outer loop
      vertex 119.1 52.6 2
      vertex 40.210143643058906 52.6 27.944495815568608
      vertex 40.5335783637895 52.6 27.339392013277813
    endloop
  endfacet
  facet normal 0 -1 0
    outer loop
      vertex 119.1 52.6 2
      vertex 39.77487373415291 52.6 28.474873734152915
      vertex 40.210143643058906 52.6 27.944495815568608
    endloop
  endfacet
  facet normal 0 0 1
    outer loop
      vertex 98.747620560996 40.25933128559396 2
      vertex 98.3 40.02 2
      vertex 98.3 14.58 2
    endloop
  endfacet
  facet normal 0 0 1
    outer loop
      vertex 98.747620560996 14.34066871440604 2
      vertex 99.26350161445565 40.10284047889111 2
      vertex 98.747620560996 40.25933128559396 2
    endloop
  endfacet
  facet normal 0 0 1
    outer loop
      vertex 99.8 14.55 2
      vertex 99.8 40.05 2
      vertex 99.26350161445565 40.10284047889111 2
    endloop
  endfacet
  facet normal 0 0 1
    outer loop
      vertex 99.8 14.55 2
      vertex 100.33649838554435 40.10284047889111 2
      vertex 99.8 40.05 2
    endloop
  endfacet
  facet normal 0 0 1
    outer loop
      vertex 99.8 14.55 2
      vertex 100.852379439004 40.25933128559396 2
      vertex 100.33649838554435 40.10284047889111 2
    endloop
  endfacet
  facet normal 0 0 1
    outer loop
      vertex 99.8 14.55 2
      vertex 101.3278181408039 40.513458566168 2
      vertex 100.852379439004 40.25933128559396 2
    endloop
  endfacet
  facet normal 0 0 1
    outer loop
      vertex 99.8 14.55 2
      vertex 101.744543648263 40.85545635173699 2
      vertex 101.3278181408039 40.513458566168 2
    endloop
  endfacet
  facet normal 0 0 1
    outer loop
      vertex 99.8 14.55 2
      vertex 102.086541433832 41.27218185919609 2
      vertex 101.744543648263 40.85545635173699 2
    endloop
  endfacet
  facet normal 0 0 1
    outer loop
      vertex 99.8 14.55 2
      vertex 102.34066871440604 41.747620560996 2
      vertex 102.086541433832 41.27218185919609 2
    endloop
  endfacet
  facet normal 0 0 1
    outer loop
      vertex 99.8 14.55 2
      vertex 102.49715952110888 42.26350161445564 2
      vertex 102.34066871440604 41.747620560996 2
    endloop
  endfacet
  facet normal 0 0 1
    outer loop
      vertex 97.513458566168 41.27218185919609 2
      vertex 94.54092758621827 40.02 2
      vertex 98.3 40.02 2
    endloop
  endfacet
  facet normal 0 0 1
    outer loop
      vertex 98.2721818591961 40.513458566168 2
      vertex 97.85545635173699 40.85545635173699 2
      vertex 98.3 40.02 2
    endloop
  endfacet
  facet normal 0 0 1
    outer loop
      vertex 97.85545635173699 40.85545635173699 2
      vertex 97.513458566168 41.27218185919609 2
      vertex 98.3 40.02 2
    endloop
  endfacet
  facet normal 0 0 1
    outer loop
      vertex 98.2721818591961 40.513458566168 2
      vertex 98.3 40.02 2
      vertex 98.747620560996 40.25933128559396 2
    endloop
  endfacet
  facet normal 0 0 1
    outer loop
      vertex 99.8 14.55 2
      vertex 117.1555041844314 46.18985635694109 2
      vertex 102.49715952110888 42.26350161445564 2
    endloop
  endfacet
  facet normal 0 0 1
    outer loop
      vertex 119.78281612705645 8.932748481411306 2
      vertex 118.41718387294354 45.66725151858869 2
      vertex 117.76060798672218 45.8664216362105 2
    endloop
  endfacet
  facet normal 0 0 1
    outer loop
      vertex 119.78281612705645 8.932748481411306 2
      vertex 119.1 45.6 2
      vertex 118.41718387294354 45.66725151858869 2
    endloop
  endfacet
  facet normal 0 0 1
    outer loop
      vertex 119.78281612705645 8.932748481411306 2
      vertex 119.78281612705645 45.66725151858869 2
      vertex 119.1 45.6 2
    endloop
  endfacet
  facet normal 0 0 1
    outer loop
      vertex 120.43939201327781 8.733578363789503 2
      vertex 120.43939201327781 45.8664216362105 2
      vertex 119.78281612705645 45.66725151858869 2
    endloop
  endfacet
  facet normal 0 0 1
    outer loop
      vertex 120.43939201327781 8.733578363789503 2
      vertex 121.0444958155686 46.18985635694109 2
      vertex 120.43939201327781 45.8664216362105 2
    endloop
  endfacet
  facet normal 0 0 1
    outer loop
      vertex 121.57487373415292 7.974873734152917 2
      vertex 121.57487373415292 46.625126265847086 2
      vertex 121.0444958155686 46.18985635694109 2
    endloop
  endfacet
  facet normal 0 0 1
    outer loop
      vertex 122.0101436430589 7.444495815568608 2
      vertex 122.0101436430589 47.15550418443139 2
      vertex 121.57487373415292 46.625126265847086 2
    endloop
  endfacet
  facet normal 0 0 1
    outer loop
      vertex 122.3335783637895 6.8393920132778145 2
      vertex 122.3335783637895 47.760607986722185 2
      vertex 122.0101436430589 47.15550418443139 2
    endloop
  endfacet
  facet normal 0 0 1
    outer loop
      vertex 122.5327484814113 6.182816127056449 2
      vertex 122.5327484814113 48.41718387294355 2
      vertex 122.3335783637895 47.760607986722185 2
    endloop
  endfacet
  facet normal -1 0 0
    outer loop
      vertex 122.6 5.5 2
      vertex 122.6 33.8 19.5
      vertex 122.6 49.1 2
    endloop
  endfacet
  facet normal 0 0 1
    outer loop
      vertex 99.8 14.55 2
      vertex 117.76060798672218 45.8664216362105 2
      vertex 117.1555041844314 46.18985635694109 2
    endloop
  endfacet
  facet normal 0 0 1
    outer loop
      vertex 122.6 5.5 2
      vertex 122.6 49.1 2
      vertex 122.5327484814113 48.41718387294355 2
    endloop
  endfacet
  facet normal 0 0 1
    outer loop
      vertex 97.25933128559396 41.747620560996 2
      vertex 97.10284047889111 42.26350161445564 2
      vertex 94.54092758621827 40.02 2
    endloop
  endfacet
  facet normal 0 0 1
    outer loop
      vertex 97.25933128559396 41.747620560996 2
      vertex 94.54092758621827 40.02 2
      vertex 97.513458566168 41.27218185919609 2
    endloop
  endfacet
  facet normal 0 0 1
    outer loop
      vertex 102.49715952110888 42.26350161445564 2
      vertex 116.62512626584707 46.625126265847086 2
      vertex 102.55 42.8 2
    endloop
  endfacet
  facet normal 0 0 1
    outer loop
      vertex 102.49715952110888 43.33649838554435 2
      vertex 115.86642163621049 47.760607986722185 2
      vertex 102.34066871440604 43.852379439004 2
    endloop
  endfacet
  facet normal 0 0 1
    outer loop
      vertex 102.086541433832 44.327818140803906 2
      vertex 102.34066871440604 43.852379439004 2
      vertex 115.66725151858869 48.41718387294355 2
    endloop
  endfacet
  facet normal 0 0 1
    outer loop
      vertex 102.086541433832 44.327818140803906 2
      vertex 115.6 49.1 2
      vertex 101.744543648263 44.744543648263004 2
    endloop
  endfacet
  facet normal 0 0 1
    outer loop
      vertex 102.55 42.8 2
      vertex 116.18985635694109 47.15550418443139 2
      vertex 102.49715952110888 43.33649838554435 2
    endloop
  endfacet
  facet normal 0 0 1
    outer loop
      vertex 101.744543648263 44.744543648263004 2
      vertex 115.66725151858869 49.78281612705645 2
      vertex 101.3278181408039 45.086541433832 2
    endloop
  endfacet
  facet normal 0 0 1
    outer loop
      vertex 99.8 45.55 2
      vertex 100.33649838554435 45.497159521108884 2
      vertex 115.86642163621049 50.43939201327782 2
    endloop
  endfacet
  facet normal 0 0 1
    outer loop
      vertex 100.33649838554435 45.497159521108884 2
      vertex 100.852379439004 45.340668714406036 2
      vertex 115.86642163621049 50.43939201327782 2
    endloop
  endfacet
  facet normal 0 0 1
    outer loop
      vertex 100.852379439004 45.340668714406036 2
      vertex 101.3278181408039 45.086541433832 2
      vertex 115.86642163621049 50.43939201327782 2
    endloop
  endfacet
  facet normal 0 0 1
    outer loop
      vertex 102.49715952110888 42.26350161445564 2
      vertex 117.1555041844314 46.18985635694109 2
      vertex 116.62512626584707 46.625126265847086 2
    endloop
  endfacet
  facet normal 0 0 1
    outer loop
      vertex 102.55 42.8 2
      vertex 116.62512626584707 46.625126265847086 2
      vertex 116.18985635694109 47.15550418443139 2
    endloop
  endfacet
  facet normal 0 0 1
    outer loop
      vertex 102.49715952110888 43.33649838554435 2
      vertex 116.18985635694109 47.15550418443139 2
      vertex 115.86642163621049 47.760607986722185 2
    endloop
  endfacet
  facet normal 0 0 1
    outer loop
      vertex 102.34066871440604 43.852379439004 2
      vertex 115.86642163621049 47.760607986722185 2
      vertex 115.66725151858869 48.41718387294355 2
    endloop
  endfacet
  facet normal 0 0 1
    outer loop
      vertex 102.086541433832 44.327818140803906 2
      vertex 115.66725151858869 48.41718387294355 2
      vertex 115.6 49.1 2
    endloop
  endfacet
  facet normal 0 0 1
    outer loop
      vertex 101.3278181408039 45.086541433832 2
      vertex 115.66725151858869 49.78281612705645 2
      vertex 115.86642163621049 50.43939201327782 2
    endloop
  endfacet
  facet normal 0 0 1
    outer loop
      vertex 101.744543648263 44.744543648263004 2
      vertex 115.6 49.1 2
      vertex 115.66725151858869 49.78281612705645 2
    endloop
  endfacet
  facet normal 0 0 1
    outer loop
      vertex 122.6 49.1 2
      vertex 122.6 52.6 2
      vertex 122.5327484814113 49.78281612705645 2
    endloop
  endfacet
  facet normal 0 0 1
    outer loop
      vertex 122.5327484814113 49.78281612705645 2
      vertex 122.6 52.6 2
      vertex 122.3335783637895 50.43939201327782 2
    endloop
  endfacet
  facet normal 0 0 1
    outer loop
      vertex 119.1 52.6 2
      vertex 119.78281612705645 52.53274848141131 2
      vertex 122.6 52.6 2
    endloop
  endfacet
  facet normal 0 0 1
    outer loop
      vertex 122.3335783637895 50.43939201327782 2
      vertex 122.6 52.6 2
      vertex 122.0101436430589 51.04449581556861 2
    endloop
  endfacet
  facet normal 0 0 1
    outer loop
      vertex 122.0101436430589 51.04449581556861 2
      vertex 122.6 52.6 2
      vertex 121.57487373415292 51.574873734152916 2
    endloop
  endfacet
  facet normal 0 0 1
    outer loop
      vertex 120.43939201327781 52.333578363789506 2
      vertex 121.0444958155686 52.01014364305891 2
      vertex 122.6 52.6 2
    endloop
  endfacet
  facet normal 0 0 1
    outer loop
      vertex 120.43939201327781 52.333578363789506 2
      vertex 122.6 52.6 2
      vertex 119.78281612705645 52.53274848141131 2
    endloop
  endfacet
  facet normal 0 0 1
    outer loop
      vertex 121.57487373415292 51.574873734152916 2
      vertex 122.6 52.6 2
      vertex 121.0444958155686 52.01014364305891 2
    endloop
  endfacet
  facet normal -1 0 0
    outer loop
      vertex 122.6 49.1 2
      vertex 122.6 33.8 19.5
      vertex 122.6 49.1 49.6
    endloop
  endfacet
  facet normal 0 -1 0
    outer loop
      vertex 119.1 52.6 2
      vertex 122.6 52.6 2
      vertex 119.1 52.6 49.6
    endloop
  endfacet
  facet normal -1 0 0
    outer loop
      vertex 122.6 49.1 2
      vertex 122.6 52.6 49.6
      vertex 122.6 52.6 2
    endloop
  endfacet
  facet normal 0 -1 0
    outer loop
      vertex 5.5 52.6 49.6
      vertex 119.1 52.6 2
      vertex 119.1 52.6 49.6
    endloop
  endfacet
  facet normal -1 0 0
    outer loop
      vertex 122.6 49.1 49.6
      vertex 122.6 33.8 19.5
      vertex 122.6 33.8 49.6
    endloop
  endfacet
  facet normal -1 0 0
    outer loop
      vertex 122.6 49.1 2
      vertex 122.6 49.1 49.6
      vertex 122.6 52.6 49.6
    endloop
  endfacet
  facet normal 0 -1 0
    outer loop
      vertex 122.6 52.6 2
      vertex 122.6 52.6 49.6
      vertex 119.1 52.6 49.6
    endloop
  endfacet
  facet normal -0.6343932841636437 -0.7730104533627385 0
    outer loop
      vertex 23.272181859196092 9.513458566168001 2
      vertex 23.272181859196092 9.513458566168001 7
      vertex 22.85545635173699 9.855456351736995 2
    endloop
  endfacet
  facet normal -0.7730104533627388 -0.6343932841636434 -3.3062144032316188e-18
    outer loop
      vertex 22.85545635173699 9.855456351736995 2
      vertex 22.513458566167998 10.272181859196095 7
      vertex 22.513458566167998 10.272181859196095 2
    endloop
  endfacet
  facet normal -0.6343932841636437 -0.7730104533627385 0
    outer loop
      vertex 22.85545635173699 9.855456351736995 2
      vertex 23.272181859196092 9.513458566168001 7
      vertex 22.85545635173699 9.855456351736995 7
    endloop
  endfacet
  facet normal -0.7730104533627388 -0.6343932841636434 0
    outer loop
      vertex 22.85545635173699 9.855456351736995 2
      vertex 22.85545635173699 9.855456351736995 7
      vertex 22.513458566167998 10.272181859196095 7
    endloop
  endfacet
  facet normal -0.8819212643483552 -0.4713967368259975 0
    outer loop
      vertex 22.25933128559396 10.747620560996005 2
      vertex 22.513458566167998 10.272181859196095 2
      vertex 22.25933128559396 10.747620560996005 7
    endloop
  endfacet
  facet normal -0.956940335732209 -0.2902846772544617 1.1857548251376891e-18
    outer loop
      vertex 22.25933128559396 10.747620560996005 2
      vertex 22.102840478891114 11.263501614455649 7
      vertex 22.102840478891114 11.263501614455649 2
    endloop
  endfacet
  facet normal -0.9951847266721968 -0.09801714032956166 4.61224900278757e-19
    outer loop
      vertex 22.102840478891114 11.263501614455649 2
      vertex 22.049999999999997 11.8 7
      vertex 22.049999999999997 11.8 2
    endloop
  endfacet
  facet normal -0.956940335732209 -0.2902846772544617 0
    outer loop
      vertex 22.25933128559396 10.747620560996005 2
      vertex 22.25933128559396 10.747620560996005 7
      vertex 22.102840478891114 11.263501614455649 7
    endloop
  endfacet
  facet normal -0.8819212643483552 -0.4713967368259975 0
    outer loop
      vertex 22.513458566167998 10.272181859196095 2
      vertex 22.513458566167998 10.272181859196095 7
      vertex 22.25933128559396 10.747620560996005 7
    endloop
  endfacet
  facet normal -0.9951847266721968 -0.09801714032956166 0
    outer loop
      vertex 22.102840478891114 11.263501614455649 2
      vertex 22.102840478891114 11.263501614455649 7
      vertex 22.049999999999997 11.8 7
    endloop
  endfacet
  facet normal -0.9951847266721968 0.09801714032956166 -4.61224900278757e-19
    outer loop
      vertex 22.049999999999997 11.8 2
      vertex 22.102840478891114 12.336498385544353 7
      vertex 22.102840478891114 12.336498385544353 2
    endloop
  endfacet
  facet normal -0.956940335732209 0.2902846772544617 -1.1857548251376891e-18
    outer loop
      vertex 22.102840478891114 12.336498385544353 2
      vertex 22.25933128559396 12.852379439003997 7
      vertex 22.25933128559396 12.852379439003997 2
    endloop
  endfacet
  facet normal -0.8819212643483552 0.4713967368259975 -8.17653196596404e-19
    outer loop
      vertex 22.25933128559396 12.852379439003997 2
      vertex 22.513458566167998 13.327818140803906 7
      vertex 22.513458566167998 13.327818140803906 2
    endloop
  endfacet
  facet normal -0.7730104533627388 0.6343932841636434 3.3062144032316188e-18
    outer loop
      vertex 22.513458566167998 13.327818140803906 2
      vertex 22.85545635173699 13.744543648263006 7
      vertex 22.85545635173699 13.744543648263006 2
    endloop
  endfacet
  facet normal -0.9951847266721968 0.09801714032956166 0
    outer loop
      vertex 22.049999999999997 11.8 2
      vertex 22.049999999999997 11.8 7
      vertex 22.102840478891114 12.336498385544353 7
    endloop
  endfacet
  facet normal -0.956940335732209 0.2902846772544617 0
    outer loop
      vertex 22.102840478891114 12.336498385544353 2
      vertex 22.102840478891114 12.336498385544353 7
      vertex 22.25933128559396 12.852379439003997 7
    endloop
  endfacet
  facet normal -0.8819212643483552 0.4713967368259975 0
    outer loop
      vertex 22.25933128559396 12.852379439003997 2
      vertex 22.25933128559396 12.852379439003997 7
      vertex 22.513458566167998 13.327818140803906 7
    endloop
  endfacet
  facet normal -0.7730104533627388 0.6343932841636434 0
    outer loop
      vertex 22.513458566167998 13.327818140803906 2
      vertex 22.513458566167998 13.327818140803906 7
      vertex 22.85545635173699 13.744543648263006 7
    endloop
  endfacet
  facet normal -0.4713967368259975 -0.8819212643483552 8.17653196596404e-19
    outer loop
      vertex 23.272181859196092 9.513458566168001 2
      vertex 23.747620560996 9.259331285593962 2
      vertex 23.747620560996 9.259331285593962 7
    endloop
  endfacet
  facet normal -0.2902846772544617 -0.956940335732209 1.1857548251376891e-18
    outer loop
      vertex 23.747620560996 9.259331285593962 2
      vertex 24.263501614455645 9.102840478891117 2
      vertex 24.263501614455645 9.102840478891117 7
    endloop
  endfacet
  facet normal -0.09801714032956166 -0.9951847266721968 4.61224900278757e-19
    outer loop
      vertex 24.263501614455645 9.102840478891117 2
      vertex 24.799999999999997 9.05 2
      vertex 24.799999999999997 9.05 7
    endloop
  endfacet
  facet normal 0.09801714032956166 -0.9951847266721968 -4.61224900278757e-19
    outer loop
      vertex 24.799999999999997 9.05 2
      vertex 25.33649838554435 9.102840478891117 2
      vertex 25.33649838554435 9.102840478891117 7
    endloop
  endfacet
  facet normal 0.2902846772544617 -0.956940335732209 -1.1857548251376891e-18
    outer loop
      vertex 25.33649838554435 9.102840478891117 2
      vertex 25.852379439003993 9.259331285593962 2
      vertex 25.852379439003993 9.259331285593962 7
    endloop
  endfacet
  facet normal 0.4713967368259975 -0.8819212643483552 -8.17653196596404e-19
    outer loop
      vertex 25.852379439003993 9.259331285593962 2
      vertex 26.327818140803902 9.513458566168001 2
      vertex 26.327818140803902 9.513458566168001 7
    endloop
  endfacet
  facet normal 0.6343932841636437 -0.7730104533627385 -1.242116018407027e-18
    outer loop
      vertex 26.327818140803902 9.513458566168001 2
      vertex 26.744543648263004 9.855456351736995 2
      vertex 26.744543648263004 9.855456351736995 7
    endloop
  endfacet
  facet normal 0.7730104533627388 -0.6343932841636434 0
    outer loop
      vertex 26.744543648263004 9.855456351736995 2
      vertex 27.086541433831997 10.272181859196095 2
      vertex 26.744543648263004 9.855456351736995 7
    endloop
  endfacet
  facet normal -0.2902846772544617 -0.956940335732209 0
    outer loop
      vertex 23.747620560996 9.259331285593962 2
      vertex 24.263501614455645 9.102840478891117 7
      vertex 23.747620560996 9.259331285593962 7
    endloop
  endfacet
  facet normal -0.09801714032956166 -0.9951847266721968 0
    outer loop
      vertex 24.263501614455645 9.102840478891117 2
      vertex 24.799999999999997 9.05 7
      vertex 24.263501614455645 9.102840478891117 7
    endloop
  endfacet
  facet normal 0.09801714032956166 -0.9951847266721968 0
    outer loop
      vertex 24.799999999999997 9.05 2
      vertex 25.33649838554435 9.102840478891117 7
      vertex 24.799999999999997 9.05 7
    endloop
  endfacet
  facet normal -0.4713967368259975 -0.8819212643483552 0
    outer loop
      vertex 23.272181859196092 9.513458566168001 2
      vertex 23.747620560996 9.259331285593962 7
      vertex 23.272181859196092 9.513458566168001 7
    endloop
  endfacet
  facet normal 0.2902846772544617 -0.956940335732209 0
    outer loop
      vertex 25.33649838554435 9.102840478891117 2
      vertex 25.852379439003993 9.259331285593962 7
      vertex 25.33649838554435 9.102840478891117 7
    endloop
  endfacet
  facet normal 0.4713967368259975 -0.8819212643483552 0
    outer loop
      vertex 25.852379439003993 9.259331285593962 2
      vertex 26.327818140803902 9.513458566168001 7
      vertex 25.852379439003993 9.259331285593962 7
    endloop
  endfacet
  facet normal 0.6343932841636437 -0.7730104533627385 0
    outer loop
      vertex 26.327818140803902 9.513458566168001 2
      vertex 26.744543648263004 9.855456351736995 7
      vertex 26.327818140803902 9.513458566168001 7
    endloop
  endfacet
  facet normal 0.7730104533627388 -0.6343932841636434 0
    outer loop
      vertex 27.086541433831997 10.272181859196095 2
      vertex 27.086541433831997 10.272181859196095 7
      vertex 26.744543648263004 9.855456351736995 7
    endloop
  endfacet
  facet normal 0.8819212643483552 -0.4713967368259975 0
    outer loop
      vertex 27.086541433831997 10.272181859196095 2
      vertex 27.340668714406036 10.747620560996005 2
      vertex 27.086541433831997 10.272181859196095 7
    endloop
  endfacet
  facet normal 0.8819212643483552 -0.4713967368259975 0
    outer loop
      vertex 27.340668714406036 10.747620560996005 2
      vertex 27.340668714406036 10.747620560996005 7
      vertex 27.086541433831997 10.272181859196095 7
    endloop
  endfacet
  facet normal 0.8819212643483552 0.4713967368259975 8.17653196596404e-19
    outer loop
      vertex 27.086541433831997 13.327818140803906 2
      vertex 27.340668714406036 12.852379439003997 7
      vertex 27.340668714406036 12.852379439003997 2
    endloop
  endfacet
  facet normal 0.7730104533627388 0.6343932841636434 0
    outer loop
      vertex 27.086541433831997 13.327818140803906 2
      vertex 26.744543648263004 13.744543648263006 2
      vertex 27.086541433831997 13.327818140803906 7
    endloop
  endfacet
  facet normal 0.8819212643483552 0.4713967368259975 0
    outer loop
      vertex 27.086541433831997 13.327818140803906 2
      vertex 27.086541433831997 13.327818140803906 7
      vertex 27.340668714406036 12.852379439003997 7
    endloop
  endfacet
  facet normal 0.7730104533627388 0.6343932841636434 -3.3062144032316188e-18
    outer loop
      vertex 27.086541433831997 13.327818140803906 7
      vertex 26.744543648263004 13.744543648263006 2
      vertex 26.744543648263004 13.744543648263006 7
    endloop
  endfacet
  facet normal 0.956940335732209 -0.2902846772544617 0
    outer loop
      vertex 27.340668714406036 10.747620560996005 2
      vertex 27.49715952110888 11.263501614455649 2
      vertex 27.340668714406036 10.747620560996005 7
    endloop
  endfacet
  facet normal 0.9951847266721968 -0.09801714032956166 0
    outer loop
      vertex 27.49715952110888 11.263501614455649 2
      vertex 27.549999999999997 11.8 2
      vertex 27.49715952110888 11.263501614455649 7
    endloop
  endfacet
  facet normal 0.956940335732209 -0.2902846772544617 0
    outer loop
      vertex 27.49715952110888 11.263501614455649 2
      vertex 27.49715952110888 11.263501614455649 7
      vertex 27.340668714406036 10.747620560996005 7
    endloop
  endfacet
  facet normal 0.9951847266721968 -0.09801714032956166 0
    outer loop
      vertex 27.549999999999997 11.8 2
      vertex 27.549999999999997 11.8 7
      vertex 27.49715952110888 11.263501614455649 7
    endloop
  endfacet
  facet normal 0.9951847266721968 0.09801714032956166 0
    outer loop
      vertex 27.549999999999997 11.8 2
      vertex 27.49715952110888 12.336498385544353 2
      vertex 27.549999999999997 11.8 7
    endloop
  endfacet
  facet normal 0.956940335732209 0.2902846772544617 0
    outer loop
      vertex 27.49715952110888 12.336498385544353 2
      vertex 27.340668714406036 12.852379439003997 2
      vertex 27.49715952110888 12.336498385544353 7
    endloop
  endfacet
  facet normal 0.9951847266721968 0.09801714032956166 0
    outer loop
      vertex 27.49715952110888 12.336498385544353 2
      vertex 27.49715952110888 12.336498385544353 7
      vertex 27.549999999999997 11.8 7
    endloop
  endfacet
  facet normal 0.956940335732209 0.2902846772544617 0
    outer loop
      vertex 27.340668714406036 12.852379439003997 2
      vertex 27.340668714406036 12.852379439003997 7
      vertex 27.49715952110888 12.336498385544353 7
    endloop
  endfacet
  facet normal 0 0 1
    outer loop
      vertex 23.272181859196092 9.513458566168001 7
      vertex 22.85545635173699 13.744543648263006 7
      vertex 22.85545635173699 9.855456351736995 7
    endloop
  endfacet
  facet normal 0 0 1
    outer loop
      vertex 22.25933128559396 10.747620560996005 7
      vertex 22.513458566167998 10.272181859196095 7
      vertex 22.25933128559396 12.852379439003997 7
    endloop
  endfacet
  facet normal 0 0 1
    outer loop
      vertex 22.25933128559396 10.747620560996005 7
      vertex 22.102840478891114 12.336498385544353 7
      vertex 22.102840478891114 11.263501614455649 7
    endloop
  endfacet
  facet normal 0 0 1
    outer loop
      vertex 22.102840478891114 11.263501614455649 7
      vertex 22.102840478891114 12.336498385544353 7
      vertex 22.049999999999997 11.8 7
    endloop
  endfacet
  facet normal 0 0 1
    outer loop
      vertex 22.85545635173699 9.855456351736995 7
      vertex 22.513458566167998 13.327818140803906 7
      vertex 22.513458566167998 10.272181859196095 7
    endloop
  endfacet
  facet normal 0 0 1
    outer loop
      vertex 22.25933128559396 10.747620560996005 7
      vertex 22.25933128559396 12.852379439003997 7
      vertex 22.102840478891114 12.336498385544353 7
    endloop
  endfacet
  facet normal 0 0 1
    outer loop
      vertex 22.513458566167998 10.272181859196095 7
      vertex 22.513458566167998 13.327818140803906 7
      vertex 22.25933128559396 12.852379439003997 7
    endloop
  endfacet
  facet normal 0 0 1
    outer loop
      vertex 22.85545635173699 9.855456351736995 7
      vertex 22.85545635173699 13.744543648263006 7
      vertex 22.513458566167998 13.327818140803906 7
    endloop
  endfacet
  facet normal 0 0 1
    outer loop
      vertex 23.272181859196092 9.513458566168001 7
      vertex 23.272181859196092 14.086541433832 7
      vertex 22.85545635173699 13.744543648263006 7
    endloop
  endfacet
  facet normal 0 0 1
    outer loop
      vertex 23.747620560996 9.259331285593962 7
      vertex 24.263501614455645 9.102840478891117 7
      vertex 24.077758697074515 10.719089504006693 7
    endloop
  endfacet
  facet normal 0 0 1
    outer loop
      vertex 24.263501614455645 9.102840478891117 7
      vertex 24.30251153792538 10.598956607735328 7
      vertex 24.077758697074515 10.719089504006693 7
    endloop
  endfacet
  facet normal 0 0 1
    outer loop
      vertex 24.263501614455645 9.102840478891117 7
      vertex 24.799999999999997 9.05 7
      vertex 24.54638258137903 10.524979135475801 7
    endloop
  endfacet
  facet normal 0 0 1
    outer loop
      vertex 24.799999999999997 9.05 7
      vertex 25.33649838554435 9.102840478891117 7
      vertex 25.053617418620963 10.524979135475801 7
    endloop
  endfacet
  facet normal 0 0 1
    outer loop
      vertex 24.263501614455645 9.102840478891117 7
      vertex 24.54638258137903 10.524979135475801 7
      vertex 24.30251153792538 10.598956607735328 7
    endloop
  endfacet
  facet normal 0 0 1
    outer loop
      vertex 24.799999999999997 9.05 7
      vertex 24.799999999999997 10.5 7
      vertex 24.54638258137903 10.524979135475801 7
    endloop
  endfacet
  facet normal 0 0 1
    outer loop
      vertex 24.799999999999997 9.05 7
      vertex 25.053617418620963 10.524979135475801 7
      vertex 24.799999999999997 10.5 7
    endloop
  endfacet
  facet normal 0 0 1
    outer loop
      vertex 25.33649838554435 9.102840478891117 7
      vertex 25.297488462074615 10.598956607735328 7
      vertex 25.053617418620963 10.524979135475801 7
    endloop
  endfacet
  facet normal 0 0 1
    outer loop
      vertex 25.33649838554435 9.102840478891117 7
      vertex 25.852379439003993 9.259331285593962 7
      vertex 25.297488462074615 10.598956607735328 7
    endloop
  endfacet
  facet normal 0 0 1
    outer loop
      vertex 25.852379439003993 9.259331285593962 7
      vertex 25.52224130292548 10.719089504006693 7
      vertex 25.297488462074615 10.598956607735328 7
    endloop
  endfacet
  facet normal 0 0 1
    outer loop
      vertex 25.852379439003993 9.259331285593962 7
      vertex 26.327818140803902 9.513458566168001 7
      vertex 25.71923881554251 10.880761184457489 7
    endloop
  endfacet
  facet normal 0 0 1
    outer loop
      vertex 23.747620560996 9.259331285593962 7
      vertex 23.880761184457484 10.880761184457489 7
      vertex 23.71908950400669 11.077758697074518 7
    endloop
  endfacet
  facet normal 0 0 1
    outer loop
      vertex 23.747620560996 9.259331285593962 7
      vertex 23.71908950400669 11.077758697074518 7
      vertex 23.598956607735325 11.302511537925383 7
    endloop
  endfacet
  facet normal 0 0 1
    outer loop
      vertex 23.747620560996 9.259331285593962 7
      vertex 24.077758697074515 10.719089504006693 7
      vertex 23.880761184457484 10.880761184457489 7
    endloop
  endfacet
  facet normal 0 0 1
    outer loop
      vertex 23.747620560996 9.259331285593962 7
      vertex 23.524979135475796 11.546382581379033 7
      vertex 23.499999999999996 11.8 7
    endloop
  endfacet
  facet normal 0 0 1
    outer loop
      vertex 23.747620560996 9.259331285593962 7
      vertex 23.598956607735325 11.302511537925383 7
      vertex 23.524979135475796 11.546382581379033 7
    endloop
  endfacet
  facet normal 0 0 1
    outer loop
      vertex 23.272181859196092 9.513458566168001 7
      vertex 23.747620560996 9.259331285593962 7
      vertex 23.272181859196092 14.086541433832 7
    endloop
  endfacet
  facet normal 0 0 1
    outer loop
      vertex 23.747620560996 9.259331285593962 7
      vertex 23.499999999999996 11.8 7
      vertex 23.272181859196092 14.086541433832 7
    endloop
  endfacet
  facet normal 0 0 1
    outer loop
      vertex 25.852379439003993 9.259331285593962 7
      vertex 25.71923881554251 10.880761184457489 7
      vertex 25.52224130292548 10.719089504006693 7
    endloop
  endfacet
  facet normal 0 0 1
    outer loop
      vertex 26.327818140803902 9.513458566168001 7
      vertex 25.880910495993305 11.077758697074518 7
      vertex 25.71923881554251 10.880761184457489 7
    endloop
  endfacet
  facet normal 0 0 1
    outer loop
      vertex 26.327818140803902 9.513458566168001 7
      vertex 26.00104339226467 11.302511537925383 7
      vertex 25.880910495993305 11.077758697074518 7
    endloop
  endfacet
  facet normal 0 0 1
    outer loop
      vertex 26.327818140803902 9.513458566168001 7
      vertex 26.0750208645242 11.546382581379033 7
      vertex 26.00104339226467 11.302511537925383 7
    endloop
  endfacet
  facet normal 0 0 1
    outer loop
      vertex 26.327818140803902 9.513458566168001 7
      vertex 26.099999999999998 11.8 7
      vertex 26.0750208645242 11.546382581379033 7
    endloop
  endfacet
  facet normal 0 0 1
    outer loop
      vertex 26.327818140803902 9.513458566168001 7
      vertex 25.852379439003993 14.34066871440604 7
      vertex 26.099999999999998 11.8 7
    endloop
  endfacet
  facet normal 0 0 1
    outer loop
      vertex 26.327818140803902 9.513458566168001 7
      vertex 26.744543648263004 9.855456351736995 7
      vertex 26.327818140803902 14.086541433832 7
    endloop
  endfacet
  facet normal 0 0 1
    outer loop
      vertex 26.744543648263004 9.855456351736995 7
      vertex 27.086541433831997 10.272181859196095 7
      vertex 26.744543648263004 13.744543648263006 7
    endloop
  endfacet
  facet normal 0 0 1
    outer loop
      vertex 27.086541433831997 10.272181859196095 7
      vertex 27.340668714406036 10.747620560996005 7
      vertex 27.086541433831997 13.327818140803906 7
    endloop
  endfacet
  facet normal 0 0 1
    outer loop
      vertex 23.272181859196092 14.086541433832 7
      vertex 23.499999999999996 11.8 7
      vertex 23.524979135475796 12.053617418620968 7
    endloop
  endfacet
  facet normal 0 0 1
    outer loop
      vertex 23.272181859196092 14.086541433832 7
      vertex 23.524979135475796 12.053617418620968 7
      vertex 23.598956607735325 12.297488462074618 7
    endloop
  endfacet
  facet normal 0 0 1
    outer loop
      vertex 23.272181859196092 14.086541433832 7
      vertex 23.598956607735325 12.297488462074618 7
      vertex 23.71908950400669 12.522241302925483 7
    endloop
  endfacet
  facet normal 0 0 1
    outer loop
      vertex 23.272181859196092 14.086541433832 7
      vertex 23.71908950400669 12.522241302925483 7
      vertex 23.880761184457484 12.719238815542512 7
    endloop
  endfacet
  facet normal 0 0 1
    outer loop
      vertex 23.747620560996 14.34066871440604 7
      vertex 23.880761184457484 12.719238815542512 7
      vertex 24.077758697074515 12.880910495993309 7
    endloop
  endfacet
  facet normal 0 0 1
    outer loop
      vertex 23.747620560996 14.34066871440604 7
      vertex 24.077758697074515 12.880910495993309 7
      vertex 24.30251153792538 13.001043392264673 7
    endloop
  endfacet
  facet normal 0 0 1
    outer loop
      vertex 24.263501614455645 14.497159521108884 7
      vertex 24.30251153792538 13.001043392264673 7
      vertex 24.54638258137903 13.0750208645242 7
    endloop
  endfacet
  facet normal 0 0 1
    outer loop
      vertex 24.799999999999997 14.55 7
      vertex 24.54638258137903 13.0750208645242 7
      vertex 24.799999999999997 13.100000000000001 7
    endloop
  endfacet
  facet normal 0 0 1
    outer loop
      vertex 24.799999999999997 14.55 7
      vertex 24.799999999999997 13.100000000000001 7
      vertex 25.053617418620963 13.0750208645242 7
    endloop
  endfacet
  facet normal 0 0 1
    outer loop
      vertex 25.33649838554435 14.497159521108884 7
      vertex 25.053617418620963 13.0750208645242 7
      vertex 25.297488462074615 13.001043392264673 7
    endloop
  endfacet
  facet normal 0 0 1
    outer loop
      vertex 25.852379439003993 14.34066871440604 7
      vertex 26.0750208645242 12.053617418620968 7
      vertex 26.099999999999998 11.8 7
    endloop
  endfacet
  facet normal 0 0 1
    outer loop
      vertex 26.327818140803902 9.513458566168001 7
      vertex 26.327818140803902 14.086541433832 7
      vertex 25.852379439003993 14.34066871440604 7
    endloop
  endfacet
  facet normal 0 0 1
    outer loop
      vertex 27.086541433831997 13.327818140803906 7
      vertex 27.340668714406036 10.747620560996005 7
      vertex 27.340668714406036 12.852379439003997 7
    endloop
  endfacet
  facet normal 0 0 1
    outer loop
      vertex 26.744543648263004 9.855456351736995 7
      vertex 26.744543648263004 13.744543648263006 7
      vertex 26.327818140803902 14.086541433832 7
    endloop
  endfacet
  facet normal 0 0 1
    outer loop
      vertex 27.086541433831997 10.272181859196095 7
      vertex 27.086541433831997 13.327818140803906 7
      vertex 26.744543648263004 13.744543648263006 7
    endloop
  endfacet
  facet normal 0 0 1
    outer loop
      vertex 25.852379439003993 14.34066871440604 7
      vertex 26.00104339226467 12.297488462074618 7
      vertex 26.0750208645242 12.053617418620968 7
    endloop
  endfacet
  facet normal 0 0 1
    outer loop
      vertex 25.852379439003993 14.34066871440604 7
      vertex 25.880910495993305 12.522241302925483 7
      vertex 26.00104339226467 12.297488462074618 7
    endloop
  endfacet
  facet normal 0 0 1
    outer loop
      vertex 25.852379439003993 14.34066871440604 7
      vertex 25.71923881554251 12.719238815542512 7
      vertex 25.880910495993305 12.522241302925483 7
    endloop
  endfacet
  facet normal 0 0 1
    outer loop
      vertex 25.852379439003993 14.34066871440604 7
      vertex 25.52224130292548 12.880910495993309 7
      vertex 25.71923881554251 12.719238815542512 7
    endloop
  endfacet
  facet normal 0 0 1
    outer loop
      vertex 25.33649838554435 14.497159521108884 7
      vertex 25.297488462074615 13.001043392264673 7
      vertex 25.52224130292548 12.880910495993309 7
    endloop
  endfacet
  facet normal 0 0 1
    outer loop
      vertex 27.340668714406036 10.747620560996005 7
      vertex 27.49715952110888 11.263501614455649 7
      vertex 27.340668714406036 12.852379439003997 7
    endloop
  endfacet
  facet normal 0 0 1
    outer loop
      vertex 27.49715952110888 11.263501614455649 7
      vertex 27.549999999999997 11.8 7
      vertex 27.49715952110888 12.336498385544353 7
    endloop
  endfacet
  facet normal 0 0 1
    outer loop
      vertex 27.49715952110888 11.263501614455649 7
      vertex 27.49715952110888 12.336498385544353 7
      vertex 27.340668714406036 12.852379439003997 7
    endloop
  endfacet
  facet normal -0.6343932841636437 0.7730104533627385 0
    outer loop
      vertex 22.85545635173699 13.744543648263006 2
      vertex 22.85545635173699 13.744543648263006 7
      vertex 23.272181859196092 14.086541433832 2
    endloop
  endfacet
  facet normal -0.6343932841636437 0.7730104533627385 0
    outer loop
      vertex 23.272181859196092 14.086541433832 2
      vertex 22.85545635173699 13.744543648263006 7
      vertex 23.272181859196092 14.086541433832 7
    endloop
  endfacet
  facet normal -0.4713967368259975 0.8819212643483552 0
    outer loop
      vertex 23.272181859196092 14.086541433832 2
      vertex 23.272181859196092 14.086541433832 7
      vertex 23.747620560996 14.34066871440604 2
    endloop
  endfacet
  facet normal -0.2902846772544617 0.956940335732209 0
    outer loop
      vertex 23.747620560996 14.34066871440604 2
      vertex 23.747620560996 14.34066871440604 7
      vertex 24.263501614455645 14.497159521108884 2
    endloop
  endfacet
  facet normal -0.09801714032956166 0.9951847266721968 0
    outer loop
      vertex 24.263501614455645 14.497159521108884 2
      vertex 24.263501614455645 14.497159521108884 7
      vertex 24.799999999999997 14.55 2
    endloop
  endfacet
  facet normal 0.09801714032956166 0.9951847266721968 0
    outer loop
      vertex 24.799999999999997 14.55 2
      vertex 24.799999999999997 14.55 7
      vertex 25.33649838554435 14.497159521108884 2
    endloop
  endfacet
  facet normal 0.2902846772544617 0.956940335732209 0
    outer loop
      vertex 25.33649838554435 14.497159521108884 2
      vertex 25.33649838554435 14.497159521108884 7
      vertex 25.852379439003993 14.34066871440604 2
    endloop
  endfacet
  facet normal 0.4713967368259975 0.8819212643483552 0
    outer loop
      vertex 25.852379439003993 14.34066871440604 2
      vertex 25.852379439003993 14.34066871440604 7
      vertex 26.327818140803902 14.086541433832 2
    endloop
  endfacet
  facet normal 0.6343932841636437 0.7730104533627385 1.242116018407027e-18
    outer loop
      vertex 26.744543648263004 13.744543648263006 2
      vertex 26.327818140803902 14.086541433832 2
      vertex 26.327818140803902 14.086541433832 7
    endloop
  endfacet
  facet normal -0.4713967368259975 0.8819212643483552 0
    outer loop
      vertex 23.747620560996 14.34066871440604 2
      vertex 23.272181859196092 14.086541433832 7
      vertex 23.747620560996 14.34066871440604 7
    endloop
  endfacet
  facet normal -0.2902846772544617 0.956940335732209 0
    outer loop
      vertex 24.263501614455645 14.497159521108884 2
      vertex 23.747620560996 14.34066871440604 7
      vertex 24.263501614455645 14.497159521108884 7
    endloop
  endfacet
  facet normal -0.09801714032956166 0.9951847266721968 0
    outer loop
      vertex 24.799999999999997 14.55 2
      vertex 24.263501614455645 14.497159521108884 7
      vertex 24.799999999999997 14.55 7
    endloop
  endfacet
  facet normal 0.09801714032956166 0.9951847266721968 0
    outer loop
      vertex 25.33649838554435 14.497159521108884 2
      vertex 24.799999999999997 14.55 7
      vertex 25.33649838554435 14.497159521108884 7
    endloop
  endfacet
  facet normal 0.2902846772544617 0.956940335732209 0
    outer loop
      vertex 25.852379439003993 14.34066871440604 2
      vertex 25.33649838554435 14.497159521108884 7
      vertex 25.852379439003993 14.34066871440604 7
    endloop
  endfacet
  facet normal 0.4713967368259975 0.8819212643483552 0
    outer loop
      vertex 26.327818140803902 14.086541433832 2
      vertex 25.852379439003993 14.34066871440604 7
      vertex 26.327818140803902 14.086541433832 7
    endloop
  endfacet
  facet normal 0.6343932841636437 0.7730104533627385 0
    outer loop
      vertex 26.744543648263004 13.744543648263006 2
      vertex 26.327818140803902 14.086541433832 7
      vertex 26.744543648263004 13.744543648263006 7
    endloop
  endfacet
  facet normal 0 0 1
    outer loop
      vertex 23.272181859196092 14.086541433832 7
      vertex 23.880761184457484 12.719238815542512 7
      vertex 23.747620560996 14.34066871440604 7
    endloop
  endfacet
  facet normal 0 0 1
    outer loop
      vertex 23.747620560996 14.34066871440604 7
      vertex 24.30251153792538 13.001043392264673 7
      vertex 24.263501614455645 14.497159521108884 7
    endloop
  endfacet
  facet normal 0 0 1
    outer loop
      vertex 24.263501614455645 14.497159521108884 7
      vertex 24.54638258137903 13.0750208645242 7
      vertex 24.799999999999997 14.55 7
    endloop
  endfacet
  facet normal 0 0 1
    outer loop
      vertex 24.799999999999997 14.55 7
      vertex 25.053617418620963 13.0750208645242 7
      vertex 25.33649838554435 14.497159521108884 7
    endloop
  endfacet
  facet normal 0 0 1
    outer loop
      vertex 25.33649838554435 14.497159521108884 7
      vertex 25.52224130292548 12.880910495993309 7
      vertex 25.852379439003993 14.34066871440604 7
    endloop
  endfacet
  facet normal -0.6343932841636417 -0.77301045336274 0
    outer loop
      vertex 23.272181859196092 40.513458566168 2
      vertex 23.272181859196092 40.513458566168 7
      vertex 22.85545635173699 40.85545635173699 2
    endloop
  endfacet
  facet normal -0.6343932841636417 -0.77301045336274 0
    outer loop
      vertex 22.85545635173699 40.85545635173699 2
      vertex 23.272181859196092 40.513458566168 7
      vertex 22.85545635173699 40.85545635173699 7
    endloop
  endfacet
  facet normal -0.09801714032955514 -0.9951847266721975 0
    outer loop
      vertex 24.799999999999997 40.05 2
      vertex 24.799999999999997 40.05 7
      vertex 24.263501614455645 40.10284047889111 2
    endloop
  endfacet
  facet normal 0.09801714032955514 -0.9951847266721975 3.44077886332357e-19
    outer loop
      vertex 24.799999999999997 40.05 2
      vertex 25.33649838554435 40.10284047889111 2
      vertex 25.33649838554435 40.10284047889111 7
    endloop
  endfacet
  facet normal -0.4713967368259975 -0.8819212643483552 8.17653196596404e-19
    outer loop
      vertex 23.272181859196092 40.513458566168 2
      vertex 23.747620560996 40.25933128559396 2
      vertex 23.747620560996 40.25933128559396 7
    endloop
  endfacet
  facet normal -0.29028467725446777 -0.9569403357322073 8.482685352080613e-19
    outer loop
      vertex 23.747620560996 40.25933128559396 2
      vertex 24.263501614455645 40.10284047889111 2
      vertex 24.263501614455645 40.10284047889111 7
    endloop
  endfacet
  facet normal 0.29028467725446777 -0.9569403357322073 -8.482685352080613e-19
    outer loop
      vertex 25.33649838554435 40.10284047889111 2
      vertex 25.852379439003993 40.25933128559396 2
      vertex 25.852379439003993 40.25933128559396 7
    endloop
  endfacet
  facet normal 0.4713967368259975 -0.8819212643483552 -8.17653196596404e-19
    outer loop
      vertex 25.852379439003993 40.25933128559396 2
      vertex 26.327818140803902 40.513458566168 2
      vertex 26.327818140803902 40.513458566168 7
    endloop
  endfacet
  facet normal 0.6343932841636417 -0.77301045336274 2.15147830182535e-18
    outer loop
      vertex 26.327818140803902 40.513458566168 2
      vertex 26.744543648263004 40.85545635173699 2
      vertex 26.744543648263004 40.85545635173699 7
    endloop
  endfacet
  facet normal -0.09801714032955514 -0.9951847266721975 0
    outer loop
      vertex 24.263501614455645 40.10284047889111 2
      vertex 24.799999999999997 40.05 7
      vertex 24.263501614455645 40.10284047889111 7
    endloop
  endfacet
  facet normal 0.09801714032955514 -0.9951847266721975 0
    outer loop
      vertex 24.799999999999997 40.05 2
      vertex 25.33649838554435 40.10284047889111 7
      vertex 24.799999999999997 40.05 7
    endloop
  endfacet
  facet normal -0.4713967368259975 -0.8819212643483552 0
    outer loop
      vertex 23.272181859196092 40.513458566168 2
      vertex 23.747620560996 40.25933128559396 7
      vertex 23.272181859196092 40.513458566168 7
    endloop
  endfacet
  facet normal -0.29028467725446777 -0.9569403357322073 0
    outer loop
      vertex 23.747620560996 40.25933128559396 2
      vertex 24.263501614455645 40.10284047889111 7
      vertex 23.747620560996 40.25933128559396 7
    endloop
  endfacet
  facet normal 0.29028467725446777 -0.9569403357322073 0
    outer loop
      vertex 25.33649838554435 40.10284047889111 2
      vertex 25.852379439003993 40.25933128559396 7
      vertex 25.33649838554435 40.10284047889111 7
    endloop
  endfacet
  facet normal 0.4713967368259975 -0.8819212643483552 0
    outer loop
      vertex 25.852379439003993 40.25933128559396 2
      vertex 26.327818140803902 40.513458566168 7
      vertex 25.852379439003993 40.25933128559396 7
    endloop
  endfacet
  facet normal 0.6343932841636417 -0.77301045336274 0
    outer loop
      vertex 26.327818140803902 40.513458566168 2
      vertex 26.744543648263004 40.85545635173699 7
      vertex 26.327818140803902 40.513458566168 7
    endloop
  endfacet
  facet normal 0 0 1
    outer loop
      vertex 23.747620560996 40.25933128559396 7
      vertex 24.263501614455645 40.10284047889111 7
      vertex 24.077758697074515 41.71908950400669 7
    endloop
  endfacet
  facet normal 0 0 1
    outer loop
      vertex 24.799999999999997 40.05 7
      vertex 24.54638258137903 41.524979135475796 7
      vertex 24.263501614455645 40.10284047889111 7
    endloop
  endfacet
  facet normal 0 0 1
    outer loop
      vertex 24.799999999999997 40.05 7
      vertex 25.33649838554435 40.10284047889111 7
      vertex 25.053617418620963 41.524979135475796 7
    endloop
  endfacet
  facet normal 0 0 1
    outer loop
      vertex 25.33649838554435 40.10284047889111 7
      vertex 25.852379439003993 40.25933128559396 7
      vertex 25.297488462074615 41.598956607735325 7
    endloop
  endfacet
  facet normal 0 0 1
    outer loop
      vertex 25.852379439003993 40.25933128559396 7
      vertex 26.327818140803902 40.513458566168 7
      vertex 25.71923881554251 41.880761184457484 7
    endloop
  endfacet
  facet normal -0.8819212643483552 -0.4713967368259975 0
    outer loop
      vertex 22.25933128559396 41.747620560996 2
      vertex 22.513458566167998 41.27218185919609 2
      vertex 22.25933128559396 41.747620560996 7
    endloop
  endfacet
  facet normal -0.7730104533627373 -0.6343932841636449 -4.460950504637893e-18
    outer loop
      vertex 22.85545635173699 40.85545635173699 2
      vertex 22.513458566167998 41.27218185919609 7
      vertex 22.513458566167998 41.27218185919609 2
    endloop
  endfacet
  facet normal -0.956940335732209 -0.2902846772544617 1.1857548251376891e-18
    outer loop
      vertex 22.25933128559396 41.747620560996 2
      vertex 22.102840478891114 42.26350161445564 7
      vertex 22.102840478891114 42.26350161445564 2
    endloop
  endfacet
  facet normal -0.9951847266721968 -0.09801714032956102 3.213767271282443e-19
    outer loop
      vertex 22.102840478891114 42.26350161445564 2
      vertex 22.049999999999997 42.8 7
      vertex 22.049999999999997 42.8 2
    endloop
  endfacet
  facet normal -0.7730104533627373 -0.6343932841636449 0
    outer loop
      vertex 22.85545635173699 40.85545635173699 2
      vertex 22.85545635173699 40.85545635173699 7
      vertex 22.513458566167998 41.27218185919609 7
    endloop
  endfacet
  facet normal -0.8819212643483552 -0.4713967368259975 0
    outer loop
      vertex 22.513458566167998 41.27218185919609 2
      vertex 22.513458566167998 41.27218185919609 7
      vertex 22.25933128559396 41.747620560996 7
    endloop
  endfacet
  facet normal -0.956940335732209 -0.2902846772544617 0
    outer loop
      vertex 22.25933128559396 41.747620560996 2
      vertex 22.25933128559396 41.747620560996 7
      vertex 22.102840478891114 42.26350161445564 7
    endloop
  endfacet
  facet normal -0.9951847266721968 -0.09801714032956102 0
    outer loop
      vertex 22.102840478891114 42.26350161445564 2
      vertex 22.102840478891114 42.26350161445564 7
      vertex 22.049999999999997 42.8 7
    endloop
  endfacet
  facet normal -0.9951847266721968 0.09801714032956102 -3.213767271282443e-19
    outer loop
      vertex 22.049999999999997 42.8 2
      vertex 22.102840478891114 43.33649838554435 7
      vertex 22.102840478891114 43.33649838554435 2
    endloop
  endfacet
  facet normal -0.956940335732209 0.2902846772544617 -1.1857548251376891e-18
    outer loop
      vertex 22.102840478891114 43.33649838554435 2
      vertex 22.25933128559396 43.852379439004 7
      vertex 22.25933128559396 43.852379439004 2
    endloop
  endfacet
  facet normal -0.8819212643483552 0.4713967368259975 -8.17653196596404e-19
    outer loop
      vertex 22.25933128559396 43.852379439004 2
      vertex 22.513458566167998 44.327818140803906 7
      vertex 22.513458566167998 44.327818140803906 2
    endloop
  endfacet
  facet normal -0.9951847266721968 0.09801714032956102 0
    outer loop
      vertex 22.049999999999997 42.8 2
      vertex 22.049999999999997 42.8 7
      vertex 22.102840478891114 43.33649838554435 7
    endloop
  endfacet
  facet normal -0.956940335732209 0.2902846772544617 0
    outer loop
      vertex 22.102840478891114 43.33649838554435 2
      vertex 22.102840478891114 43.33649838554435 7
      vertex 22.25933128559396 43.852379439004 7
    endloop
  endfacet
  facet normal -0.8819212643483552 0.4713967368259975 0
    outer loop
      vertex 22.25933128559396 43.852379439004 2
      vertex 22.25933128559396 43.852379439004 7
      vertex 22.513458566167998 44.327818140803906 7
    endloop
  endfacet
  facet normal -0.7730104533627373 0.6343932841636449 4.460950504637893e-18
    outer loop
      vertex 22.513458566167998 44.327818140803906 2
      vertex 22.85545635173699 44.744543648263004 7
      vertex 22.85545635173699 44.744543648263004 2
    endloop
  endfacet
  facet normal -0.6343932841636417 0.77301045336274 0
    outer loop
      vertex 22.85545635173699 44.744543648263004 2
      vertex 22.85545635173699 44.744543648263004 7
      vertex 23.272181859196092 45.086541433832 2
    endloop
  endfacet
  facet normal -0.7730104533627373 0.6343932841636449 0
    outer loop
      vertex 22.513458566167998 44.327818140803906 2
      vertex 22.513458566167998 44.327818140803906 7
      vertex 22.85545635173699 44.744543648263004 7
    endloop
  endfacet
  facet normal -0.6343932841636417 0.77301045336274 0
    outer loop
      vertex 23.272181859196092 45.086541433832 2
      vertex 22.85545635173699 44.744543648263004 7
      vertex 23.272181859196092 45.086541433832 7
    endloop
  endfacet
  facet normal 0.7730104533627373 -0.6343932841636449 0
    outer loop
      vertex 26.744543648263004 40.85545635173699 2
      vertex 27.086541433831997 41.27218185919609 2
      vertex 26.744543648263004 40.85545635173699 7
    endloop
  endfacet
  facet normal 0.8819212643483552 -0.4713967368259975 0
    outer loop
      vertex 27.086541433831997 41.27218185919609 2
      vertex 27.340668714406036 41.747620560996 2
      vertex 27.086541433831997 41.27218185919609 7
    endloop
  endfacet
  facet normal 0.7730104533627373 -0.6343932841636449 4.460950504637893e-18
    outer loop
      vertex 26.744543648263004 40.85545635173699 7
      vertex 27.086541433831997 41.27218185919609 2
      vertex 27.086541433831997 41.27218185919609 7
    endloop
  endfacet
  facet normal 0.8819212643483552 -0.4713967368259975 0
    outer loop
      vertex 27.340668714406036 41.747620560996 2
      vertex 27.340668714406036 41.747620560996 7
      vertex 27.086541433831997 41.27218185919609 7
    endloop
  endfacet
  facet normal 0.8819212643483552 0.4713967368259975 8.17653196596404e-19
    outer loop
      vertex 27.086541433831997 44.327818140803906 2
      vertex 27.340668714406036 43.852379439004 7
      vertex 27.340668714406036 43.852379439004 2
    endloop
  endfacet
  facet normal 0.8819212643483552 0.4713967368259975 0
    outer loop
      vertex 27.086541433831997 44.327818140803906 2
      vertex 27.086541433831997 44.327818140803906 7
      vertex 27.340668714406036 43.852379439004 7
    endloop
  endfacet
  facet normal 0.956940335732209 -0.2902846772544617 0
    outer loop
      vertex 27.340668714406036 41.747620560996 2
      vertex 27.49715952110888 42.26350161445564 2
      vertex 27.340668714406036 41.747620560996 7
    endloop
  endfacet
  facet normal 0.9951847266721968 -0.09801714032956102 0
    outer loop
      vertex 27.49715952110888 42.26350161445564 2
      vertex 27.549999999999997 42.8 2
      vertex 27.49715952110888 42.26350161445564 7
    endloop
  endfacet
  facet normal 0.956940335732209 -0.2902846772544617 0
    outer loop
      vertex 27.49715952110888 42.26350161445564 2
      vertex 27.49715952110888 42.26350161445564 7
      vertex 27.340668714406036 41.747620560996 7
    endloop
  endfacet
  facet normal 0.9951847266721968 -0.09801714032956102 0
    outer loop
      vertex 27.549999999999997 42.8 2
      vertex 27.549999999999997 42.8 7
      vertex 27.49715952110888 42.26350161445564 7
    endloop
  endfacet
  facet normal 0.9951847266721968 0.09801714032956102 0
    outer loop
      vertex 27.549999999999997 42.8 2
      vertex 27.49715952110888 43.33649838554435 2
      vertex 27.549999999999997 42.8 7
    endloop
  endfacet
  facet normal 0.956940335732209 0.2902846772544617 0
    outer loop
      vertex 27.49715952110888 43.33649838554435 2
      vertex 27.340668714406036 43.852379439004 2
      vertex 27.49715952110888 43.33649838554435 7
    endloop
  endfacet
  facet normal 0.9951847266721968 0.09801714032956102 0
    outer loop
      vertex 27.49715952110888 43.33649838554435 2
      vertex 27.49715952110888 43.33649838554435 7
      vertex 27.549999999999997 42.8 7
    endloop
  endfacet
  facet normal 0.956940335732209 0.2902846772544617 0
    outer loop
      vertex 27.340668714406036 43.852379439004 2
      vertex 27.340668714406036 43.852379439004 7
      vertex 27.49715952110888 43.33649838554435 7
    endloop
  endfacet
  facet normal -0.4713967368259975 0.8819212643483552 0
    outer loop
      vertex 23.272181859196092 45.086541433832 2
      vertex 23.272181859196092 45.086541433832 7
      vertex 23.747620560996 45.340668714406036 2
    endloop
  endfacet
  facet normal -0.29028467725446777 0.9569403357322073 0
    outer loop
      vertex 23.747620560996 45.340668714406036 2
      vertex 23.747620560996 45.340668714406036 7
      vertex 24.263501614455645 45.497159521108884 2
    endloop
  endfacet
  facet normal -0.09801714032955514 0.9951847266721975 0
    outer loop
      vertex 24.263501614455645 45.497159521108884 2
      vertex 24.263501614455645 45.497159521108884 7
      vertex 24.799999999999997 45.55 2
    endloop
  endfacet
  facet normal 0.09801714032955514 0.9951847266721975 0
    outer loop
      vertex 24.799999999999997 45.55 2
      vertex 24.799999999999997 45.55 7
      vertex 25.33649838554435 45.497159521108884 2
    endloop
  endfacet
  facet normal 0.7730104533627373 0.6343932841636449 0
    outer loop
      vertex 27.086541433831997 44.327818140803906 2
      vertex 26.744543648263004 44.744543648263004 2
      vertex 27.086541433831997 44.327818140803906 7
    endloop
  endfacet
  facet normal 0.6343932841636417 0.77301045336274 -2.15147830182535e-18
    outer loop
      vertex 26.744543648263004 44.744543648263004 2
      vertex 26.327818140803902 45.086541433832 2
      vertex 26.327818140803902 45.086541433832 7
    endloop
  endfacet
  facet normal 0.29028467725446777 0.9569403357322073 0
    outer loop
      vertex 25.33649838554435 45.497159521108884 2
      vertex 25.33649838554435 45.497159521108884 7
      vertex 25.852379439003993 45.340668714406036 2
    endloop
  endfacet
  facet normal 0.4713967368259975 0.8819212643483552 8.17653196596404e-19
    outer loop
      vertex 26.327818140803902 45.086541433832 2
      vertex 25.852379439003993 45.340668714406036 2
      vertex 25.852379439003993 45.340668714406036 7
    endloop
  endfacet
  facet normal -0.4713967368259975 0.8819212643483552 0
    outer loop
      vertex 23.747620560996 45.340668714406036 2
      vertex 23.272181859196092 45.086541433832 7
      vertex 23.747620560996 45.340668714406036 7
    endloop
  endfacet
  facet normal -0.29028467725446777 0.9569403357322073 0
    outer loop
      vertex 24.263501614455645 45.497159521108884 2
      vertex 23.747620560996 45.340668714406036 7
      vertex 24.263501614455645 45.497159521108884 7
    endloop
  endfacet
  facet normal -0.09801714032955514 0.9951847266721975 0
    outer loop
      vertex 24.799999999999997 45.55 2
      vertex 24.263501614455645 45.497159521108884 7
      vertex 24.799999999999997 45.55 7
    endloop
  endfacet
  facet normal 0.09801714032955514 0.9951847266721975 0
    outer loop
      vertex 25.33649838554435 45.497159521108884 2
      vertex 24.799999999999997 45.55 7
      vertex 25.33649838554435 45.497159521108884 7
    endloop
  endfacet
  facet normal 0.4713967368259975 0.8819212643483552 0
    outer loop
      vertex 26.327818140803902 45.086541433832 2
      vertex 25.852379439003993 45.340668714406036 7
      vertex 26.327818140803902 45.086541433832 7
    endloop
  endfacet
  facet normal 0.7730104533627373 0.6343932841636449 0
    outer loop
      vertex 26.744543648263004 44.744543648263004 2
      vertex 26.744543648263004 44.744543648263004 7
      vertex 27.086541433831997 44.327818140803906 7
    endloop
  endfacet
  facet normal 0.6343932841636417 0.77301045336274 0
    outer loop
      vertex 26.744543648263004 44.744543648263004 2
      vertex 26.327818140803902 45.086541433832 7
      vertex 26.744543648263004 44.744543648263004 7
    endloop
  endfacet
  facet normal 0.29028467725446777 0.9569403357322073 0
    outer loop
      vertex 25.852379439003993 45.340668714406036 2
      vertex 25.33649838554435 45.497159521108884 7
      vertex 25.852379439003993 45.340668714406036 7
    endloop
  endfacet
  facet normal 0 0 1
    outer loop
      vertex 22.25933128559396 41.747620560996 7
      vertex 22.513458566167998 41.27218185919609 7
      vertex 22.25933128559396 43.852379439004 7
    endloop
  endfacet
  facet normal 0 0 1
    outer loop
      vertex 22.25933128559396 41.747620560996 7
      vertex 22.102840478891114 43.33649838554435 7
      vertex 22.102840478891114 42.26350161445564 7
    endloop
  endfacet
  facet normal 0 0 1
    outer loop
      vertex 22.85545635173699 40.85545635173699 7
      vertex 22.513458566167998 44.327818140803906 7
      vertex 22.513458566167998 41.27218185919609 7
    endloop
  endfacet
  facet normal 0 0 1
    outer loop
      vertex 23.272181859196092 40.513458566168 7
      vertex 22.85545635173699 44.744543648263004 7
      vertex 22.85545635173699 40.85545635173699 7
    endloop
  endfacet
  facet normal 0 0 1
    outer loop
      vertex 22.102840478891114 42.26350161445564 7
      vertex 22.102840478891114 43.33649838554435 7
      vertex 22.049999999999997 42.8 7
    endloop
  endfacet
  facet normal 0 0 1
    outer loop
      vertex 22.25933128559396 41.747620560996 7
      vertex 22.25933128559396 43.852379439004 7
      vertex 22.102840478891114 43.33649838554435 7
    endloop
  endfacet
  facet normal 0 0 1
    outer loop
      vertex 22.513458566167998 41.27218185919609 7
      vertex 22.513458566167998 44.327818140803906 7
      vertex 22.25933128559396 43.852379439004 7
    endloop
  endfacet
  facet normal 0 0 1
    outer loop
      vertex 22.85545635173699 40.85545635173699 7
      vertex 22.85545635173699 44.744543648263004 7
      vertex 22.513458566167998 44.327818140803906 7
    endloop
  endfacet
  facet normal 0 0 1
    outer loop
      vertex 23.272181859196092 40.513458566168 7
      vertex 23.272181859196092 45.086541433832 7
      vertex 22.85545635173699 44.744543648263004 7
    endloop
  endfacet
  facet normal 0 0 1
    outer loop
      vertex 24.263501614455645 40.10284047889111 7
      vertex 24.30251153792538 41.598956607735325 7
      vertex 24.077758697074515 41.71908950400669 7
    endloop
  endfacet
  facet normal 0 0 1
    outer loop
      vertex 23.747620560996 40.25933128559396 7
      vertex 24.077758697074515 41.71908950400669 7
      vertex 23.880761184457484 41.880761184457484 7
    endloop
  endfacet
  facet normal 0 0 1
    outer loop
      vertex 23.747620560996 40.25933128559396 7
      vertex 23.880761184457484 41.880761184457484 7
      vertex 23.71908950400669 42.077758697074515 7
    endloop
  endfacet
  facet normal 0 0 1
    outer loop
      vertex 23.747620560996 40.25933128559396 7
      vertex 23.71908950400669 42.077758697074515 7
      vertex 23.598956607735325 42.30251153792538 7
    endloop
  endfacet
  facet normal 0 0 1
    outer loop
      vertex 23.747620560996 40.25933128559396 7
      vertex 23.598956607735325 42.30251153792538 7
      vertex 23.524979135475796 42.54638258137903 7
    endloop
  endfacet
  facet normal 0 0 1
    outer loop
      vertex 24.263501614455645 40.10284047889111 7
      vertex 24.54638258137903 41.524979135475796 7
      vertex 24.30251153792538 41.598956607735325 7
    endloop
  endfacet
  facet normal 0 0 1
    outer loop
      vertex 24.799999999999997 40.05 7
      vertex 24.799999999999997 41.5 7
      vertex 24.54638258137903 41.524979135475796 7
    endloop
  endfacet
  facet normal 0 0 1
    outer loop
      vertex 24.799999999999997 40.05 7
      vertex 25.053617418620963 41.524979135475796 7
      vertex 24.799999999999997 41.5 7
    endloop
  endfacet
  facet normal 0 0 1
    outer loop
      vertex 25.33649838554435 40.10284047889111 7
      vertex 25.297488462074615 41.598956607735325 7
      vertex 25.053617418620963 41.524979135475796 7
    endloop
  endfacet
  facet normal 0 0 1
    outer loop
      vertex 23.747620560996 40.25933128559396 7
      vertex 23.524979135475796 42.54638258137903 7
      vertex 23.499999999999996 42.8 7
    endloop
  endfacet
  facet normal 0 0 1
    outer loop
      vertex 23.272181859196092 40.513458566168 7
      vertex 23.747620560996 40.25933128559396 7
      vertex 23.272181859196092 45.086541433832 7
    endloop
  endfacet
  facet normal 0 0 1
    outer loop
      vertex 25.852379439003993 40.25933128559396 7
      vertex 25.52224130292548 41.71908950400669 7
      vertex 25.297488462074615 41.598956607735325 7
    endloop
  endfacet
  facet normal 0 0 1
    outer loop
      vertex 25.852379439003993 40.25933128559396 7
      vertex 25.71923881554251 41.880761184457484 7
      vertex 25.52224130292548 41.71908950400669 7
    endloop
  endfacet
  facet normal 0 0 1
    outer loop
      vertex 26.327818140803902 40.513458566168 7
      vertex 25.880910495993305 42.077758697074515 7
      vertex 25.71923881554251 41.880761184457484 7
    endloop
  endfacet
  facet normal 0 0 1
    outer loop
      vertex 26.327818140803902 40.513458566168 7
      vertex 26.00104339226467 42.30251153792538 7
      vertex 25.880910495993305 42.077758697074515 7
    endloop
  endfacet
  facet normal 0 0 1
    outer loop
      vertex 26.327818140803902 40.513458566168 7
      vertex 26.0750208645242 42.54638258137903 7
      vertex 26.00104339226467 42.30251153792538 7
    endloop
  endfacet
  facet normal 0 0 1
    outer loop
      vertex 26.327818140803902 40.513458566168 7
      vertex 26.099999999999998 42.8 7
      vertex 26.0750208645242 42.54638258137903 7
    endloop
  endfacet
  facet normal 0 0 1
    outer loop
      vertex 26.327818140803902 40.513458566168 7
      vertex 26.744543648263004 40.85545635173699 7
      vertex 26.327818140803902 45.086541433832 7
    endloop
  endfacet
  facet normal 0 0 1
    outer loop
      vertex 26.744543648263004 40.85545635173699 7
      vertex 27.086541433831997 41.27218185919609 7
      vertex 26.744543648263004 44.744543648263004 7
    endloop
  endfacet
  facet normal 0 0 1
    outer loop
      vertex 27.086541433831997 41.27218185919609 7
      vertex 27.340668714406036 41.747620560996 7
      vertex 27.086541433831997 44.327818140803906 7
    endloop
  endfacet
  facet normal 0 0 1
    outer loop
      vertex 23.747620560996 40.25933128559396 7
      vertex 23.499999999999996 42.8 7
      vertex 23.272181859196092 45.086541433832 7
    endloop
  endfacet
  facet normal 0 0 1
    outer loop
      vertex 23.272181859196092 45.086541433832 7
      vertex 23.499999999999996 42.8 7
      vertex 23.524979135475796 43.053617418620966 7
    endloop
  endfacet
  facet normal 0 0 1
    outer loop
      vertex 23.272181859196092 45.086541433832 7
      vertex 23.524979135475796 43.053617418620966 7
      vertex 23.598956607735325 43.29748846207461 7
    endloop
  endfacet
  facet normal 0 0 1
    outer loop
      vertex 23.272181859196092 45.086541433832 7
      vertex 23.598956607735325 43.29748846207461 7
      vertex 23.71908950400669 43.52224130292548 7
    endloop
  endfacet
  facet normal 0 0 1
    outer loop
      vertex 23.272181859196092 45.086541433832 7
      vertex 23.71908950400669 43.52224130292548 7
      vertex 23.880761184457484 43.71923881554251 7
    endloop
  endfacet
  facet normal 0 0 1
    outer loop
      vertex 23.747620560996 45.340668714406036 7
      vertex 23.880761184457484 43.71923881554251 7
      vertex 24.077758697074515 43.880910495993305 7
    endloop
  endfacet
  facet normal 0 0 1
    outer loop
      vertex 26.327818140803902 40.513458566168 7
      vertex 25.852379439003993 45.340668714406036 7
      vertex 26.099999999999998 42.8 7
    endloop
  endfacet
  facet normal 0 0 1
    outer loop
      vertex 27.086541433831997 41.27218185919609 7
      vertex 27.086541433831997 44.327818140803906 7
      vertex 26.744543648263004 44.744543648263004 7
    endloop
  endfacet
  facet normal 0 0 1
    outer loop
      vertex 27.086541433831997 44.327818140803906 7
      vertex 27.340668714406036 41.747620560996 7
      vertex 27.340668714406036 43.852379439004 7
    endloop
  endfacet
  facet normal 0 0 1
    outer loop
      vertex 26.327818140803902 40.513458566168 7
      vertex 26.327818140803902 45.086541433832 7
      vertex 25.852379439003993 45.340668714406036 7
    endloop
  endfacet
  facet normal 0 0 1
    outer loop
      vertex 25.852379439003993 45.340668714406036 7
      vertex 26.0750208645242 43.053617418620966 7
      vertex 26.099999999999998 42.8 7
    endloop
  endfacet
  facet normal 0 0 1
    outer loop
      vertex 25.852379439003993 45.340668714406036 7
      vertex 26.00104339226467 43.29748846207461 7
      vertex 26.0750208645242 43.053617418620966 7
    endloop
  endfacet
  facet normal 0 0 1
    outer loop
      vertex 25.852379439003993 45.340668714406036 7
      vertex 25.52224130292548 43.880910495993305 7
      vertex 25.71923881554251 43.71923881554251 7
    endloop
  endfacet
  facet normal 0 0 1
    outer loop
      vertex 25.852379439003993 45.340668714406036 7
      vertex 25.880910495993305 43.52224130292548 7
      vertex 26.00104339226467 43.29748846207461 7
    endloop
  endfacet
  facet normal 0 0 1
    outer loop
      vertex 25.852379439003993 45.340668714406036 7
      vertex 25.71923881554251 43.71923881554251 7
      vertex 25.880910495993305 43.52224130292548 7
    endloop
  endfacet
  facet normal 0 0 1
    outer loop
      vertex 26.744543648263004 40.85545635173699 7
      vertex 26.744543648263004 44.744543648263004 7
      vertex 26.327818140803902 45.086541433832 7
    endloop
  endfacet
  facet normal 0 0 1
    outer loop
      vertex 27.340668714406036 41.747620560996 7
      vertex 27.49715952110888 42.26350161445564 7
      vertex 27.340668714406036 43.852379439004 7
    endloop
  endfacet
  facet normal 0 0 1
    outer loop
      vertex 27.49715952110888 42.26350161445564 7
      vertex 27.549999999999997 42.8 7
      vertex 27.49715952110888 43.33649838554435 7
    endloop
  endfacet
  facet normal 0 0 1
    outer loop
      vertex 27.49715952110888 42.26350161445564 7
      vertex 27.49715952110888 43.33649838554435 7
      vertex 27.340668714406036 43.852379439004 7
    endloop
  endfacet
  facet normal 0 0 1
    outer loop
      vertex 23.272181859196092 45.086541433832 7
      vertex 23.880761184457484 43.71923881554251 7
      vertex 23.747620560996 45.340668714406036 7
    endloop
  endfacet
  facet normal 0 0 1
    outer loop
      vertex 23.747620560996 45.340668714406036 7
      vertex 24.077758697074515 43.880910495993305 7
      vertex 24.30251153792538 44.00104339226467 7
    endloop
  endfacet
  facet normal 0 0 1
    outer loop
      vertex 23.747620560996 45.340668714406036 7
      vertex 24.30251153792538 44.00104339226467 7
      vertex 24.263501614455645 45.497159521108884 7
    endloop
  endfacet
  facet normal 0 0 1
    outer loop
      vertex 24.263501614455645 45.497159521108884 7
      vertex 24.30251153792538 44.00104339226467 7
      vertex 24.54638258137903 44.0750208645242 7
    endloop
  endfacet
  facet normal 0 0 1
    outer loop
      vertex 24.799999999999997 45.55 7
      vertex 24.54638258137903 44.0750208645242 7
      vertex 24.799999999999997 44.099999999999994 7
    endloop
  endfacet
  facet normal 0 0 1
    outer loop
      vertex 24.799999999999997 45.55 7
      vertex 24.799999999999997 44.099999999999994 7
      vertex 25.053617418620963 44.0750208645242 7
    endloop
  endfacet
  facet normal 0 0 1
    outer loop
      vertex 25.33649838554435 45.497159521108884 7
      vertex 25.053617418620963 44.0750208645242 7
      vertex 25.297488462074615 44.00104339226467 7
    endloop
  endfacet
  facet normal 0 0 1
    outer loop
      vertex 24.263501614455645 45.497159521108884 7
      vertex 24.54638258137903 44.0750208645242 7
      vertex 24.799999999999997 45.55 7
    endloop
  endfacet
  facet normal 0 0 1
    outer loop
      vertex 24.799999999999997 45.55 7
      vertex 25.053617418620963 44.0750208645242 7
      vertex 25.33649838554435 45.497159521108884 7
    endloop
  endfacet
  facet normal 0 0 1
    outer loop
      vertex 25.33649838554435 45.497159521108884 7
      vertex 25.297488462074615 44.00104339226467 7
      vertex 25.52224130292548 43.880910495993305 7
    endloop
  endfacet
  facet normal 0 0 1
    outer loop
      vertex 25.33649838554435 45.497159521108884 7
      vertex 25.52224130292548 43.880910495993305 7
      vertex 25.852379439003993 45.340668714406036 7
    endloop
  endfacet
  facet normal -0.471396736826003 -0.8819212643483523 0
    outer loop
      vertex 98.747620560996 9.259331285593962 2
      vertex 98.747620560996 9.259331285593962 7
      vertex 98.2721818591961 9.513458566168001 2
    endloop
  endfacet
  facet normal -0.29028467725445806 -0.95694033573221 5.509736286935362e-19
    outer loop
      vertex 98.747620560996 9.259331285593962 2
      vertex 99.26350161445565 9.102840478891117 2
      vertex 99.26350161445565 9.102840478891117 7
    endloop
  endfacet
  facet normal -0.6343932841636404 -0.773010453362741 0
    outer loop
      vertex 98.2721818591961 9.513458566168001 2
      vertex 98.2721818591961 9.513458566168001 7
      vertex 97.85545635173699 9.855456351736995 2
    endloop
  endfacet
  facet normal -0.7730104533627388 -0.6343932841636434 -3.3062144032316188e-18
    outer loop
      vertex 97.85545635173699 9.855456351736995 2
      vertex 97.513458566168 10.272181859196095 7
      vertex 97.513458566168 10.272181859196095 2
    endloop
  endfacet
  facet normal -0.09801714032956231 -0.9951847266721968 6.010730734292715e-19
    outer loop
      vertex 99.26350161445565 9.102840478891117 2
      vertex 99.8 9.05 2
      vertex 99.8 9.05 7
    endloop
  endfacet
  facet normal 0.09801714032956231 -0.9951847266721968 -6.010730734292715e-19
    outer loop
      vertex 99.8 9.05 2
      vertex 100.33649838554435 9.102840478891117 2
      vertex 100.33649838554435 9.102840478891117 7
    endloop
  endfacet
  facet normal 0.29028467725445806 -0.95694033573221 -5.509736286935362e-19
    outer loop
      vertex 100.33649838554435 9.102840478891117 2
      vertex 100.852379439004 9.259331285593962 2
      vertex 100.852379439004 9.259331285593962 7
    endloop
  endfacet
  facet normal 0.471396736826003 -0.8819212643483523 -1.4003033080002018e-18
    outer loop
      vertex 100.852379439004 9.259331285593962 2
      vertex 101.3278181408039 9.513458566168001 2
      vertex 101.3278181408039 9.513458566168001 7
    endloop
  endfacet
  facet normal -0.29028467725445806 -0.95694033573221 0
    outer loop
      vertex 98.747620560996 9.259331285593962 2
      vertex 99.26350161445565 9.102840478891117 7
      vertex 98.747620560996 9.259331285593962 7
    endloop
  endfacet
  facet normal -0.6343932841636404 -0.773010453362741 0
    outer loop
      vertex 97.85545635173699 9.855456351736995 2
      vertex 98.2721818591961 9.513458566168001 7
      vertex 97.85545635173699 9.855456351736995 7
    endloop
  endfacet
  facet normal -0.7730104533627388 -0.6343932841636434 0
    outer loop
      vertex 97.85545635173699 9.855456351736995 2
      vertex 97.85545635173699 9.855456351736995 7
      vertex 97.513458566168 10.272181859196095 7
    endloop
  endfacet
  facet normal -0.471396736826003 -0.8819212643483523 0
    outer loop
      vertex 98.2721818591961 9.513458566168001 2
      vertex 98.747620560996 9.259331285593962 7
      vertex 98.2721818591961 9.513458566168001 7
    endloop
  endfacet
  facet normal -0.09801714032956231 -0.9951847266721968 0
    outer loop
      vertex 99.26350161445565 9.102840478891117 2
      vertex 99.8 9.05 7
      vertex 99.26350161445565 9.102840478891117 7
    endloop
  endfacet
  facet normal 0.09801714032956231 -0.9951847266721968 0
    outer loop
      vertex 99.8 9.05 2
      vertex 100.33649838554435 9.102840478891117 7
      vertex 99.8 9.05 7
    endloop
  endfacet
  facet normal 0.29028467725445806 -0.95694033573221 0
    outer loop
      vertex 100.33649838554435 9.102840478891117 2
      vertex 100.852379439004 9.259331285593962 7
      vertex 100.33649838554435 9.102840478891117 7
    endloop
  endfacet
  facet normal 0.471396736826003 -0.8819212643483523 0
    outer loop
      vertex 100.852379439004 9.259331285593962 2
      vertex 101.3278181408039 9.513458566168001 7
      vertex 100.852379439004 9.259331285593962 7
    endloop
  endfacet
  facet normal -0.9569403357322073 -0.29028467725446777 8.482685352080613e-19
    outer loop
      vertex 97.25933128559396 10.747620560996005 2
      vertex 97.10284047889111 11.263501614455649 7
      vertex 97.10284047889111 11.263501614455649 2
    endloop
  endfacet
  facet normal -0.9951847266721975 -0.09801714032955514 -3.44077886332357e-19
    outer loop
      vertex 97.10284047889111 11.263501614455649 2
      vertex 97.05 11.8 7
      vertex 97.05 11.8 2
    endloop
  endfacet
  facet normal -0.9569403357322073 -0.29028467725446777 0
    outer loop
      vertex 97.25933128559396 10.747620560996005 2
      vertex 97.25933128559396 10.747620560996005 7
      vertex 97.10284047889111 11.263501614455649 7
    endloop
  endfacet
  facet normal -0.9951847266721975 -0.09801714032955514 0
    outer loop
      vertex 97.10284047889111 11.263501614455649 2
      vertex 97.10284047889111 11.263501614455649 7
      vertex 97.05 11.8 7
    endloop
  endfacet
  facet normal -0.9951847266721975 0.09801714032955514 3.44077886332357e-19
    outer loop
      vertex 97.05 11.8 2
      vertex 97.10284047889111 12.336498385544353 7
      vertex 97.10284047889111 12.336498385544353 2
    endloop
  endfacet
  facet normal -0.9569403357322073 0.29028467725446777 -8.482685352080613e-19
    outer loop
      vertex 97.10284047889111 12.336498385544353 2
      vertex 97.25933128559396 12.852379439003997 7
      vertex 97.25933128559396 12.852379439003997 2
    endloop
  endfacet
  facet normal -0.9951847266721975 0.09801714032955514 0
    outer loop
      vertex 97.05 11.8 2
      vertex 97.05 11.8 7
      vertex 97.10284047889111 12.336498385544353 7
    endloop
  endfacet
  facet normal -0.9569403357322073 0.29028467725446777 0
    outer loop
      vertex 97.10284047889111 12.336498385544353 2
      vertex 97.10284047889111 12.336498385544353 7
      vertex 97.25933128559396 12.852379439003997 7
    endloop
  endfacet
  facet normal -0.8819212643483552 -0.4713967368259975 0
    outer loop
      vertex 97.25933128559396 10.747620560996005 2
      vertex 97.513458566168 10.272181859196095 2
      vertex 97.25933128559396 10.747620560996005 7
    endloop
  endfacet
  facet normal -0.8819212643483552 -0.4713967368259975 0
    outer loop
      vertex 97.513458566168 10.272181859196095 2
      vertex 97.513458566168 10.272181859196095 7
      vertex 97.25933128559396 10.747620560996005 7
    endloop
  endfacet
  facet normal -0.8819212643483552 0.4713967368259975 -8.17653196596404e-19
    outer loop
      vertex 97.25933128559396 12.852379439003997 2
      vertex 97.513458566168 13.327818140803906 7
      vertex 97.513458566168 13.327818140803906 2
    endloop
  endfacet
  facet normal -0.7730104533627388 0.6343932841636434 3.3062144032316188e-18
    outer loop
      vertex 97.513458566168 13.327818140803906 2
      vertex 97.85545635173699 13.744543648263006 7
      vertex 97.85545635173699 13.744543648263006 2
    endloop
  endfacet
  facet normal -0.8819212643483552 0.4713967368259975 0
    outer loop
      vertex 97.25933128559396 12.852379439003997 2
      vertex 97.25933128559396 12.852379439003997 7
      vertex 97.513458566168 13.327818140803906 7
    endloop
  endfacet
  facet normal -0.7730104533627388 0.6343932841636434 0
    outer loop
      vertex 97.513458566168 13.327818140803906 2
      vertex 97.513458566168 13.327818140803906 7
      vertex 97.85545635173699 13.744543648263006 7
    endloop
  endfacet
  facet normal 0.6343932841636404 -0.773010453362741 -3.551588221217182e-18
    outer loop
      vertex 101.3278181408039 9.513458566168001 2
      vertex 101.744543648263 9.855456351736995 2
      vertex 101.744543648263 9.855456351736995 7
    endloop
  endfacet
  facet normal 0.7730104533627388 -0.6343932841636434 0
    outer loop
      vertex 101.744543648263 9.855456351736995 2
      vertex 102.086541433832 10.272181859196095 2
      vertex 101.744543648263 9.855456351736995 7
    endloop
  endfacet
  facet normal 0.6343932841636404 -0.773010453362741 0
    outer loop
      vertex 101.3278181408039 9.513458566168001 2
      vertex 101.744543648263 9.855456351736995 7
      vertex 101.3278181408039 9.513458566168001 7
    endloop
  endfacet
  facet normal 0.7730104533627388 -0.6343932841636434 0
    outer loop
      vertex 102.086541433832 10.272181859196095 2
      vertex 102.086541433832 10.272181859196095 7
      vertex 101.744543648263 9.855456351736995 7
    endloop
  endfacet
  facet normal 0.8819212643483552 -0.4713967368259975 0
    outer loop
      vertex 102.086541433832 10.272181859196095 2
      vertex 102.34066871440604 10.747620560996005 2
      vertex 102.086541433832 10.272181859196095 7
    endloop
  endfacet
  facet normal 0.9569403357322073 -0.29028467725446777 0
    outer loop
      vertex 102.34066871440604 10.747620560996005 2
      vertex 102.49715952110888 11.263501614455649 2
      vertex 102.34066871440604 10.747620560996005 7
    endloop
  endfacet
  facet normal 0.9951847266721975 -0.09801714032955514 0
    outer loop
      vertex 102.49715952110888 11.263501614455649 2
      vertex 102.55 11.8 2
      vertex 102.49715952110888 11.263501614455649 7
    endloop
  endfacet
  facet normal 0.8819212643483552 -0.4713967368259975 0
    outer loop
      vertex 102.34066871440604 10.747620560996005 2
      vertex 102.34066871440604 10.747620560996005 7
      vertex 102.086541433832 10.272181859196095 7
    endloop
  endfacet
  facet normal 0.9569403357322073 -0.29028467725446777 0
    outer loop
      vertex 102.49715952110888 11.263501614455649 2
      vertex 102.49715952110888 11.263501614455649 7
      vertex 102.34066871440604 10.747620560996005 7
    endloop
  endfacet
  facet normal 0.9951847266721975 -0.09801714032955514 0
    outer loop
      vertex 102.55 11.8 2
      vertex 102.55 11.8 7
      vertex 102.49715952110888 11.263501614455649 7
    endloop
  endfacet
  facet normal 0.9951847266721975 0.09801714032955514 0
    outer loop
      vertex 102.55 11.8 2
      vertex 102.49715952110888 12.336498385544353 2
      vertex 102.55 11.8 7
    endloop
  endfacet
  facet normal 0.9569403357322073 0.29028467725446777 0
    outer loop
      vertex 102.49715952110888 12.336498385544353 2
      vertex 102.34066871440604 12.852379439003997 2
      vertex 102.49715952110888 12.336498385544353 7
    endloop
  endfacet
  facet normal 0.7730104533627388 0.6343932841636434 0
    outer loop
      vertex 102.086541433832 13.327818140803906 2
      vertex 101.744543648263 13.744543648263006 2
      vertex 102.086541433832 13.327818140803906 7
    endloop
  endfacet
  facet normal 0.8819212643483552 0.4713967368259975 8.17653196596404e-19
    outer loop
      vertex 102.086541433832 13.327818140803906 2
      vertex 102.34066871440604 12.852379439003997 7
      vertex 102.34066871440604 12.852379439003997 2
    endloop
  endfacet
  facet normal 0.9951847266721975 0.09801714032955514 0
    outer loop
      vertex 102.49715952110888 12.336498385544353 2
      vertex 102.49715952110888 12.336498385544353 7
      vertex 102.55 11.8 7
    endloop
  endfacet
  facet normal 0.9569403357322073 0.29028467725446777 0
    outer loop
      vertex 102.34066871440604 12.852379439003997 2
      vertex 102.34066871440604 12.852379439003997 7
      vertex 102.49715952110888 12.336498385544353 7
    endloop
  endfacet
  facet normal 0.8819212643483552 0.4713967368259975 0
    outer loop
      vertex 102.086541433832 13.327818140803906 2
      vertex 102.086541433832 13.327818140803906 7
      vertex 102.34066871440604 12.852379439003997 7
    endloop
  endfacet
  facet normal 0.7730104533627388 0.6343932841636434 -3.3062144032316188e-18
    outer loop
      vertex 102.086541433832 13.327818140803906 7
      vertex 101.744543648263 13.744543648263006 2
      vertex 101.744543648263 13.744543648263006 7
    endloop
  endfacet
  facet normal 0 0 1
    outer loop
      vertex 98.747620560996 9.259331285593962 7
      vertex 99.26350161445565 9.102840478891117 7
      vertex 99.07775869707451 10.719089504006693 7
    endloop
  endfacet
  facet normal 0 0 1
    outer loop
      vertex 99.26350161445565 9.102840478891117 7
      vertex 99.30251153792538 10.598956607735328 7
      vertex 99.07775869707451 10.719089504006693 7
    endloop
  endfacet
  facet normal 0 0 1
    outer loop
      vertex 99.26350161445565 9.102840478891117 7
      vertex 99.8 9.05 7
      vertex 99.54638258137904 10.524979135475801 7
    endloop
  endfacet
  facet normal 0 0 1
    outer loop
      vertex 99.8 9.05 7
      vertex 100.33649838554435 9.102840478891117 7
      vertex 100.05361741862096 10.524979135475801 7
    endloop
  endfacet
  facet normal 0 0 1
    outer loop
      vertex 99.26350161445565 9.102840478891117 7
      vertex 99.54638258137904 10.524979135475801 7
      vertex 99.30251153792538 10.598956607735328 7
    endloop
  endfacet
  facet normal 0 0 1
    outer loop
      vertex 99.8 9.05 7
      vertex 99.8 10.5 7
      vertex 99.54638258137904 10.524979135475801 7
    endloop
  endfacet
  facet normal 0 0 1
    outer loop
      vertex 99.8 9.05 7
      vertex 100.05361741862096 10.524979135475801 7
      vertex 99.8 10.5 7
    endloop
  endfacet
  facet normal 0 0 1
    outer loop
      vertex 100.33649838554435 9.102840478891117 7
      vertex 100.29748846207461 10.598956607735328 7
      vertex 100.05361741862096 10.524979135475801 7
    endloop
  endfacet
  facet normal 0 0 1
    outer loop
      vertex 100.33649838554435 9.102840478891117 7
      vertex 100.852379439004 9.259331285593962 7
      vertex 100.29748846207461 10.598956607735328 7
    endloop
  endfacet
  facet normal 0 0 1
    outer loop
      vertex 100.852379439004 9.259331285593962 7
      vertex 100.52224130292548 10.719089504006693 7
      vertex 100.29748846207461 10.598956607735328 7
    endloop
  endfacet
  facet normal 0 0 1
    outer loop
      vertex 100.852379439004 9.259331285593962 7
      vertex 101.3278181408039 9.513458566168001 7
      vertex 100.71923881554251 10.880761184457489 7
    endloop
  endfacet
  facet normal 0 0 1
    outer loop
      vertex 97.25933128559396 10.747620560996005 7
      vertex 97.10284047889111 12.336498385544353 7
      vertex 97.10284047889111 11.263501614455649 7
    endloop
  endfacet
  facet normal 0 0 1
    outer loop
      vertex 97.10284047889111 11.263501614455649 7
      vertex 97.10284047889111 12.336498385544353 7
      vertex 97.05 11.8 7
    endloop
  endfacet
  facet normal 0 0 1
    outer loop
      vertex 97.25933128559396 10.747620560996005 7
      vertex 97.25933128559396 12.852379439003997 7
      vertex 97.10284047889111 12.336498385544353 7
    endloop
  endfacet
  facet normal 0 0 1
    outer loop
      vertex 98.2721818591961 9.513458566168001 7
      vertex 97.85545635173699 13.744543648263006 7
      vertex 97.85545635173699 9.855456351736995 7
    endloop
  endfacet
  facet normal 0 0 1
    outer loop
      vertex 98.747620560996 9.259331285593962 7
      vertex 98.88076118445748 10.880761184457489 7
      vertex 98.71908950400669 11.077758697074518 7
    endloop
  endfacet
  facet normal 0 0 1
    outer loop
      vertex 98.747620560996 9.259331285593962 7
      vertex 98.71908950400669 11.077758697074518 7
      vertex 98.59895660773532 11.302511537925383 7
    endloop
  endfacet
  facet normal 0 0 1
    outer loop
      vertex 98.747620560996 9.259331285593962 7
      vertex 99.07775869707451 10.719089504006693 7
      vertex 98.88076118445748 10.880761184457489 7
    endloop
  endfacet
  facet normal 0 0 1
    outer loop
      vertex 98.747620560996 9.259331285593962 7
      vertex 98.59895660773532 11.302511537925383 7
      vertex 98.5249791354758 11.546382581379033 7
    endloop
  endfacet
  facet normal 0 0 1
    outer loop
      vertex 98.747620560996 9.259331285593962 7
      vertex 98.5249791354758 11.546382581379033 7
      vertex 98.5 11.8 7
    endloop
  endfacet
  facet normal 0 0 1
    outer loop
      vertex 98.747620560996 9.259331285593962 7
      vertex 98.2721818591961 14.086541433832 7
      vertex 98.2721818591961 9.513458566168001 7
    endloop
  endfacet
  facet normal 0 0 1
    outer loop
      vertex 97.25933128559396 10.747620560996005 7
      vertex 97.513458566168 10.272181859196095 7
      vertex 97.25933128559396 12.852379439003997 7
    endloop
  endfacet
  facet normal 0 0 1
    outer loop
      vertex 97.85545635173699 9.855456351736995 7
      vertex 97.513458566168 13.327818140803906 7
      vertex 97.513458566168 10.272181859196095 7
    endloop
  endfacet
  facet normal 0 0 1
    outer loop
      vertex 98.747620560996 9.259331285593962 7
      vertex 98.5 11.8 7
      vertex 98.2721818591961 14.086541433832 7
    endloop
  endfacet
  facet normal 0 0 1
    outer loop
      vertex 100.852379439004 9.259331285593962 7
      vertex 100.71923881554251 10.880761184457489 7
      vertex 100.52224130292548 10.719089504006693 7
    endloop
  endfacet
  facet normal 0 0 1
    outer loop
      vertex 101.3278181408039 9.513458566168001 7
      vertex 100.8809104959933 11.077758697074518 7
      vertex 100.71923881554251 10.880761184457489 7
    endloop
  endfacet
  facet normal 0 0 1
    outer loop
      vertex 101.3278181408039 9.513458566168001 7
      vertex 101.00104339226468 11.302511537925383 7
      vertex 100.8809104959933 11.077758697074518 7
    endloop
  endfacet
  facet normal 0 0 1
    outer loop
      vertex 101.3278181408039 9.513458566168001 7
      vertex 101.07502086452419 11.546382581379033 7
      vertex 101.00104339226468 11.302511537925383 7
    endloop
  endfacet
  facet normal 0 0 1
    outer loop
      vertex 101.3278181408039 9.513458566168001 7
      vertex 101.1 11.8 7
      vertex 101.07502086452419 11.546382581379033 7
    endloop
  endfacet
  facet normal 0 0 1
    outer loop
      vertex 101.3278181408039 9.513458566168001 7
      vertex 100.852379439004 14.34066871440604 7
      vertex 101.1 11.8 7
    endloop
  endfacet
  facet normal 0 0 1
    outer loop
      vertex 97.25933128559396 12.852379439003997 7
      vertex 97.513458566168 10.272181859196095 7
      vertex 97.513458566168 13.327818140803906 7
    endloop
  endfacet
  facet normal 0 0 1
    outer loop
      vertex 97.85545635173699 9.855456351736995 7
      vertex 97.85545635173699 13.744543648263006 7
      vertex 97.513458566168 13.327818140803906 7
    endloop
  endfacet
  facet normal 0 0 1
    outer loop
      vertex 98.2721818591961 9.513458566168001 7
      vertex 98.2721818591961 14.086541433832 7
      vertex 97.85545635173699 13.744543648263006 7
    endloop
  endfacet
  facet normal 0 0 1
    outer loop
      vertex 98.2721818591961 14.086541433832 7
      vertex 98.5 11.8 7
      vertex 98.5249791354758 12.053617418620968 7
    endloop
  endfacet
  facet normal 0 0 1
    outer loop
      vertex 98.2721818591961 14.086541433832 7
      vertex 98.5249791354758 12.053617418620968 7
      vertex 98.59895660773532 12.297488462074618 7
    endloop
  endfacet
  facet normal 0 0 1
    outer loop
      vertex 98.2721818591961 14.086541433832 7
      vertex 98.59895660773532 12.297488462074618 7
      vertex 98.71908950400669 12.522241302925483 7
    endloop
  endfacet
  facet normal 0 0 1
    outer loop
      vertex 98.2721818591961 14.086541433832 7
      vertex 98.71908950400669 12.522241302925483 7
      vertex 98.88076118445748 12.719238815542512 7
    endloop
  endfacet
  facet normal 0 0 1
    outer loop
      vertex 98.747620560996 14.34066871440604 7
      vertex 98.88076118445748 12.719238815542512 7
      vertex 99.07775869707451 12.880910495993309 7
    endloop
  endfacet
  facet normal 0 0 1
    outer loop
      vertex 98.747620560996 14.34066871440604 7
      vertex 99.07775869707451 12.880910495993309 7
      vertex 99.30251153792538 13.001043392264673 7
    endloop
  endfacet
  facet normal 0 0 1
    outer loop
      vertex 101.3278181408039 9.513458566168001 7
      vertex 101.3278181408039 14.086541433832 7
      vertex 100.852379439004 14.34066871440604 7
    endloop
  endfacet
  facet normal 0 0 1
    outer loop
      vertex 100.852379439004 14.34066871440604 7
      vertex 101.07502086452419 12.053617418620968 7
      vertex 101.1 11.8 7
    endloop
  endfacet
  facet normal 0 0 1
    outer loop
      vertex 99.26350161445565 14.497159521108884 7
      vertex 99.30251153792538 13.001043392264673 7
      vertex 99.54638258137904 13.0750208645242 7
    endloop
  endfacet
  facet normal 0 0 1
    outer loop
      vertex 99.8 14.55 7
      vertex 99.54638258137904 13.0750208645242 7
      vertex 99.8 13.100000000000001 7
    endloop
  endfacet
  facet normal 0 0 1
    outer loop
      vertex 99.8 14.55 7
      vertex 99.8 13.100000000000001 7
      vertex 100.05361741862096 13.0750208645242 7
    endloop
  endfacet
  facet normal 0 0 1
    outer loop
      vertex 100.33649838554435 14.497159521108884 7
      vertex 100.05361741862096 13.0750208645242 7
      vertex 100.29748846207461 13.001043392264673 7
    endloop
  endfacet
  facet normal 0 0 1
    outer loop
      vertex 100.852379439004 14.34066871440604 7
      vertex 101.00104339226468 12.297488462074618 7
      vertex 101.07502086452419 12.053617418620968 7
    endloop
  endfacet
  facet normal 0 0 1
    outer loop
      vertex 100.852379439004 14.34066871440604 7
      vertex 100.8809104959933 12.522241302925483 7
      vertex 101.00104339226468 12.297488462074618 7
    endloop
  endfacet
  facet normal 0 0 1
    outer loop
      vertex 100.852379439004 14.34066871440604 7
      vertex 100.71923881554251 12.719238815542512 7
      vertex 100.8809104959933 12.522241302925483 7
    endloop
  endfacet
  facet normal 0 0 1
    outer loop
      vertex 100.852379439004 14.34066871440604 7
      vertex 100.52224130292548 12.880910495993309 7
      vertex 100.71923881554251 12.719238815542512 7
    endloop
  endfacet
  facet normal 0 0 1
    outer loop
      vertex 100.33649838554435 14.497159521108884 7
      vertex 100.29748846207461 13.001043392264673 7
      vertex 100.52224130292548 12.880910495993309 7
    endloop
  endfacet
  facet normal 0 0 1
    outer loop
      vertex 101.3278181408039 9.513458566168001 7
      vertex 101.744543648263 9.855456351736995 7
      vertex 101.3278181408039 14.086541433832 7
    endloop
  endfacet
  facet normal 0 0 1
    outer loop
      vertex 101.744543648263 9.855456351736995 7
      vertex 102.086541433832 10.272181859196095 7
      vertex 101.744543648263 13.744543648263006 7
    endloop
  endfacet
  facet normal 0 0 1
    outer loop
      vertex 102.086541433832 10.272181859196095 7
      vertex 102.34066871440604 10.747620560996005 7
      vertex 102.086541433832 13.327818140803906 7
    endloop
  endfacet
  facet normal 0 0 1
    outer loop
      vertex 102.34066871440604 10.747620560996005 7
      vertex 102.49715952110888 11.263501614455649 7
      vertex 102.34066871440604 12.852379439003997 7
    endloop
  endfacet
  facet normal 0 0 1
    outer loop
      vertex 102.49715952110888 11.263501614455649 7
      vertex 102.55 11.8 7
      vertex 102.49715952110888 12.336498385544353 7
    endloop
  endfacet
  facet normal 0 0 1
    outer loop
      vertex 101.744543648263 9.855456351736995 7
      vertex 101.744543648263 13.744543648263006 7
      vertex 101.3278181408039 14.086541433832 7
    endloop
  endfacet
  facet normal 0 0 1
    outer loop
      vertex 102.086541433832 10.272181859196095 7
      vertex 102.086541433832 13.327818140803906 7
      vertex 101.744543648263 13.744543648263006 7
    endloop
  endfacet
  facet normal 0 0 1
    outer loop
      vertex 102.49715952110888 11.263501614455649 7
      vertex 102.49715952110888 12.336498385544353 7
      vertex 102.34066871440604 12.852379439003997 7
    endloop
  endfacet
  facet normal 0 0 1
    outer loop
      vertex 102.34066871440604 10.747620560996005 7
      vertex 102.34066871440604 12.852379439003997 7
      vertex 102.086541433832 13.327818140803906 7
    endloop
  endfacet
  facet normal -0.6343932841636404 0.773010453362741 0
    outer loop
      vertex 97.85545635173699 13.744543648263006 2
      vertex 97.85545635173699 13.744543648263006 7
      vertex 98.2721818591961 14.086541433832 2
    endloop
  endfacet
  facet normal -0.471396736826003 0.8819212643483523 0
    outer loop
      vertex 98.2721818591961 14.086541433832 2
      vertex 98.2721818591961 14.086541433832 7
      vertex 98.747620560996 14.34066871440604 2
    endloop
  endfacet
  facet normal -0.29028467725445806 0.95694033573221 0
    outer loop
      vertex 98.747620560996 14.34066871440604 2
      vertex 98.747620560996 14.34066871440604 7
      vertex 99.26350161445565 14.497159521108884 2
    endloop
  endfacet
  facet normal 0.29028467725445806 0.95694033573221 0
    outer loop
      vertex 100.33649838554435 14.497159521108884 2
      vertex 100.33649838554435 14.497159521108884 7
      vertex 100.852379439004 14.34066871440604 2
    endloop
  endfacet
  facet normal 0.471396736826003 0.8819212643483523 0
    outer loop
      vertex 100.852379439004 14.34066871440604 2
      vertex 100.852379439004 14.34066871440604 7
      vertex 101.3278181408039 14.086541433832 2
    endloop
  endfacet
  facet normal -0.09801714032956231 0.9951847266721968 0
    outer loop
      vertex 99.26350161445565 14.497159521108884 2
      vertex 99.26350161445565 14.497159521108884 7
      vertex 99.8 14.55 2
    endloop
  endfacet
  facet normal 0.09801714032956231 0.9951847266721968 6.010730734292715e-19
    outer loop
      vertex 100.33649838554435 14.497159521108884 2
      vertex 99.8 14.55 2
      vertex 99.8 14.55 7
    endloop
  endfacet
  facet normal -0.6343932841636404 0.773010453362741 0
    outer loop
      vertex 98.2721818591961 14.086541433832 2
      vertex 97.85545635173699 13.744543648263006 7
      vertex 98.2721818591961 14.086541433832 7
    endloop
  endfacet
  facet normal -0.471396736826003 0.8819212643483523 0
    outer loop
      vertex 98.747620560996 14.34066871440604 2
      vertex 98.2721818591961 14.086541433832 7
      vertex 98.747620560996 14.34066871440604 7
    endloop
  endfacet
  facet normal -0.29028467725445806 0.95694033573221 0
    outer loop
      vertex 99.26350161445565 14.497159521108884 2
      vertex 98.747620560996 14.34066871440604 7
      vertex 99.26350161445565 14.497159521108884 7
    endloop
  endfacet
  facet normal 0.29028467725445806 0.95694033573221 0
    outer loop
      vertex 100.852379439004 14.34066871440604 2
      vertex 100.33649838554435 14.497159521108884 7
      vertex 100.852379439004 14.34066871440604 7
    endloop
  endfacet
  facet normal 0.471396736826003 0.8819212643483523 0
    outer loop
      vertex 101.3278181408039 14.086541433832 2
      vertex 100.852379439004 14.34066871440604 7
      vertex 101.3278181408039 14.086541433832 7
    endloop
  endfacet
  facet normal -0.09801714032956231 0.9951847266721968 0
    outer loop
      vertex 99.8 14.55 2
      vertex 99.26350161445565 14.497159521108884 7
      vertex 99.8 14.55 7
    endloop
  endfacet
  facet normal 0.09801714032956231 0.9951847266721968 0
    outer loop
      vertex 100.33649838554435 14.497159521108884 2
      vertex 99.8 14.55 7
      vertex 100.33649838554435 14.497159521108884 7
    endloop
  endfacet
  facet normal 0.6343932841636404 0.773010453362741 3.551588221217182e-18
    outer loop
      vertex 101.744543648263 13.744543648263006 2
      vertex 101.3278181408039 14.086541433832 2
      vertex 101.3278181408039 14.086541433832 7
    endloop
  endfacet
  facet normal 0.6343932841636404 0.773010453362741 0
    outer loop
      vertex 101.744543648263 13.744543648263006 2
      vertex 101.3278181408039 14.086541433832 7
      vertex 101.744543648263 13.744543648263006 7
    endloop
  endfacet
  facet normal 0 0 1
    outer loop
      vertex 98.2721818591961 14.086541433832 7
      vertex 98.88076118445748 12.719238815542512 7
      vertex 98.747620560996 14.34066871440604 7
    endloop
  endfacet
  facet normal 0 0 1
    outer loop
      vertex 98.747620560996 14.34066871440604 7
      vertex 99.30251153792538 13.001043392264673 7
      vertex 99.26350161445565 14.497159521108884 7
    endloop
  endfacet
  facet normal 0 0 1
    outer loop
      vertex 99.26350161445565 14.497159521108884 7
      vertex 99.54638258137904 13.0750208645242 7
      vertex 99.8 14.55 7
    endloop
  endfacet
  facet normal 0 0 1
    outer loop
      vertex 100.33649838554435 14.497159521108884 7
      vertex 99.8 14.55 7
      vertex 100.05361741862096 13.0750208645242 7
    endloop
  endfacet
  facet normal 0 0 1
    outer loop
      vertex 100.33649838554435 14.497159521108884 7
      vertex 100.52224130292548 12.880910495993309 7
      vertex 100.852379439004 14.34066871440604 7
    endloop
  endfacet
  facet normal -0.6343932841636385 -0.7730104533627427 0
    outer loop
      vertex 98.2721818591961 40.513458566168 2
      vertex 98.2721818591961 40.513458566168 7
      vertex 97.85545635173699 40.85545635173699 2
    endloop
  endfacet
  facet normal -0.471396736826003 -0.8819212643483523 1.4003033080002018e-18
    outer loop
      vertex 98.2721818591961 40.513458566168 2
      vertex 98.747620560996 40.25933128559396 2
      vertex 98.747620560996 40.25933128559396 7
    endloop
  endfacet
  facet normal -0.2902846772544641 -0.9569403357322084 2.1348733875454855e-19
    outer loop
      vertex 98.747620560996 40.25933128559396 2
      vertex 99.26350161445565 40.10284047889111 2
      vertex 99.26350161445565 40.10284047889111 7
    endloop
  endfacet
  facet normal -0.09801714032955579 -0.9951847266721974 -2.0422971318653027e-19
    outer loop
      vertex 99.26350161445565 40.10284047889111 2
      vertex 99.8 40.05 2
      vertex 99.8 40.05 7
    endloop
  endfacet
  facet normal 0.09801714032955579 -0.9951847266721974 2.0422971318653027e-19
    outer loop
      vertex 99.8 40.05 2
      vertex 100.33649838554435 40.10284047889111 2
      vertex 100.33649838554435 40.10284047889111 7
    endloop
  endfacet
  facet normal 0.2902846772544641 -0.9569403357322084 -2.1348733875454855e-19
    outer loop
      vertex 100.33649838554435 40.10284047889111 2
      vertex 100.852379439004 40.25933128559396 2
      vertex 100.852379439004 40.25933128559396 7
    endloop
  endfacet
  facet normal 0.471396736826003 -0.8819212643483523 -1.4003033080002018e-18
    outer loop
      vertex 100.852379439004 40.25933128559396 2
      vertex 101.3278181408039 40.513458566168 2
      vertex 101.3278181408039 40.513458566168 7
    endloop
  endfacet
  facet normal -0.6343932841636385 -0.7730104533627427 0
    outer loop
      vertex 97.85545635173699 40.85545635173699 2
      vertex 98.2721818591961 40.513458566168 7
      vertex 97.85545635173699 40.85545635173699 7
    endloop
  endfacet
  facet normal -0.471396736826003 -0.8819212643483523 0
    outer loop
      vertex 98.2721818591961 40.513458566168 2
      vertex 98.747620560996 40.25933128559396 7
      vertex 98.2721818591961 40.513458566168 7
    endloop
  endfacet
  facet normal -0.2902846772544641 -0.9569403357322084 0
    outer loop
      vertex 98.747620560996 40.25933128559396 2
      vertex 99.26350161445565 40.10284047889111 7
      vertex 98.747620560996 40.25933128559396 7
    endloop
  endfacet
  facet normal -0.09801714032955579 -0.9951847266721974 0
    outer loop
      vertex 99.26350161445565 40.10284047889111 2
      vertex 99.8 40.05 7
      vertex 99.26350161445565 40.10284047889111 7
    endloop
  endfacet
  facet normal 0.09801714032955579 -0.9951847266721974 0
    outer loop
      vertex 99.8 40.05 2
      vertex 100.33649838554435 40.10284047889111 7
      vertex 99.8 40.05 7
    endloop
  endfacet
  facet normal 0.2902846772544641 -0.9569403357322084 0
    outer loop
      vertex 100.33649838554435 40.10284047889111 2
      vertex 100.852379439004 40.25933128559396 7
      vertex 100.33649838554435 40.10284047889111 7
    endloop
  endfacet
  facet normal 0.471396736826003 -0.8819212643483523 0
    outer loop
      vertex 100.852379439004 40.25933128559396 2
      vertex 101.3278181408039 40.513458566168 7
      vertex 100.852379439004 40.25933128559396 7
    endloop
  endfacet
  facet normal 0.6343932841636385 -0.7730104533627427 -1.5799390098716899e-19
    outer loop
      vertex 101.3278181408039 40.513458566168 2
      vertex 101.744543648263 40.85545635173699 2
      vertex 101.744543648263 40.85545635173699 7
    endloop
  endfacet
  facet normal 0.6343932841636385 -0.7730104533627427 0
    outer loop
      vertex 101.3278181408039 40.513458566168 2
      vertex 101.744543648263 40.85545635173699 7
      vertex 101.3278181408039 40.513458566168 7
    endloop
  endfacet
  facet normal 0 0 1
    outer loop
      vertex 98.747620560996 40.25933128559396 7
      vertex 99.26350161445565 40.10284047889111 7
      vertex 99.07775869707451 41.71908950400669 7
    endloop
  endfacet
  facet normal 0 0 1
    outer loop
      vertex 99.26350161445565 40.10284047889111 7
      vertex 99.8 40.05 7
      vertex 99.54638258137904 41.524979135475796 7
    endloop
  endfacet
  facet normal 0 0 1
    outer loop
      vertex 99.8 40.05 7
      vertex 100.33649838554435 40.10284047889111 7
      vertex 100.05361741862096 41.524979135475796 7
    endloop
  endfacet
  facet normal 0 0 1
    outer loop
      vertex 100.33649838554435 40.10284047889111 7
      vertex 100.852379439004 40.25933128559396 7
      vertex 100.29748846207461 41.598956607735325 7
    endloop
  endfacet
  facet normal 0 0 1
    outer loop
      vertex 100.852379439004 40.25933128559396 7
      vertex 101.3278181408039 40.513458566168 7
      vertex 100.71923881554251 41.880761184457484 7
    endloop
  endfacet
  facet normal -0.9569403357322073 -0.29028467725446777 8.482685352080613e-19
    outer loop
      vertex 97.25933128559396 41.747620560996 2
      vertex 97.10284047889111 42.26350161445564 7
      vertex 97.10284047889111 42.26350161445564 2
    endloop
  endfacet
  facet normal -0.9951847266721975 -0.09801714032955448 -4.839260594781818e-19
    outer loop
      vertex 97.10284047889111 42.26350161445564 2
      vertex 97.05 42.8 7
      vertex 97.05 42.8 2
    endloop
  endfacet
  facet normal -0.9569403357322073 -0.29028467725446777 0
    outer loop
      vertex 97.25933128559396 41.747620560996 2
      vertex 97.25933128559396 41.747620560996 7
      vertex 97.10284047889111 42.26350161445564 7
    endloop
  endfacet
  facet normal -0.9951847266721975 -0.09801714032955448 0
    outer loop
      vertex 97.10284047889111 42.26350161445564 2
      vertex 97.10284047889111 42.26350161445564 7
      vertex 97.05 42.8 7
    endloop
  endfacet
  facet normal -0.9951847266721975 0.09801714032955448 4.839260594781818e-19
    outer loop
      vertex 97.05 42.8 2
      vertex 97.10284047889111 43.33649838554435 7
      vertex 97.10284047889111 43.33649838554435 2
    endloop
  endfacet
  facet normal -0.9569403357322073 0.29028467725446777 -8.482685352080613e-19
    outer loop
      vertex 97.10284047889111 43.33649838554435 2
      vertex 97.25933128559396 43.852379439004 7
      vertex 97.25933128559396 43.852379439004 2
    endloop
  endfacet
  facet normal -0.9951847266721975 0.09801714032955448 0
    outer loop
      vertex 97.05 42.8 2
      vertex 97.05 42.8 7
      vertex 97.10284047889111 43.33649838554435 7
    endloop
  endfacet
  facet normal -0.9569403357322073 0.29028467725446777 0
    outer loop
      vertex 97.10284047889111 43.33649838554435 2
      vertex 97.10284047889111 43.33649838554435 7
      vertex 97.25933128559396 43.852379439004 7
    endloop
  endfacet
  facet normal -0.7730104533627373 -0.6343932841636449 -4.460950504637893e-18
    outer loop
      vertex 97.85545635173699 40.85545635173699 2
      vertex 97.513458566168 41.27218185919609 7
      vertex 97.513458566168 41.27218185919609 2
    endloop
  endfacet
  facet normal -0.8819212643483552 -0.4713967368259975 0
    outer loop
      vertex 97.25933128559396 41.747620560996 2
      vertex 97.513458566168 41.27218185919609 2
      vertex 97.25933128559396 41.747620560996 7
    endloop
  endfacet
  facet normal -0.7730104533627373 -0.6343932841636449 0
    outer loop
      vertex 97.85545635173699 40.85545635173699 2
      vertex 97.85545635173699 40.85545635173699 7
      vertex 97.513458566168 41.27218185919609 7
    endloop
  endfacet
  facet normal -0.8819212643483552 -0.4713967368259975 0
    outer loop
      vertex 97.513458566168 41.27218185919609 2
      vertex 97.513458566168 41.27218185919609 7
      vertex 97.25933128559396 41.747620560996 7
    endloop
  endfacet
  facet normal -0.8819212643483552 0.4713967368259975 -8.17653196596404e-19
    outer loop
      vertex 97.25933128559396 43.852379439004 2
      vertex 97.513458566168 44.327818140803906 7
      vertex 97.513458566168 44.327818140803906 2
    endloop
  endfacet
  facet normal -0.8819212643483552 0.4713967368259975 0
    outer loop
      vertex 97.25933128559396 43.852379439004 2
      vertex 97.25933128559396 43.852379439004 7
      vertex 97.513458566168 44.327818140803906 7
    endloop
  endfacet
  facet normal -0.7730104533627373 0.6343932841636449 4.460950504637893e-18
    outer loop
      vertex 97.513458566168 44.327818140803906 2
      vertex 97.85545635173699 44.744543648263004 7
      vertex 97.85545635173699 44.744543648263004 2
    endloop
  endfacet
  facet normal -0.6343932841636385 0.7730104533627427 0
    outer loop
      vertex 97.85545635173699 44.744543648263004 2
      vertex 97.85545635173699 44.744543648263004 7
      vertex 98.2721818591961 45.086541433832 2
    endloop
  endfacet
  facet normal -0.471396736826003 0.8819212643483523 0
    outer loop
      vertex 98.2721818591961 45.086541433832 2
      vertex 98.2721818591961 45.086541433832 7
      vertex 98.747620560996 45.340668714406036 2
    endloop
  endfacet
  facet normal -0.2902846772544641 0.9569403357322084 0
    outer loop
      vertex 98.747620560996 45.340668714406036 2
      vertex 98.747620560996 45.340668714406036 7
      vertex 99.26350161445565 45.497159521108884 2
    endloop
  endfacet
  facet normal -0.09801714032955579 0.9951847266721974 0
    outer loop
      vertex 99.26350161445565 45.497159521108884 2
      vertex 99.26350161445565 45.497159521108884 7
      vertex 99.8 45.55 2
    endloop
  endfacet
  facet normal 0.09801714032955579 0.9951847266721974 0
    outer loop
      vertex 99.8 45.55 2
      vertex 99.8 45.55 7
      vertex 100.33649838554435 45.497159521108884 2
    endloop
  endfacet
  facet normal 0.2902846772544641 0.9569403357322084 0
    outer loop
      vertex 100.33649838554435 45.497159521108884 2
      vertex 100.33649838554435 45.497159521108884 7
      vertex 100.852379439004 45.340668714406036 2
    endloop
  endfacet
  facet normal 0.471396736826003 0.8819212643483523 0
    outer loop
      vertex 100.852379439004 45.340668714406036 2
      vertex 100.852379439004 45.340668714406036 7
      vertex 101.3278181408039 45.086541433832 2
    endloop
  endfacet
  facet normal -0.7730104533627373 0.6343932841636449 0
    outer loop
      vertex 97.513458566168 44.327818140803906 2
      vertex 97.513458566168 44.327818140803906 7
      vertex 97.85545635173699 44.744543648263004 7
    endloop
  endfacet
  facet normal -0.6343932841636385 0.7730104533627427 0
    outer loop
      vertex 98.2721818591961 45.086541433832 2
      vertex 97.85545635173699 44.744543648263004 7
      vertex 98.2721818591961 45.086541433832 7
    endloop
  endfacet
  facet normal -0.471396736826003 0.8819212643483523 0
    outer loop
      vertex 98.747620560996 45.340668714406036 2
      vertex 98.2721818591961 45.086541433832 7
      vertex 98.747620560996 45.340668714406036 7
    endloop
  endfacet
  facet normal -0.2902846772544641 0.9569403357322084 0
    outer loop
      vertex 99.26350161445565 45.497159521108884 2
      vertex 98.747620560996 45.340668714406036 7
      vertex 99.26350161445565 45.497159521108884 7
    endloop
  endfacet
  facet normal 0.471396736826003 0.8819212643483523 0
    outer loop
      vertex 101.3278181408039 45.086541433832 2
      vertex 100.852379439004 45.340668714406036 7
      vertex 101.3278181408039 45.086541433832 7
    endloop
  endfacet
  facet normal -0.09801714032955579 0.9951847266721974 0
    outer loop
      vertex 99.8 45.55 2
      vertex 99.26350161445565 45.497159521108884 7
      vertex 99.8 45.55 7
    endloop
  endfacet
  facet normal 0.09801714032955579 0.9951847266721974 0
    outer loop
      vertex 100.33649838554435 45.497159521108884 2
      vertex 99.8 45.55 7
      vertex 100.33649838554435 45.497159521108884 7
    endloop
  endfacet
  facet normal 0.2902846772544641 0.9569403357322084 0
    outer loop
      vertex 100.852379439004 45.340668714406036 2
      vertex 100.33649838554435 45.497159521108884 7
      vertex 100.852379439004 45.340668714406036 7
    endloop
  endfacet
  facet normal 0.7730104533627373 -0.6343932841636449 0
    outer loop
      vertex 101.744543648263 40.85545635173699 2
      vertex 102.086541433832 41.27218185919609 2
      vertex 101.744543648263 40.85545635173699 7
    endloop
  endfacet
  facet normal 0.8819212643483552 -0.4713967368259975 0
    outer loop
      vertex 102.086541433832 41.27218185919609 2
      vertex 102.34066871440604 41.747620560996 2
      vertex 102.086541433832 41.27218185919609 7
    endloop
  endfacet
  facet normal 0.9569403357322073 -0.29028467725446777 0
    outer loop
      vertex 102.34066871440604 41.747620560996 2
      vertex 102.49715952110888 42.26350161445564 2
      vertex 102.34066871440604 41.747620560996 7
    endloop
  endfacet
  facet normal 0.9951847266721975 -0.09801714032955448 0
    outer loop
      vertex 102.49715952110888 42.26350161445564 2
      vertex 102.55 42.8 2
      vertex 102.49715952110888 42.26350161445564 7
    endloop
  endfacet
  facet normal 0.7730104533627373 -0.6343932841636449 4.460950504637893e-18
    outer loop
      vertex 101.744543648263 40.85545635173699 7
      vertex 102.086541433832 41.27218185919609 2
      vertex 102.086541433832 41.27218185919609 7
    endloop
  endfacet
  facet normal 0.8819212643483552 -0.4713967368259975 0
    outer loop
      vertex 102.34066871440604 41.747620560996 2
      vertex 102.34066871440604 41.747620560996 7
      vertex 102.086541433832 41.27218185919609 7
    endloop
  endfacet
  facet normal 0.9569403357322073 -0.29028467725446777 0
    outer loop
      vertex 102.49715952110888 42.26350161445564 2
      vertex 102.49715952110888 42.26350161445564 7
      vertex 102.34066871440604 41.747620560996 7
    endloop
  endfacet
  facet normal 0.9951847266721975 -0.09801714032955448 0
    outer loop
      vertex 102.55 42.8 2
      vertex 102.55 42.8 7
      vertex 102.49715952110888 42.26350161445564 7
    endloop
  endfacet
  facet normal 0.9951847266721975 0.09801714032955448 0
    outer loop
      vertex 102.55 42.8 2
      vertex 102.49715952110888 43.33649838554435 2
      vertex 102.55 42.8 7
    endloop
  endfacet
  facet normal 0.9569403357322073 0.29028467725446777 0
    outer loop
      vertex 102.49715952110888 43.33649838554435 2
      vertex 102.34066871440604 43.852379439004 2
      vertex 102.49715952110888 43.33649838554435 7
    endloop
  endfacet
  facet normal 0.8819212643483552 0.4713967368259975 8.17653196596404e-19
    outer loop
      vertex 102.086541433832 44.327818140803906 2
      vertex 102.34066871440604 43.852379439004 7
      vertex 102.34066871440604 43.852379439004 2
    endloop
  endfacet
  facet normal 0.9951847266721975 0.09801714032955448 0
    outer loop
      vertex 102.49715952110888 43.33649838554435 2
      vertex 102.49715952110888 43.33649838554435 7
      vertex 102.55 42.8 7
    endloop
  endfacet
  facet normal 0.8819212643483552 0.4713967368259975 0
    outer loop
      vertex 102.086541433832 44.327818140803906 2
      vertex 102.086541433832 44.327818140803906 7
      vertex 102.34066871440604 43.852379439004 7
    endloop
  endfacet
  facet normal 0.9569403357322073 0.29028467725446777 0
    outer loop
      vertex 102.34066871440604 43.852379439004 2
      vertex 102.34066871440604 43.852379439004 7
      vertex 102.49715952110888 43.33649838554435 7
    endloop
  endfacet
  facet normal 0.7730104533627373 0.6343932841636449 0
    outer loop
      vertex 102.086541433832 44.327818140803906 2
      vertex 101.744543648263 44.744543648263004 2
      vertex 102.086541433832 44.327818140803906 7
    endloop
  endfacet
  facet normal 0.6343932841636385 0.7730104533627427 1.5799390098716899e-19
    outer loop
      vertex 101.744543648263 44.744543648263004 2
      vertex 101.3278181408039 45.086541433832 2
      vertex 101.3278181408039 45.086541433832 7
    endloop
  endfacet
  facet normal 0.7730104533627373 0.6343932841636449 0
    outer loop
      vertex 101.744543648263 44.744543648263004 2
      vertex 101.744543648263 44.744543648263004 7
      vertex 102.086541433832 44.327818140803906 7
    endloop
  endfacet
  facet normal 0.6343932841636385 0.7730104533627427 0
    outer loop
      vertex 101.744543648263 44.744543648263004 2
      vertex 101.3278181408039 45.086541433832 7
      vertex 101.744543648263 44.744543648263004 7
    endloop
  endfacet
  facet normal 0 0 1
    outer loop
      vertex 97.25933128559396 41.747620560996 7
      vertex 97.10284047889111 43.33649838554435 7
      vertex 97.10284047889111 42.26350161445564 7
    endloop
  endfacet
  facet normal 0 0 1
    outer loop
      vertex 97.10284047889111 42.26350161445564 7
      vertex 97.10284047889111 43.33649838554435 7
      vertex 97.05 42.8 7
    endloop
  endfacet
  facet normal 0 0 1
    outer loop
      vertex 97.25933128559396 41.747620560996 7
      vertex 97.25933128559396 43.852379439004 7
      vertex 97.10284047889111 43.33649838554435 7
    endloop
  endfacet
  facet normal 0 0 1
    outer loop
      vertex 99.26350161445565 40.10284047889111 7
      vertex 99.30251153792538 41.598956607735325 7
      vertex 99.07775869707451 41.71908950400669 7
    endloop
  endfacet
  facet normal 0 0 1
    outer loop
      vertex 98.747620560996 40.25933128559396 7
      vertex 99.07775869707451 41.71908950400669 7
      vertex 98.88076118445748 41.880761184457484 7
    endloop
  endfacet
  facet normal 0 0 1
    outer loop
      vertex 98.747620560996 40.25933128559396 7
      vertex 98.88076118445748 41.880761184457484 7
      vertex 98.71908950400669 42.077758697074515 7
    endloop
  endfacet
  facet normal 0 0 1
    outer loop
      vertex 98.747620560996 40.25933128559396 7
      vertex 98.71908950400669 42.077758697074515 7
      vertex 98.59895660773532 42.30251153792538 7
    endloop
  endfacet
  facet normal 0 0 1
    outer loop
      vertex 98.747620560996 40.25933128559396 7
      vertex 98.59895660773532 42.30251153792538 7
      vertex 98.5249791354758 42.54638258137903 7
    endloop
  endfacet
  facet normal 0 0 1
    outer loop
      vertex 97.85545635173699 40.85545635173699 7
      vertex 97.513458566168 44.327818140803906 7
      vertex 97.513458566168 41.27218185919609 7
    endloop
  endfacet
  facet normal 0 0 1
    outer loop
      vertex 98.2721818591961 40.513458566168 7
      vertex 97.85545635173699 44.744543648263004 7
      vertex 97.85545635173699 40.85545635173699 7
    endloop
  endfacet
  facet normal 0 0 1
    outer loop
      vertex 97.25933128559396 41.747620560996 7
      vertex 97.513458566168 41.27218185919609 7
      vertex 97.25933128559396 43.852379439004 7
    endloop
  endfacet
  facet normal 0 0 1
    outer loop
      vertex 98.2721818591961 40.513458566168 7
      vertex 98.747620560996 40.25933128559396 7
      vertex 98.2721818591961 45.086541433832 7
    endloop
  endfacet
  facet normal 0 0 1
    outer loop
      vertex 98.747620560996 40.25933128559396 7
      vertex 98.5249791354758 42.54638258137903 7
      vertex 98.5 42.8 7
    endloop
  endfacet
  facet normal 0 0 1
    outer loop
      vertex 99.26350161445565 40.10284047889111 7
      vertex 99.54638258137904 41.524979135475796 7
      vertex 99.30251153792538 41.598956607735325 7
    endloop
  endfacet
  facet normal 0 0 1
    outer loop
      vertex 99.8 40.05 7
      vertex 99.8 41.5 7
      vertex 99.54638258137904 41.524979135475796 7
    endloop
  endfacet
  facet normal 0 0 1
    outer loop
      vertex 99.8 40.05 7
      vertex 100.05361741862096 41.524979135475796 7
      vertex 99.8 41.5 7
    endloop
  endfacet
  facet normal 0 0 1
    outer loop
      vertex 100.33649838554435 40.10284047889111 7
      vertex 100.29748846207461 41.598956607735325 7
      vertex 100.05361741862096 41.524979135475796 7
    endloop
  endfacet
  facet normal 0 0 1
    outer loop
      vertex 100.852379439004 40.25933128559396 7
      vertex 100.52224130292548 41.71908950400669 7
      vertex 100.29748846207461 41.598956607735325 7
    endloop
  endfacet
  facet normal 0 0 1
    outer loop
      vertex 100.852379439004 40.25933128559396 7
      vertex 100.71923881554251 41.880761184457484 7
      vertex 100.52224130292548 41.71908950400669 7
    endloop
  endfacet
  facet normal 0 0 1
    outer loop
      vertex 101.3278181408039 40.513458566168 7
      vertex 100.8809104959933 42.077758697074515 7
      vertex 100.71923881554251 41.880761184457484 7
    endloop
  endfacet
  facet normal 0 0 1
    outer loop
      vertex 101.3278181408039 40.513458566168 7
      vertex 101.00104339226468 42.30251153792538 7
      vertex 100.8809104959933 42.077758697074515 7
    endloop
  endfacet
  facet normal 0 0 1
    outer loop
      vertex 101.3278181408039 40.513458566168 7
      vertex 101.07502086452419 42.54638258137903 7
      vertex 101.00104339226468 42.30251153792538 7
    endloop
  endfacet
  facet normal 0 0 1
    outer loop
      vertex 101.3278181408039 40.513458566168 7
      vertex 101.1 42.8 7
      vertex 101.07502086452419 42.54638258137903 7
    endloop
  endfacet
  facet normal 0 0 1
    outer loop
      vertex 97.25933128559396 43.852379439004 7
      vertex 97.513458566168 41.27218185919609 7
      vertex 97.513458566168 44.327818140803906 7
    endloop
  endfacet
  facet normal 0 0 1
    outer loop
      vertex 97.85545635173699 40.85545635173699 7
      vertex 97.85545635173699 44.744543648263004 7
      vertex 97.513458566168 44.327818140803906 7
    endloop
  endfacet
  facet normal 0 0 1
    outer loop
      vertex 98.2721818591961 40.513458566168 7
      vertex 98.2721818591961 45.086541433832 7
      vertex 97.85545635173699 44.744543648263004 7
    endloop
  endfacet
  facet normal 0 0 1
    outer loop
      vertex 98.747620560996 40.25933128559396 7
      vertex 98.5 42.8 7
      vertex 98.2721818591961 45.086541433832 7
    endloop
  endfacet
  facet normal 0 0 1
    outer loop
      vertex 98.2721818591961 45.086541433832 7
      vertex 98.5 42.8 7
      vertex 98.5249791354758 43.053617418620966 7
    endloop
  endfacet
  facet normal 0 0 1
    outer loop
      vertex 98.2721818591961 45.086541433832 7
      vertex 98.5249791354758 43.053617418620966 7
      vertex 98.59895660773532 43.29748846207461 7
    endloop
  endfacet
  facet normal 0 0 1
    outer loop
      vertex 98.2721818591961 45.086541433832 7
      vertex 98.59895660773532 43.29748846207461 7
      vertex 98.71908950400669 43.52224130292548 7
    endloop
  endfacet
  facet normal 0 0 1
    outer loop
      vertex 98.2721818591961 45.086541433832 7
      vertex 98.71908950400669 43.52224130292548 7
      vertex 98.88076118445748 43.71923881554251 7
    endloop
  endfacet
  facet normal 0 0 1
    outer loop
      vertex 98.747620560996 45.340668714406036 7
      vertex 98.88076118445748 43.71923881554251 7
      vertex 99.07775869707451 43.880910495993305 7
    endloop
  endfacet
  facet normal 0 0 1
    outer loop
      vertex 101.3278181408039 40.513458566168 7
      vertex 100.852379439004 45.340668714406036 7
      vertex 101.1 42.8 7
    endloop
  endfacet
  facet normal 0 0 1
    outer loop
      vertex 101.3278181408039 40.513458566168 7
      vertex 101.3278181408039 45.086541433832 7
      vertex 100.852379439004 45.340668714406036 7
    endloop
  endfacet
  facet normal 0 0 1
    outer loop
      vertex 100.852379439004 45.340668714406036 7
      vertex 101.00104339226468 43.29748846207461 7
      vertex 101.07502086452419 43.053617418620966 7
    endloop
  endfacet
  facet normal 0 0 1
    outer loop
      vertex 100.852379439004 45.340668714406036 7
      vertex 101.07502086452419 43.053617418620966 7
      vertex 101.1 42.8 7
    endloop
  endfacet
  facet normal 0 0 1
    outer loop
      vertex 100.852379439004 45.340668714406036 7
      vertex 100.52224130292548 43.880910495993305 7
      vertex 100.71923881554251 43.71923881554251 7
    endloop
  endfacet
  facet normal 0 0 1
    outer loop
      vertex 100.852379439004 45.340668714406036 7
      vertex 100.8809104959933 43.52224130292548 7
      vertex 101.00104339226468 43.29748846207461 7
    endloop
  endfacet
  facet normal 0 0 1
    outer loop
      vertex 100.852379439004 45.340668714406036 7
      vertex 100.71923881554251 43.71923881554251 7
      vertex 100.8809104959933 43.52224130292548 7
    endloop
  endfacet
  facet normal 0 0 1
    outer loop
      vertex 98.2721818591961 45.086541433832 7
      vertex 98.88076118445748 43.71923881554251 7
      vertex 98.747620560996 45.340668714406036 7
    endloop
  endfacet
  facet normal 0 0 1
    outer loop
      vertex 98.747620560996 45.340668714406036 7
      vertex 99.07775869707451 43.880910495993305 7
      vertex 99.30251153792538 44.00104339226467 7
    endloop
  endfacet
  facet normal 0 0 1
    outer loop
      vertex 98.747620560996 45.340668714406036 7
      vertex 99.30251153792538 44.00104339226467 7
      vertex 99.26350161445565 45.497159521108884 7
    endloop
  endfacet
  facet normal 0 0 1
    outer loop
      vertex 99.26350161445565 45.497159521108884 7
      vertex 99.30251153792538 44.00104339226467 7
      vertex 99.54638258137904 44.0750208645242 7
    endloop
  endfacet
  facet normal 0 0 1
    outer loop
      vertex 99.8 45.55 7
      vertex 99.54638258137904 44.0750208645242 7
      vertex 99.8 44.099999999999994 7
    endloop
  endfacet
  facet normal 0 0 1
    outer loop
      vertex 99.8 45.55 7
      vertex 99.8 44.099999999999994 7
      vertex 100.05361741862096 44.0750208645242 7
    endloop
  endfacet
  facet normal 0 0 1
    outer loop
      vertex 100.33649838554435 45.497159521108884 7
      vertex 100.05361741862096 44.0750208645242 7
      vertex 100.29748846207461 44.00104339226467 7
    endloop
  endfacet
  facet normal 0 0 1
    outer loop
      vertex 99.26350161445565 45.497159521108884 7
      vertex 99.54638258137904 44.0750208645242 7
      vertex 99.8 45.55 7
    endloop
  endfacet
  facet normal 0 0 1
    outer loop
      vertex 99.8 45.55 7
      vertex 100.05361741862096 44.0750208645242 7
      vertex 100.33649838554435 45.497159521108884 7
    endloop
  endfacet
  facet normal 0 0 1
    outer loop
      vertex 100.33649838554435 45.497159521108884 7
      vertex 100.29748846207461 44.00104339226467 7
      vertex 100.52224130292548 43.880910495993305 7
    endloop
  endfacet
  facet normal 0 0 1
    outer loop
      vertex 100.33649838554435 45.497159521108884 7
      vertex 100.52224130292548 43.880910495993305 7
      vertex 100.852379439004 45.340668714406036 7
    endloop
  endfacet
  facet normal 0 0 1
    outer loop
      vertex 101.3278181408039 40.513458566168 7
      vertex 101.744543648263 40.85545635173699 7
      vertex 101.3278181408039 45.086541433832 7
    endloop
  endfacet
  facet normal 0 0 1
    outer loop
      vertex 101.744543648263 40.85545635173699 7
      vertex 102.086541433832 41.27218185919609 7
      vertex 101.744543648263 44.744543648263004 7
    endloop
  endfacet
  facet normal 0 0 1
    outer loop
      vertex 102.086541433832 41.27218185919609 7
      vertex 102.34066871440604 41.747620560996 7
      vertex 102.086541433832 44.327818140803906 7
    endloop
  endfacet
  facet normal 0 0 1
    outer loop
      vertex 102.34066871440604 41.747620560996 7
      vertex 102.49715952110888 42.26350161445564 7
      vertex 102.34066871440604 43.852379439004 7
    endloop
  endfacet
  facet normal 0 0 1
    outer loop
      vertex 102.086541433832 41.27218185919609 7
      vertex 102.086541433832 44.327818140803906 7
      vertex 101.744543648263 44.744543648263004 7
    endloop
  endfacet
  facet normal 0 0 1
    outer loop
      vertex 102.49715952110888 42.26350161445564 7
      vertex 102.55 42.8 7
      vertex 102.49715952110888 43.33649838554435 7
    endloop
  endfacet
  facet normal 0 0 1
    outer loop
      vertex 102.49715952110888 42.26350161445564 7
      vertex 102.49715952110888 43.33649838554435 7
      vertex 102.34066871440604 43.852379439004 7
    endloop
  endfacet
  facet normal 0 0 1
    outer loop
      vertex 102.34066871440604 41.747620560996 7
      vertex 102.34066871440604 43.852379439004 7
      vertex 102.086541433832 44.327818140803906 7
    endloop
  endfacet
  facet normal 0 0 1
    outer loop
      vertex 101.744543648263 40.85545635173699 7
      vertex 101.744543648263 44.744543648263004 7
      vertex 101.3278181408039 45.086541433832 7
    endloop
  endfacet
  facet normal -0.7730104533627369 -0.6343932841636456 3.750116485655879e-20
    outer loop
      vertex 3.0251262658470837 3.0251262658470837 2
      vertex 2.5898563569410915 3.5555041844313924 49.6
      vertex 2.5898563569410915 3.5555041844313924 2
    endloop
  endfacet
  facet normal -0.6343932841636456 -0.7730104533627369 0
    outer loop
      vertex 3.5555041844313924 2.5898563569410915 2
      vertex 3.5555041844313924 2.5898563569410915 49.6
      vertex 3.0251262658470837 3.0251262658470837 2
    endloop
  endfacet
  facet normal -0.47139673682599753 -0.8819212643483549 2.4175731578493355e-19
    outer loop
      vertex 3.5555041844313924 2.5898563569410915 2
      vertex 4.1606079867221855 2.2664216362104965 2
      vertex 4.1606079867221855 2.2664216362104965 49.6
    endloop
  endfacet
  facet normal -0.2902846772544624 -0.956940335732209 0
    outer loop
      vertex 4.817183872943551 2.0672515185886935 2
      vertex 4.817183872943551 2.0672515185886935 49.6
      vertex 4.1606079867221855 2.2664216362104965 2
    endloop
  endfacet
  facet normal -0.0980171403295607 -0.9951847266721967 6.911349052486019e-20
    outer loop
      vertex 4.817183872943551 2.0672515185886935 2
      vertex 5.5 2 2
      vertex 5.5 2 49.6
    endloop
  endfacet
  facet normal 0.0980171403295607 -0.9951847266721967 -6.911349052486019e-20
    outer loop
      vertex 5.5 2 2
      vertex 6.182816127056449 2.0672515185886935 2
      vertex 6.182816127056449 2.0672515185886935 49.6
    endloop
  endfacet
  facet normal 0.2902846772544624 -0.956940335732209 -4.1758413344096123e-19
    outer loop
      vertex 6.182816127056449 2.0672515185886935 2
      vertex 6.8393920132778145 2.2664216362104965 2
      vertex 6.8393920132778145 2.2664216362104965 49.6
    endloop
  endfacet
  facet normal 0.4713967368259973 -0.8819212643483553 -9.307103560845006e-20
    outer loop
      vertex 6.8393920132778145 2.2664216362104965 2
      vertex 7.444495815568608 2.5898563569410915 2
      vertex 7.444495815568608 2.5898563569410915 49.6
    endloop
  endfacet
  facet normal -0.8819212643483549 -0.47139673682599753 2.4175731578493355e-19
    outer loop
      vertex 2.5898563569410915 3.5555041844313924 2
      vertex 2.2664216362104965 4.1606079867221855 49.6
      vertex 2.2664216362104965 4.1606079867221855 2
    endloop
  endfacet
  facet normal -0.956940335732209 -0.2902846772544624 4.1758413344096123e-19
    outer loop
      vertex 2.2664216362104965 4.1606079867221855 2
      vertex 2.0672515185886935 4.817183872943551 49.6
      vertex 2.0672515185886935 4.817183872943551 2
    endloop
  endfacet
  facet normal -0.9951847266721967 -0.0980171403295607 6.911349052486019e-20
    outer loop
      vertex 2.0672515185886935 4.817183872943551 2
      vertex 2 5.5 49.6
      vertex 2 5.5 2
    endloop
  endfacet
  facet normal -0.9951847266721967 0.0980171403295607 -6.911349052486019e-20
    outer loop
      vertex 2 5.5 2
      vertex 2.0672515185886935 6.182816127056449 49.6
      vertex 2.0672515185886935 6.182816127056449 2
    endloop
  endfacet
  facet normal -0.956940335732209 0.2902846772544624 -4.1758413344096123e-19
    outer loop
      vertex 2.0672515185886935 6.182816127056449 2
      vertex 2.2664216362104965 6.8393920132778145 49.6
      vertex 2.2664216362104965 6.8393920132778145 2
    endloop
  endfacet
  facet normal 0.6343932841636456 -0.7730104533627369 -3.750116485655879e-20
    outer loop
      vertex 7.444495815568608 2.5898563569410915 2
      vertex 7.974873734152917 3.0251262658470837 2
      vertex 7.974873734152917 3.0251262658470837 49.6
    endloop
  endfacet
  facet normal 0.7730104533627369 -0.6343932841636456 0
    outer loop
      vertex 7.974873734152917 3.0251262658470837 2
      vertex 8.410143643058909 3.5555041844313924 2
      vertex 7.974873734152917 3.0251262658470837 49.6
    endloop
  endfacet
  facet normal 0.8819212643483555 -0.47139673682599653 0
    outer loop
      vertex 8.410143643058909 3.5555041844313924 2
      vertex 8.733578363789503 4.1606079867221855 2
      vertex 8.410143643058909 3.5555041844313924 49.6
    endloop
  endfacet
  facet normal 0.956940335732209 -0.2902846772544617 0
    outer loop
      vertex 8.733578363789503 4.1606079867221855 2
      vertex 8.932748481411306 4.817183872943551 2
      vertex 8.733578363789503 4.1606079867221855 49.6
    endloop
  endfacet
  facet normal 0.9951847266721967 -0.09801714032956199 0
    outer loop
      vertex 8.932748481411306 4.817183872943551 2
      vertex 9 5.5 2
      vertex 8.932748481411306 4.817183872943551 49.6
    endloop
  endfacet
  facet normal 0.9951847266721967 0.09801714032956199 0
    outer loop
      vertex 9 5.5 2
      vertex 8.932748481411306 6.182816127056449 2
      vertex 9 5.5 49.6
    endloop
  endfacet
  facet normal 0.956940335732209 0.2902846772544617 0
    outer loop
      vertex 8.932748481411306 6.182816127056449 2
      vertex 8.733578363789503 6.8393920132778145 2
      vertex 8.932748481411306 6.182816127056449 49.6
    endloop
  endfacet
  facet normal -0.8819212643483553 0.4713967368259973 -9.307103560845006e-20
    outer loop
      vertex 2.2664216362104965 6.8393920132778145 2
      vertex 2.5898563569410915 7.444495815568608 49.6
      vertex 2.5898563569410915 7.444495815568608 2
    endloop
  endfacet
  facet normal -0.7730104533627369 0.6343932841636456 -3.750116485655879e-20
    outer loop
      vertex 2.5898563569410915 7.444495815568608 2
      vertex 3.0251262658470837 7.974873734152917 49.6
      vertex 3.0251262658470837 7.974873734152917 2
    endloop
  endfacet
  facet normal -0.6343932841636456 0.7730104533627369 0
    outer loop
      vertex 3.0251262658470837 7.974873734152917 2
      vertex 3.0251262658470837 7.974873734152917 49.6
      vertex 3.5555041844313924 8.410143643058909 2
    endloop
  endfacet
  facet normal -0.47139673682599653 0.8819212643483555 0
    outer loop
      vertex 3.5555041844313924 8.410143643058909 2
      vertex 3.5555041844313924 8.410143643058909 49.6
      vertex 4.1606079867221855 8.733578363789503 2
    endloop
  endfacet
  facet normal 0.6343932841636456 0.7730104533627369 0
    outer loop
      vertex 7.444495815568608 8.410143643058909 2
      vertex 7.444495815568608 8.410143643058909 49.6
      vertex 7.974873734152917 7.974873734152917 2
    endloop
  endfacet
  facet normal -0.2902846772544617 0.956940335732209 0
    outer loop
      vertex 4.1606079867221855 8.733578363789503 2
      vertex 4.1606079867221855 8.733578363789503 49.6
      vertex 4.817183872943551 8.932748481411306 2
    endloop
  endfacet
  facet normal -0.09801714032956199 0.9951847266721967 0
    outer loop
      vertex 4.817183872943551 8.932748481411306 2
      vertex 4.817183872943551 8.932748481411306 49.6
      vertex 5.5 9 2
    endloop
  endfacet
  facet normal 0.09801714032956199 0.9951847266721967 0
    outer loop
      vertex 5.5 9 2
      vertex 5.5 9 49.6
      vertex 6.182816127056449 8.932748481411306 2
    endloop
  endfacet
  facet normal 0.2902846772544617 0.956940335732209 0
    outer loop
      vertex 6.182816127056449 8.932748481411306 2
      vertex 6.182816127056449 8.932748481411306 49.6
      vertex 6.8393920132778145 8.733578363789503 2
    endloop
  endfacet
  facet normal 0.4713967368259963 0.8819212643483558 4.018406274561734e-19
    outer loop
      vertex 7.444495815568608 8.410143643058909 2
      vertex 6.8393920132778145 8.733578363789503 2
      vertex 6.8393920132778145 8.733578363789503 49.6
    endloop
  endfacet
  facet normal 0.8819212643483558 0.4713967368259963 0
    outer loop
      vertex 8.733578363789503 6.8393920132778145 2
      vertex 8.410143643058909 7.444495815568608 2
      vertex 8.733578363789503 6.8393920132778145 49.6
    endloop
  endfacet
  facet normal 0.7730104533627369 0.6343932841636456 0
    outer loop
      vertex 8.410143643058909 7.444495815568608 2
      vertex 7.974873734152917 7.974873734152917 2
      vertex 8.410143643058909 7.444495815568608 49.6
    endloop
  endfacet
  facet normal -0.47139673682599753 -0.8819212643483549 0
    outer loop
      vertex 3.5555041844313924 2.5898563569410915 2
      vertex 4.1606079867221855 2.2664216362104965 49.6
      vertex 3.5555041844313924 2.5898563569410915 49.6
    endloop
  endfacet
  facet normal -0.7730104533627369 -0.6343932841636456 0
    outer loop
      vertex 3.0251262658470837 3.0251262658470837 2
      vertex 3.0251262658470837 3.0251262658470837 49.6
      vertex 2.5898563569410915 3.5555041844313924 49.6
    endloop
  endfacet
  facet normal -0.6343932841636456 -0.7730104533627369 0
    outer loop
      vertex 3.0251262658470837 3.0251262658470837 2
      vertex 3.5555041844313924 2.5898563569410915 49.6
      vertex 3.0251262658470837 3.0251262658470837 49.6
    endloop
  endfacet
  facet normal -0.2902846772544624 -0.956940335732209 0
    outer loop
      vertex 4.1606079867221855 2.2664216362104965 2
      vertex 4.817183872943551 2.0672515185886935 49.6
      vertex 4.1606079867221855 2.2664216362104965 49.6
    endloop
  endfacet
  facet normal -0.0980171403295607 -0.9951847266721967 0
    outer loop
      vertex 4.817183872943551 2.0672515185886935 2
      vertex 5.5 2 49.6
      vertex 4.817183872943551 2.0672515185886935 49.6
    endloop
  endfacet
  facet normal 0.0980171403295607 -0.9951847266721967 0
    outer loop
      vertex 5.5 2 2
      vertex 6.182816127056449 2.0672515185886935 49.6
      vertex 5.5 2 49.6
    endloop
  endfacet
  facet normal 0.2902846772544624 -0.956940335732209 0
    outer loop
      vertex 6.182816127056449 2.0672515185886935 2
      vertex 6.8393920132778145 2.2664216362104965 49.6
      vertex 6.182816127056449 2.0672515185886935 49.6
    endloop
  endfacet
  facet normal 0.4713967368259973 -0.8819212643483553 0
    outer loop
      vertex 6.8393920132778145 2.2664216362104965 2
      vertex 7.444495815568608 2.5898563569410915 49.6
      vertex 6.8393920132778145 2.2664216362104965 49.6
    endloop
  endfacet
  facet normal 0.6343932841636456 -0.7730104533627369 0
    outer loop
      vertex 7.444495815568608 2.5898563569410915 2
      vertex 7.974873734152917 3.0251262658470837 49.6
      vertex 7.444495815568608 2.5898563569410915 49.6
    endloop
  endfacet
  facet normal -0.8819212643483549 -0.47139673682599753 0
    outer loop
      vertex 2.5898563569410915 3.5555041844313924 2
      vertex 2.5898563569410915 3.5555041844313924 49.6
      vertex 2.2664216362104965 4.1606079867221855 49.6
    endloop
  endfacet
  facet normal -0.956940335732209 -0.2902846772544624 0
    outer loop
      vertex 2.2664216362104965 4.1606079867221855 2
      vertex 2.2664216362104965 4.1606079867221855 49.6
      vertex 2.0672515185886935 4.817183872943551 49.6
    endloop
  endfacet
  facet normal -0.9951847266721967 -0.0980171403295607 0
    outer loop
      vertex 2.0672515185886935 4.817183872943551 2
      vertex 2.0672515185886935 4.817183872943551 49.6
      vertex 2 5.5 49.6
    endloop
  endfacet
  facet normal -0.9951847266721967 0.0980171403295607 0
    outer loop
      vertex 2 5.5 2
      vertex 2 5.5 49.6
      vertex 2.0672515185886935 6.182816127056449 49.6
    endloop
  endfacet
  facet normal -0.956940335732209 0.2902846772544624 0
    outer loop
      vertex 2.0672515185886935 6.182816127056449 2
      vertex 2.0672515185886935 6.182816127056449 49.6
      vertex 2.2664216362104965 6.8393920132778145 49.6
    endloop
  endfacet
  facet normal 0.7730104533627369 -0.6343932841636456 0
    outer loop
      vertex 8.410143643058909 3.5555041844313924 2
      vertex 8.410143643058909 3.5555041844313924 49.6
      vertex 7.974873734152917 3.0251262658470837 49.6
    endloop
  endfacet
  facet normal 0.8819212643483555 -0.47139673682599653 0
    outer loop
      vertex 8.733578363789503 4.1606079867221855 2
      vertex 8.733578363789503 4.1606079867221855 49.6
      vertex 8.410143643058909 3.5555041844313924 49.6
    endloop
  endfacet
  facet normal 0.956940335732209 -0.2902846772544617 0
    outer loop
      vertex 8.932748481411306 4.817183872943551 2
      vertex 8.932748481411306 4.817183872943551 49.6
      vertex 8.733578363789503 4.1606079867221855 49.6
    endloop
  endfacet
  facet normal 0.9951847266721967 -0.09801714032956199 0
    outer loop
      vertex 9 5.5 2
      vertex 9 5.5 49.6
      vertex 8.932748481411306 4.817183872943551 49.6
    endloop
  endfacet
  facet normal 0.9951847266721967 0.09801714032956199 0
    outer loop
      vertex 8.932748481411306 6.182816127056449 2
      vertex 8.932748481411306 6.182816127056449 49.6
      vertex 9 5.5 49.6
    endloop
  endfacet
  facet normal 0.956940335732209 0.2902846772544617 0
    outer loop
      vertex 8.733578363789503 6.8393920132778145 2
      vertex 8.733578363789503 6.8393920132778145 49.6
      vertex 8.932748481411306 6.182816127056449 49.6
    endloop
  endfacet
  facet normal -0.8819212643483553 0.4713967368259973 0
    outer loop
      vertex 2.2664216362104965 6.8393920132778145 2
      vertex 2.2664216362104965 6.8393920132778145 49.6
      vertex 2.5898563569410915 7.444495815568608 49.6
    endloop
  endfacet
  facet normal -0.7730104533627369 0.6343932841636456 0
    outer loop
      vertex 2.5898563569410915 7.444495815568608 2
      vertex 2.5898563569410915 7.444495815568608 49.6
      vertex 3.0251262658470837 7.974873734152917 49.6
    endloop
  endfacet
  facet normal -0.6343932841636456 0.7730104533627369 0
    outer loop
      vertex 3.5555041844313924 8.410143643058909 2
      vertex 3.0251262658470837 7.974873734152917 49.6
      vertex 3.5555041844313924 8.410143643058909 49.6
    endloop
  endfacet
  facet normal 0.4713967368259963 0.8819212643483558 0
    outer loop
      vertex 7.444495815568608 8.410143643058909 2
      vertex 6.8393920132778145 8.733578363789503 49.6
      vertex 7.444495815568608 8.410143643058909 49.6
    endloop
  endfacet
  facet normal -0.47139673682599653 0.8819212643483555 0
    outer loop
      vertex 4.1606079867221855 8.733578363789503 2
      vertex 3.5555041844313924 8.410143643058909 49.6
      vertex 4.1606079867221855 8.733578363789503 49.6
    endloop
  endfacet
  facet normal -0.2902846772544617 0.956940335732209 0
    outer loop
      vertex 4.817183872943551 8.932748481411306 2
      vertex 4.1606079867221855 8.733578363789503 49.6
      vertex 4.817183872943551 8.932748481411306 49.6
    endloop
  endfacet
  facet normal -0.09801714032956199 0.9951847266721967 0
    outer loop
      vertex 5.5 9 2
      vertex 4.817183872943551 8.932748481411306 49.6
      vertex 5.5 9 49.6
    endloop
  endfacet
  facet normal 0.09801714032956199 0.9951847266721967 0
    outer loop
      vertex 6.182816127056449 8.932748481411306 2
      vertex 5.5 9 49.6
      vertex 6.182816127056449 8.932748481411306 49.6
    endloop
  endfacet
  facet normal 0.2902846772544617 0.956940335732209 0
    outer loop
      vertex 6.8393920132778145 8.733578363789503 2
      vertex 6.182816127056449 8.932748481411306 49.6
      vertex 6.8393920132778145 8.733578363789503 49.6
    endloop
  endfacet
  facet normal 0.8819212643483558 0.4713967368259963 0
    outer loop
      vertex 8.410143643058909 7.444495815568608 2
      vertex 8.410143643058909 7.444495815568608 49.6
      vertex 8.733578363789503 6.8393920132778145 49.6
    endloop
  endfacet
  facet normal 0.7730104533627369 0.6343932841636456 0
    outer loop
      vertex 7.974873734152917 7.974873734152917 2
      vertex 7.974873734152917 7.974873734152917 49.6
      vertex 8.410143643058909 7.444495815568608 49.6
    endloop
  endfacet
  facet normal 0.6343932841636456 0.7730104533627369 0
    outer loop
      vertex 7.974873734152917 7.974873734152917 2
      vertex 7.444495815568608 8.410143643058909 49.6
      vertex 7.974873734152917 7.974873734152917 49.6
    endloop
  endfacet
  facet normal 0 0 1
    outer loop
      vertex 4.817183872943551 2.0672515185886935 49.6
      vertex 4.419089504006691 4.777758697074518 49.6
      vertex 4.1606079867221855 2.2664216362104965 49.6
    endloop
  endfacet
  facet normal 0 0 1
    outer loop
      vertex 4.817183872943551 2.0672515185886935 49.6
      vertex 5.5 2 49.6
      vertex 5.2463825813790335 4.224979135475801 49.6
    endloop
  endfacet
  facet normal 0 0 1
    outer loop
      vertex 5.5 2 49.6
      vertex 6.182816127056449 2.0672515185886935 49.6
      vertex 5.7536174186209665 4.224979135475801 49.6
    endloop
  endfacet
  facet normal 0 0 1
    outer loop
      vertex 6.182816127056449 2.0672515185886935 49.6
      vertex 6.8393920132778145 2.2664216362104965 49.6
      vertex 5.9974884620746165 4.298956607735327 49.6
    endloop
  endfacet
  facet normal 0 0 1
    outer loop
      vertex 3.0251262658470837 3.0251262658470837 49.6
      vertex 2.5898563569410915 7.444495815568608 49.6
      vertex 2.5898563569410915 3.5555041844313924 49.6
    endloop
  endfacet
  facet normal 0 0 1
    outer loop
      vertex 2.5898563569410915 3.5555041844313924 49.6
      vertex 2.2664216362104965 6.8393920132778145 49.6
      vertex 2.2664216362104965 4.1606079867221855 49.6
    endloop
  endfacet
  facet normal 0 0 1
    outer loop
      vertex 2.2664216362104965 4.1606079867221855 49.6
      vertex 2.0672515185886935 6.182816127056449 49.6
      vertex 2.0672515185886935 4.817183872943551 49.6
    endloop
  endfacet
  facet normal 0 0 1
    outer loop
      vertex 3.5555041844313924 2.5898563569410915 49.6
      vertex 3.0251262658470837 7.974873734152917 49.6
      vertex 3.0251262658470837 3.0251262658470837 49.6
    endloop
  endfacet
  facet normal 0 0 1
    outer loop
      vertex 3.5555041844313924 2.5898563569410915 49.6
      vertex 4.1606079867221855 2.2664216362104965 49.6
      vertex 3.5555041844313924 8.410143643058909 49.6
    endloop
  endfacet
  facet normal 0 0 1
    outer loop
      vertex 2.0672515185886935 4.817183872943551 49.6
      vertex 2.0672515185886935 6.182816127056449 49.6
      vertex 2 5.5 49.6
    endloop
  endfacet
  facet normal 0 0 1
    outer loop
      vertex 2.2664216362104965 4.1606079867221855 49.6
      vertex 2.2664216362104965 6.8393920132778145 49.6
      vertex 2.0672515185886935 6.182816127056449 49.6
    endloop
  endfacet
  facet normal 0 0 1
    outer loop
      vertex 2.5898563569410915 3.5555041844313924 49.6
      vertex 2.5898563569410915 7.444495815568608 49.6
      vertex 2.2664216362104965 6.8393920132778145 49.6
    endloop
  endfacet
  facet normal 0 0 1
    outer loop
      vertex 3.0251262658470837 3.0251262658470837 49.6
      vertex 3.0251262658470837 7.974873734152917 49.6
      vertex 2.5898563569410915 7.444495815568608 49.6
    endloop
  endfacet
  facet normal 0 0 1
    outer loop
      vertex 3.5555041844313924 2.5898563569410915 49.6
      vertex 3.5555041844313924 8.410143643058909 49.6
      vertex 3.0251262658470837 7.974873734152917 49.6
    endloop
  endfacet
  facet normal 0 0 1
    outer loop
      vertex 4.817183872943551 2.0672515185886935 49.6
      vertex 5.0025115379253835 4.298956607735327 49.6
      vertex 4.777758697074518 4.419089504006691 49.6
    endloop
  endfacet
  facet normal 0 0 1
    outer loop
      vertex 4.817183872943551 2.0672515185886935 49.6
      vertex 4.580761184457488 4.580761184457488 49.6
      vertex 4.419089504006691 4.777758697074518 49.6
    endloop
  endfacet
  facet normal 0 0 1
    outer loop
      vertex 4.817183872943551 2.0672515185886935 49.6
      vertex 4.777758697074518 4.419089504006691 49.6
      vertex 4.580761184457488 4.580761184457488 49.6
    endloop
  endfacet
  facet normal 0 0 1
    outer loop
      vertex 4.1606079867221855 2.2664216362104965 49.6
      vertex 4.419089504006691 4.777758697074518 49.6
      vertex 4.298956607735327 5.0025115379253835 49.6
    endloop
  endfacet
  facet normal 0 0 1
    outer loop
      vertex 4.1606079867221855 2.2664216362104965 49.6
      vertex 4.298956607735327 5.0025115379253835 49.6
      vertex 4.224979135475801 5.2463825813790335 49.6
    endloop
  endfacet
  facet normal 0 0 1
    outer loop
      vertex 4.817183872943551 2.0672515185886935 49.6
      vertex 5.2463825813790335 4.224979135475801 49.6
      vertex 5.0025115379253835 4.298956607735327 49.6
    endloop
  endfacet
  facet normal 0 0 1
    outer loop
      vertex 5.5 2 49.6
      vertex 5.5 4.2 49.6
      vertex 5.2463825813790335 4.224979135475801 49.6
    endloop
  endfacet
  facet normal 0 0 1
    outer loop
      vertex 5.5 2 49.6
      vertex 5.7536174186209665 4.224979135475801 49.6
      vertex 5.5 4.2 49.6
    endloop
  endfacet
  facet normal 0 0 1
    outer loop
      vertex 4.1606079867221855 2.2664216362104965 49.6
      vertex 4.224979135475801 5.2463825813790335 49.6
      vertex 4.2 5.5 49.6
    endloop
  endfacet
  facet normal 0 0 1
    outer loop
      vertex 6.182816127056449 2.0672515185886935 49.6
      vertex 5.9974884620746165 4.298956607735327 49.6
      vertex 5.7536174186209665 4.224979135475801 49.6
    endloop
  endfacet
  facet normal 0 0 1
    outer loop
      vertex 6.8393920132778145 2.2664216362104965 49.6
      vertex 6.222241302925482 4.419089504006691 49.6
      vertex 5.9974884620746165 4.298956607735327 49.6
    endloop
  endfacet
  facet normal 0 0 1
    outer loop
      vertex 6.8393920132778145 2.2664216362104965 49.6
      vertex 6.419238815542512 4.580761184457488 49.6
      vertex 6.222241302925482 4.419089504006691 49.6
    endloop
  endfacet
  facet normal 0 0 1
    outer loop
      vertex 6.8393920132778145 2.2664216362104965 49.6
      vertex 6.580910495993309 4.777758697074518 49.6
      vertex 6.419238815542512 4.580761184457488 49.6
    endloop
  endfacet
  facet normal 0 0 1
    outer loop
      vertex 6.8393920132778145 2.2664216362104965 49.6
      vertex 6.701043392264673 5.0025115379253835 49.6
      vertex 6.580910495993309 4.777758697074518 49.6
    endloop
  endfacet
  facet normal 0 0 1
    outer loop
      vertex 6.8393920132778145 2.2664216362104965 49.6
      vertex 6.775020864524199 5.2463825813790335 49.6
      vertex 6.701043392264673 5.0025115379253835 49.6
    endloop
  endfacet
  facet normal 0 0 1
    outer loop
      vertex 6.8393920132778145 2.2664216362104965 49.6
      vertex 6.8 5.5 49.6
      vertex 6.775020864524199 5.2463825813790335 49.6
    endloop
  endfacet
  facet normal 0 0 1
    outer loop
      vertex 6.8393920132778145 2.2664216362104965 49.6
      vertex 7.444495815568608 2.5898563569410915 49.6
      vertex 6.8393920132778145 8.733578363789503 49.6
    endloop
  endfacet
  facet normal 0 0 1
    outer loop
      vertex 7.444495815568608 2.5898563569410915 49.6
      vertex 7.974873734152917 3.0251262658470837 49.6
      vertex 7.444495815568608 8.410143643058909 49.6
    endloop
  endfacet
  facet normal 0 0 1
    outer loop
      vertex 4.1606079867221855 2.2664216362104965 49.6
      vertex 4.2 5.5 49.6
      vertex 4.1606079867221855 8.733578363789503 49.6
    endloop
  endfacet
  facet normal 0 0 1
    outer loop
      vertex 4.1606079867221855 2.2664216362104965 49.6
      vertex 4.1606079867221855 8.733578363789503 49.6
      vertex 3.5555041844313924 8.410143643058909 49.6
    endloop
  endfacet
  facet normal 0 0 1
    outer loop
      vertex 4.1606079867221855 8.733578363789503 49.6
      vertex 4.2 5.5 49.6
      vertex 4.224979135475801 5.7536174186209665 49.6
    endloop
  endfacet
  facet normal 0 0 1
    outer loop
      vertex 6.8393920132778145 2.2664216362104965 49.6
      vertex 6.8393920132778145 8.733578363789503 49.6
      vertex 6.8 5.5 49.6
    endloop
  endfacet
  facet normal 0 0 1
    outer loop
      vertex 6.8393920132778145 8.733578363789503 49.6
      vertex 6.775020864524199 5.7536174186209665 49.6
      vertex 6.8 5.5 49.6
    endloop
  endfacet
  facet normal 0 0 1
    outer loop
      vertex 7.444495815568608 2.5898563569410915 49.6
      vertex 7.444495815568608 8.410143643058909 49.6
      vertex 6.8393920132778145 8.733578363789503 49.6
    endloop
  endfacet
  facet normal 0 0 1
    outer loop
      vertex 7.974873734152917 3.0251262658470837 49.6
      vertex 8.410143643058909 3.5555041844313924 49.6
      vertex 7.974873734152917 7.974873734152917 49.6
    endloop
  endfacet
  facet normal 0 0 1
    outer loop
      vertex 8.410143643058909 3.5555041844313924 49.6
      vertex 8.733578363789503 4.1606079867221855 49.6
      vertex 8.410143643058909 7.444495815568608 49.6
    endloop
  endfacet
  facet normal 0 0 1
    outer loop
      vertex 8.733578363789503 4.1606079867221855 49.6
      vertex 8.932748481411306 4.817183872943551 49.6
      vertex 8.733578363789503 6.8393920132778145 49.6
    endloop
  endfacet
  facet normal 0 0 1
    outer loop
      vertex 8.932748481411306 4.817183872943551 49.6
      vertex 9 5.5 49.6
      vertex 8.932748481411306 6.182816127056449 49.6
    endloop
  endfacet
  facet normal 0 0 1
    outer loop
      vertex 8.932748481411306 4.817183872943551 49.6
      vertex 8.932748481411306 6.182816127056449 49.6
      vertex 8.733578363789503 6.8393920132778145 49.6
    endloop
  endfacet
  facet normal 0 0 1
    outer loop
      vertex 8.410143643058909 3.5555041844313924 49.6
      vertex 8.410143643058909 7.444495815568608 49.6
      vertex 7.974873734152917 7.974873734152917 49.6
    endloop
  endfacet
  facet normal 0 0 1
    outer loop
      vertex 8.733578363789503 4.1606079867221855 49.6
      vertex 8.733578363789503 6.8393920132778145 49.6
      vertex 8.410143643058909 7.444495815568608 49.6
    endloop
  endfacet
  facet normal 0 0 1
    outer loop
      vertex 7.974873734152917 3.0251262658470837 49.6
      vertex 7.974873734152917 7.974873734152917 49.6
      vertex 7.444495815568608 8.410143643058909 49.6
    endloop
  endfacet
  facet normal 0 0 1
    outer loop
      vertex 4.1606079867221855 8.733578363789503 49.6
      vertex 4.224979135475801 5.7536174186209665 49.6
      vertex 4.298956607735327 5.9974884620746165 49.6
    endloop
  endfacet
  facet normal 0 0 1
    outer loop
      vertex 4.1606079867221855 8.733578363789503 49.6
      vertex 4.298956607735327 5.9974884620746165 49.6
      vertex 4.419089504006691 6.222241302925482 49.6
    endloop
  endfacet
  facet normal 0 0 1
    outer loop
      vertex 4.1606079867221855 8.733578363789503 49.6
      vertex 4.419089504006691 6.222241302925482 49.6
      vertex 4.580761184457488 6.419238815542512 49.6
    endloop
  endfacet
  facet normal 0 0 1
    outer loop
      vertex 4.1606079867221855 8.733578363789503 49.6
      vertex 4.580761184457488 6.419238815542512 49.6
      vertex 4.777758697074518 6.580910495993309 49.6
    endloop
  endfacet
  facet normal 0 0 1
    outer loop
      vertex 4.1606079867221855 8.733578363789503 49.6
      vertex 4.777758697074518 6.580910495993309 49.6
      vertex 5.0025115379253835 6.701043392264673 49.6
    endloop
  endfacet
  facet normal 0 0 1
    outer loop
      vertex 4.817183872943551 8.932748481411306 49.6
      vertex 5.0025115379253835 6.701043392264673 49.6
      vertex 5.2463825813790335 6.775020864524199 49.6
    endloop
  endfacet
  facet normal 0 0 1
    outer loop
      vertex 5.5 9 49.6
      vertex 5.2463825813790335 6.775020864524199 49.6
      vertex 5.5 6.8 49.6
    endloop
  endfacet
  facet normal 0 0 1
    outer loop
      vertex 5.5 9 49.6
      vertex 5.5 6.8 49.6
      vertex 5.7536174186209665 6.775020864524199 49.6
    endloop
  endfacet
  facet normal 0 0 1
    outer loop
      vertex 4.1606079867221855 8.733578363789503 49.6
      vertex 5.0025115379253835 6.701043392264673 49.6
      vertex 4.817183872943551 8.932748481411306 49.6
    endloop
  endfacet
  facet normal 0 0 1
    outer loop
      vertex 4.817183872943551 8.932748481411306 49.6
      vertex 5.2463825813790335 6.775020864524199 49.6
      vertex 5.5 9 49.6
    endloop
  endfacet
  facet normal 0 0 1
    outer loop
      vertex 5.5 9 49.6
      vertex 5.7536174186209665 6.775020864524199 49.6
      vertex 6.182816127056449 8.932748481411306 49.6
    endloop
  endfacet
  facet normal 0 0 1
    outer loop
      vertex 6.8393920132778145 8.733578363789503 49.6
      vertex 6.701043392264673 5.9974884620746165 49.6
      vertex 6.775020864524199 5.7536174186209665 49.6
    endloop
  endfacet
  facet normal 0 0 1
    outer loop
      vertex 6.8393920132778145 8.733578363789503 49.6
      vertex 6.580910495993309 6.222241302925482 49.6
      vertex 6.701043392264673 5.9974884620746165 49.6
    endloop
  endfacet
  facet normal 0 0 1
    outer loop
      vertex 6.182816127056449 8.932748481411306 49.6
      vertex 6.419238815542512 6.419238815542512 49.6
      vertex 6.580910495993309 6.222241302925482 49.6
    endloop
  endfacet
  facet normal 0 0 1
    outer loop
      vertex 6.182816127056449 8.932748481411306 49.6
      vertex 6.222241302925482 6.580910495993309 49.6
      vertex 6.419238815542512 6.419238815542512 49.6
    endloop
  endfacet
  facet normal 0 0 1
    outer loop
      vertex 6.182816127056449 8.932748481411306 49.6
      vertex 5.9974884620746165 6.701043392264673 49.6
      vertex 6.222241302925482 6.580910495993309 49.6
    endloop
  endfacet
  facet normal 0 0 1
    outer loop
      vertex 6.182816127056449 8.932748481411306 49.6
      vertex 5.7536174186209665 6.775020864524199 49.6
      vertex 5.9974884620746165 6.701043392264673 49.6
    endloop
  endfacet
  facet normal 0 0 1
    outer loop
      vertex 6.182816127056449 8.932748481411306 49.6
      vertex 6.580910495993309 6.222241302925482 49.6
      vertex 6.8393920132778145 8.733578363789503 49.6
    endloop
  endfacet
  facet normal -0.634393284163647 -0.7730104533627356 0
    outer loop
      vertex 3.5555041844313924 46.18985635694109 2
      vertex 3.5555041844313924 46.18985635694109 49.6
      vertex 3.0251262658470837 46.625126265847086 2
    endloop
  endfacet
  facet normal -0.7730104533627359 -0.6343932841636468 -8.379464411457312e-20
    outer loop
      vertex 3.0251262658470837 46.625126265847086 2
      vertex 2.5898563569410915 47.15550418443139 49.6
      vertex 2.5898563569410915 47.15550418443139 2
    endloop
  endfacet
  facet normal -0.8819212643483547 -0.4713967368259985 -1.6203568169634983e-19
    outer loop
      vertex 2.5898563569410915 47.15550418443139 2
      vertex 2.2664216362104965 47.760607986722185 49.6
      vertex 2.2664216362104965 47.760607986722185 2
    endloop
  endfacet
  facet normal -0.47139673682599864 -0.8819212643483546 -6.701227606277761e-20
    outer loop
      vertex 3.5555041844313924 46.18985635694109 2
      vertex 4.1606079867221855 45.8664216362105 2
      vertex 4.1606079867221855 45.8664216362105 49.6
    endloop
  endfacet
  facet normal -0.2902846772544641 -0.9569403357322084 -2.0635625766487792e-20
    outer loop
      vertex 4.1606079867221855 45.8664216362105 2
      vertex 4.817183872943551 45.66725151858869 2
      vertex 4.817183872943551 45.66725151858869 49.6
    endloop
  endfacet
  facet normal -0.09801714032955687 -0.9951847266721972 -1.0056096086068782e-19
    outer loop
      vertex 4.817183872943551 45.66725151858869 2
      vertex 5.5 45.6 2
      vertex 5.5 45.6 49.6
    endloop
  endfacet
  facet normal 0.09801714032955687 -0.9951847266721972 1.0056096086068782e-19
    outer loop
      vertex 5.5 45.6 2
      vertex 6.182816127056449 45.66725151858869 2
      vertex 6.182816127056449 45.66725151858869 49.6
    endloop
  endfacet
  facet normal 0.2902846772544641 -0.9569403357322084 2.0635625766487792e-20
    outer loop
      vertex 6.182816127056449 45.66725151858869 2
      vertex 6.8393920132778145 45.8664216362105 2
      vertex 6.8393920132778145 45.8664216362105 49.6
    endloop
  endfacet
  facet normal 0.4713967368259983 -0.8819212643483546 2.1569855623927292e-19
    outer loop
      vertex 6.8393920132778145 45.8664216362105 2
      vertex 7.444495815568608 46.18985635694109 2
      vertex 7.444495815568608 46.18985635694109 49.6
    endloop
  endfacet
  facet normal 0.634393284163647 -0.7730104533627356 -8.493412447385394e-20
    outer loop
      vertex 7.444495815568608 46.18985635694109 2
      vertex 7.974873734152917 46.625126265847086 2
      vertex 7.974873734152917 46.625126265847086 49.6
    endloop
  endfacet
  facet normal 0.7730104533627359 -0.6343932841636468 0
    outer loop
      vertex 7.974873734152917 46.625126265847086 2
      vertex 8.410143643058909 47.15550418443139 2
      vertex 7.974873734152917 46.625126265847086 49.6
    endloop
  endfacet
  facet normal 0.8819212643483553 -0.4713967368259975 0
    outer loop
      vertex 8.410143643058909 47.15550418443139 2
      vertex 8.733578363789503 47.760607986722185 2
      vertex 8.410143643058909 47.15550418443139 49.6
    endloop
  endfacet
  facet normal -0.9569403357322092 -0.2902846772544612 3.1532036402538085e-19
    outer loop
      vertex 2.2664216362104965 47.760607986722185 2
      vertex 2.0672515185886935 48.41718387294355 49.6
      vertex 2.0672515185886935 48.41718387294355 2
    endloop
  endfacet
  facet normal -0.9951847266721967 -0.09801714032956083 -1.4130691187636532e-20
    outer loop
      vertex 2.0672515185886935 48.41718387294355 2
      vertex 2 49.1 49.6
      vertex 2 49.1 2
    endloop
  endfacet
  facet normal -0.9951847266721967 0.09801714032956083 1.4130691187636532e-20
    outer loop
      vertex 2 49.1 2
      vertex 2.0672515185886935 49.78281612705645 49.6
      vertex 2.0672515185886935 49.78281612705645 2
    endloop
  endfacet
  facet normal -0.9569403357322092 0.2902846772544612 -3.1532036402538085e-19
    outer loop
      vertex 2.0672515185886935 49.78281612705645 2
      vertex 2.2664216362104965 50.43939201327782 49.6
      vertex 2.2664216362104965 50.43939201327782 2
    endloop
  endfacet
  facet normal -0.8819212643483547 0.4713967368259985 1.6203568169634983e-19
    outer loop
      vertex 2.2664216362104965 50.43939201327782 2
      vertex 2.5898563569410915 51.04449581556861 49.6
      vertex 2.5898563569410915 51.04449581556861 2
    endloop
  endfacet
  facet normal -0.7730104533627359 0.6343932841636468 8.379464411457312e-20
    outer loop
      vertex 2.5898563569410915 51.04449581556861 2
      vertex 3.0251262658470837 51.574873734152916 49.6
      vertex 3.0251262658470837 51.574873734152916 2
    endloop
  endfacet
  facet normal -0.634393284163647 0.7730104533627356 0
    outer loop
      vertex 3.0251262658470837 51.574873734152916 2
      vertex 3.0251262658470837 51.574873734152916 49.6
      vertex 3.5555041844313924 52.01014364305891 2
    endloop
  endfacet
  facet normal -0.47139673682599864 0.8819212643483546 0
    outer loop
      vertex 3.5555041844313924 52.01014364305891 2
      vertex 3.5555041844313924 52.01014364305891 49.6
      vertex 4.1606079867221855 52.333578363789506 2
    endloop
  endfacet
  facet normal -0.2902846772544641 0.9569403357322084 0
    outer loop
      vertex 4.1606079867221855 52.333578363789506 2
      vertex 4.1606079867221855 52.333578363789506 49.6
      vertex 4.817183872943551 52.53274848141131 2
    endloop
  endfacet
  facet normal -0.09801714032955687 0.9951847266721972 0
    outer loop
      vertex 4.817183872943551 52.53274848141131 2
      vertex 4.817183872943551 52.53274848141131 49.6
      vertex 5.5 52.6 2
    endloop
  endfacet
  facet normal 0.09801714032955687 0.9951847266721972 0
    outer loop
      vertex 5.5 52.6 2
      vertex 5.5 52.6 49.6
      vertex 6.182816127056449 52.53274848141131 2
    endloop
  endfacet
  facet normal 0.634393284163647 0.7730104533627356 0
    outer loop
      vertex 7.444495815568608 52.01014364305891 2
      vertex 7.444495815568608 52.01014364305891 49.6
      vertex 7.974873734152917 51.574873734152916 2
    endloop
  endfacet
  facet normal 0.2902846772544641 0.9569403357322084 0
    outer loop
      vertex 6.182816127056449 52.53274848141131 2
      vertex 6.182816127056449 52.53274848141131 49.6
      vertex 6.8393920132778145 52.333578363789506 2
    endloop
  endfacet
  facet normal 0.4713967368259983 0.8819212643483546 -2.1569855623927292e-19
    outer loop
      vertex 7.444495815568608 52.01014364305891 2
      vertex 6.8393920132778145 52.333578363789506 2
      vertex 6.8393920132778145 52.333578363789506 49.6
    endloop
  endfacet
  facet normal 0.9569403357322094 -0.29028467725446067 0
    outer loop
      vertex 8.733578363789503 47.760607986722185 2
      vertex 8.932748481411306 48.41718387294355 2
      vertex 8.733578363789503 47.760607986722185 49.6
    endloop
  endfacet
  facet normal 0.9951847266721967 -0.09801714032956213 0
    outer loop
      vertex 8.932748481411306 48.41718387294355 2
      vertex 9 49.1 2
      vertex 8.932748481411306 48.41718387294355 49.6
    endloop
  endfacet
  facet normal 0.9951847266721967 0.09801714032956213 0
    outer loop
      vertex 9 49.1 2
      vertex 8.932748481411306 49.78281612705645 2
      vertex 9 49.1 49.6
    endloop
  endfacet
  facet normal 0.9569403357322094 0.29028467725446067 0
    outer loop
      vertex 8.932748481411306 49.78281612705645 2
      vertex 8.733578363789503 50.43939201327782 2
      vertex 8.932748481411306 49.78281612705645 49.6
    endloop
  endfacet
  facet normal 0.8819212643483553 0.4713967368259975 0
    outer loop
      vertex 8.733578363789503 50.43939201327782 2
      vertex 8.410143643058909 51.04449581556861 2
      vertex 8.733578363789503 50.43939201327782 49.6
    endloop
  endfacet
  facet normal 0.7730104533627359 0.6343932841636468 0
    outer loop
      vertex 8.410143643058909 51.04449581556861 2
      vertex 7.974873734152917 51.574873734152916 2
      vertex 8.410143643058909 51.04449581556861 49.6
    endloop
  endfacet
  facet normal -0.7730104533627359 -0.6343932841636468 0
    outer loop
      vertex 3.0251262658470837 46.625126265847086 2
      vertex 3.0251262658470837 46.625126265847086 49.6
      vertex 2.5898563569410915 47.15550418443139 49.6
    endloop
  endfacet
  facet normal -0.634393284163647 -0.7730104533627356 0
    outer loop
      vertex 3.0251262658470837 46.625126265847086 2
      vertex 3.5555041844313924 46.18985635694109 49.6
      vertex 3.0251262658470837 46.625126265847086 49.6
    endloop
  endfacet
  facet normal -0.47139673682599864 -0.8819212643483546 0
    outer loop
      vertex 3.5555041844313924 46.18985635694109 2
      vertex 4.1606079867221855 45.8664216362105 49.6
      vertex 3.5555041844313924 46.18985635694109 49.6
    endloop
  endfacet
  facet normal -0.8819212643483547 -0.4713967368259985 0
    outer loop
      vertex 2.5898563569410915 47.15550418443139 2
      vertex 2.5898563569410915 47.15550418443139 49.6
      vertex 2.2664216362104965 47.760607986722185 49.6
    endloop
  endfacet
  facet normal -0.2902846772544641 -0.9569403357322084 0
    outer loop
      vertex 4.1606079867221855 45.8664216362105 2
      vertex 4.817183872943551 45.66725151858869 49.6
      vertex 4.1606079867221855 45.8664216362105 49.6
    endloop
  endfacet
  facet normal 0.09801714032955687 -0.9951847266721972 0
    outer loop
      vertex 5.5 45.6 2
      vertex 6.182816127056449 45.66725151858869 49.6
      vertex 5.5 45.6 49.6
    endloop
  endfacet
  facet normal -0.09801714032955687 -0.9951847266721972 0
    outer loop
      vertex 4.817183872943551 45.66725151858869 2
      vertex 5.5 45.6 49.6
      vertex 4.817183872943551 45.66725151858869 49.6
    endloop
  endfacet
  facet normal 0.2902846772544641 -0.9569403357322084 0
    outer loop
      vertex 6.182816127056449 45.66725151858869 2
      vertex 6.8393920132778145 45.8664216362105 49.6
      vertex 6.182816127056449 45.66725151858869 49.6
    endloop
  endfacet
  facet normal 0.4713967368259983 -0.8819212643483546 0
    outer loop
      vertex 6.8393920132778145 45.8664216362105 2
      vertex 7.444495815568608 46.18985635694109 49.6
      vertex 6.8393920132778145 45.8664216362105 49.6
    endloop
  endfacet
  facet normal 0.634393284163647 -0.7730104533627356 0
    outer loop
      vertex 7.444495815568608 46.18985635694109 2
      vertex 7.974873734152917 46.625126265847086 49.6
      vertex 7.444495815568608 46.18985635694109 49.6
    endloop
  endfacet
  facet normal 0.7730104533627359 -0.6343932841636468 0
    outer loop
      vertex 8.410143643058909 47.15550418443139 2
      vertex 8.410143643058909 47.15550418443139 49.6
      vertex 7.974873734152917 46.625126265847086 49.6
    endloop
  endfacet
  facet normal 0.8819212643483553 -0.4713967368259975 0
    outer loop
      vertex 8.733578363789503 47.760607986722185 2
      vertex 8.733578363789503 47.760607986722185 49.6
      vertex 8.410143643058909 47.15550418443139 49.6
    endloop
  endfacet
  facet normal -0.9569403357322092 -0.2902846772544612 0
    outer loop
      vertex 2.2664216362104965 47.760607986722185 2
      vertex 2.2664216362104965 47.760607986722185 49.6
      vertex 2.0672515185886935 48.41718387294355 49.6
    endloop
  endfacet
  facet normal -0.9951847266721967 -0.09801714032956083 0
    outer loop
      vertex 2.0672515185886935 48.41718387294355 2
      vertex 2.0672515185886935 48.41718387294355 49.6
      vertex 2 49.1 49.6
    endloop
  endfacet
  facet normal -0.9951847266721967 0.09801714032956083 0
    outer loop
      vertex 2 49.1 2
      vertex 2 49.1 49.6
      vertex 2.0672515185886935 49.78281612705645 49.6
    endloop
  endfacet
  facet normal -0.9569403357322092 0.2902846772544612 0
    outer loop
      vertex 2.0672515185886935 49.78281612705645 2
      vertex 2.0672515185886935 49.78281612705645 49.6
      vertex 2.2664216362104965 50.43939201327782 49.6
    endloop
  endfacet
  facet normal -0.8819212643483547 0.4713967368259985 0
    outer loop
      vertex 2.2664216362104965 50.43939201327782 2
      vertex 2.2664216362104965 50.43939201327782 49.6
      vertex 2.5898563569410915 51.04449581556861 49.6
    endloop
  endfacet
  facet normal -0.7730104533627359 0.6343932841636468 0
    outer loop
      vertex 2.5898563569410915 51.04449581556861 2
      vertex 2.5898563569410915 51.04449581556861 49.6
      vertex 3.0251262658470837 51.574873734152916 49.6
    endloop
  endfacet
  facet normal -0.634393284163647 0.7730104533627356 0
    outer loop
      vertex 3.5555041844313924 52.01014364305891 2
      vertex 3.0251262658470837 51.574873734152916 49.6
      vertex 3.5555041844313924 52.01014364305891 49.6
    endloop
  endfacet
  facet normal -0.47139673682599864 0.8819212643483546 0
    outer loop
      vertex 4.1606079867221855 52.333578363789506 2
      vertex 3.5555041844313924 52.01014364305891 49.6
      vertex 4.1606079867221855 52.333578363789506 49.6
    endloop
  endfacet
  facet normal -0.2902846772544641 0.9569403357322084 0
    outer loop
      vertex 4.817183872943551 52.53274848141131 2
      vertex 4.1606079867221855 52.333578363789506 49.6
      vertex 4.817183872943551 52.53274848141131 49.6
    endloop
  endfacet
  facet normal -0.09801714032955687 0.9951847266721972 0
    outer loop
      vertex 5.5 52.6 2
      vertex 4.817183872943551 52.53274848141131 49.6
      vertex 5.5 52.6 49.6
    endloop
  endfacet
  facet normal 0.2902846772544641 0.9569403357322084 0
    outer loop
      vertex 6.8393920132778145 52.333578363789506 2
      vertex 6.182816127056449 52.53274848141131 49.6
      vertex 6.8393920132778145 52.333578363789506 49.6
    endloop
  endfacet
  facet normal 0.09801714032955687 0.9951847266721972 0
    outer loop
      vertex 6.182816127056449 52.53274848141131 2
      vertex 5.5 52.6 49.6
      vertex 6.182816127056449 52.53274848141131 49.6
    endloop
  endfacet
  facet normal 0.4713967368259983 0.8819212643483546 0
    outer loop
      vertex 7.444495815568608 52.01014364305891 2
      vertex 6.8393920132778145 52.333578363789506 49.6
      vertex 7.444495815568608 52.01014364305891 49.6
    endloop
  endfacet
  facet normal 0.9569403357322094 -0.29028467725446067 0
    outer loop
      vertex 8.932748481411306 48.41718387294355 2
      vertex 8.932748481411306 48.41718387294355 49.6
      vertex 8.733578363789503 47.760607986722185 49.6
    endloop
  endfacet
  facet normal 0.9951847266721967 -0.09801714032956213 0
    outer loop
      vertex 9 49.1 2
      vertex 9 49.1 49.6
      vertex 8.932748481411306 48.41718387294355 49.6
    endloop
  endfacet
  facet normal 0.9951847266721967 0.09801714032956213 0
    outer loop
      vertex 8.932748481411306 49.78281612705645 2
      vertex 8.932748481411306 49.78281612705645 49.6
      vertex 9 49.1 49.6
    endloop
  endfacet
  facet normal 0.9569403357322094 0.29028467725446067 0
    outer loop
      vertex 8.733578363789503 50.43939201327782 2
      vertex 8.733578363789503 50.43939201327782 49.6
      vertex 8.932748481411306 49.78281612705645 49.6
    endloop
  endfacet
  facet normal 0.8819212643483553 0.4713967368259975 0
    outer loop
      vertex 8.410143643058909 51.04449581556861 2
      vertex 8.410143643058909 51.04449581556861 49.6
      vertex 8.733578363789503 50.43939201327782 49.6
    endloop
  endfacet
  facet normal 0.7730104533627359 0.6343932841636468 0
    outer loop
      vertex 7.974873734152917 51.574873734152916 2
      vertex 7.974873734152917 51.574873734152916 49.6
      vertex 8.410143643058909 51.04449581556861 49.6
    endloop
  endfacet
  facet normal 0.634393284163647 0.7730104533627356 0
    outer loop
      vertex 7.974873734152917 51.574873734152916 2
      vertex 7.444495815568608 52.01014364305891 49.6
      vertex 7.974873734152917 51.574873734152916 49.6
    endloop
  endfacet
  facet normal 0 0 1
    outer loop
      vertex 4.1606079867221855 45.8664216362105 49.6
      vertex 4.817183872943551 45.66725151858869 49.6
      vertex 4.419089504006691 48.37775869707452 49.6
    endloop
  endfacet
  facet normal 0 0 1
    outer loop
      vertex 4.817183872943551 45.66725151858869 49.6
      vertex 5.5 45.6 49.6
      vertex 5.2463825813790335 47.8249791354758 49.6
    endloop
  endfacet
  facet normal 0 0 1
    outer loop
      vertex 5.5 45.6 49.6
      vertex 6.182816127056449 45.66725151858869 49.6
      vertex 5.7536174186209665 47.8249791354758 49.6
    endloop
  endfacet
  facet normal 0 0 1
    outer loop
      vertex 4.817183872943551 45.66725151858869 49.6
      vertex 5.0025115379253835 47.89895660773533 49.6
      vertex 4.777758697074518 48.01908950400669 49.6
    endloop
  endfacet
  facet normal 0 0 1
    outer loop
      vertex 4.817183872943551 45.66725151858869 49.6
      vertex 4.777758697074518 48.01908950400669 49.6
      vertex 4.580761184457488 48.18076118445749 49.6
    endloop
  endfacet
  facet normal 0 0 1
    outer loop
      vertex 4.1606079867221855 45.8664216362105 49.6
      vertex 4.419089504006691 48.37775869707452 49.6
      vertex 4.298956607735327 48.60251153792539 49.6
    endloop
  endfacet
  facet normal 0 0 1
    outer loop
      vertex 4.1606079867221855 45.8664216362105 49.6
      vertex 4.298956607735327 48.60251153792539 49.6
      vertex 4.224979135475801 48.84638258137903 49.6
    endloop
  endfacet
  facet normal 0 0 1
    outer loop
      vertex 4.817183872943551 45.66725151858869 49.6
      vertex 4.580761184457488 48.18076118445749 49.6
      vertex 4.419089504006691 48.37775869707452 49.6
    endloop
  endfacet
  facet normal 0 0 1
    outer loop
      vertex 4.817183872943551 45.66725151858869 49.6
      vertex 5.2463825813790335 47.8249791354758 49.6
      vertex 5.0025115379253835 47.89895660773533 49.6
    endloop
  endfacet
  facet normal 0 0 1
    outer loop
      vertex 5.5 45.6 49.6
      vertex 5.5 47.800000000000004 49.6
      vertex 5.2463825813790335 47.8249791354758 49.6
    endloop
  endfacet
  facet normal 0 0 1
    outer loop
      vertex 5.5 45.6 49.6
      vertex 5.7536174186209665 47.8249791354758 49.6
      vertex 5.5 47.800000000000004 49.6
    endloop
  endfacet
  facet normal 0 0 1
    outer loop
      vertex 6.182816127056449 45.66725151858869 49.6
      vertex 6.8393920132778145 45.8664216362105 49.6
      vertex 5.9974884620746165 47.89895660773533 49.6
    endloop
  endfacet
  facet normal 0 0 1
    outer loop
      vertex 6.182816127056449 45.66725151858869 49.6
      vertex 5.9974884620746165 47.89895660773533 49.6
      vertex 5.7536174186209665 47.8249791354758 49.6
    endloop
  endfacet
  facet normal 0 0 1
    outer loop
      vertex 6.8393920132778145 45.8664216362105 49.6
      vertex 6.222241302925482 48.01908950400669 49.6
      vertex 5.9974884620746165 47.89895660773533 49.6
    endloop
  endfacet
  facet normal 0 0 1
    outer loop
      vertex 6.8393920132778145 45.8664216362105 49.6
      vertex 6.419238815542512 48.18076118445749 49.6
      vertex 6.222241302925482 48.01908950400669 49.6
    endloop
  endfacet
  facet normal 0 0 1
    outer loop
      vertex 6.8393920132778145 45.8664216362105 49.6
      vertex 6.580910495993309 48.37775869707452 49.6
      vertex 6.419238815542512 48.18076118445749 49.6
    endloop
  endfacet
  facet normal 0 0 1
    outer loop
      vertex 6.8393920132778145 45.8664216362105 49.6
      vertex 6.701043392264673 48.60251153792539 49.6
      vertex 6.580910495993309 48.37775869707452 49.6
    endloop
  endfacet
  facet normal 0 0 1
    outer loop
      vertex 6.8393920132778145 45.8664216362105 49.6
      vertex 6.775020864524199 48.84638258137903 49.6
      vertex 6.701043392264673 48.60251153792539 49.6
    endloop
  endfacet
  facet normal 0 0 1
    outer loop
      vertex 2.5898563569410915 47.15550418443139 49.6
      vertex 2.2664216362104965 50.43939201327782 49.6
      vertex 2.2664216362104965 47.760607986722185 49.6
    endloop
  endfacet
  facet normal 0 0 1
    outer loop
      vertex 3.0251262658470837 46.625126265847086 49.6
      vertex 2.5898563569410915 51.04449581556861 49.6
      vertex 2.5898563569410915 47.15550418443139 49.6
    endloop
  endfacet
  facet normal 0 0 1
    outer loop
      vertex 3.5555041844313924 46.18985635694109 49.6
      vertex 3.0251262658470837 51.574873734152916 49.6
      vertex 3.0251262658470837 46.625126265847086 49.6
    endloop
  endfacet
  facet normal 0 0 1
    outer loop
      vertex 3.5555041844313924 46.18985635694109 49.6
      vertex 4.1606079867221855 45.8664216362105 49.6
      vertex 3.5555041844313924 52.01014364305891 49.6
    endloop
  endfacet
  facet normal 0 0 1
    outer loop
      vertex 2.2664216362104965 47.760607986722185 49.6
      vertex 2.0672515185886935 49.78281612705645 49.6
      vertex 2.0672515185886935 48.41718387294355 49.6
    endloop
  endfacet
  facet normal 0 0 1
    outer loop
      vertex 2.0672515185886935 48.41718387294355 49.6
      vertex 2.0672515185886935 49.78281612705645 49.6
      vertex 2 49.1 49.6
    endloop
  endfacet
  facet normal 0 0 1
    outer loop
      vertex 2.2664216362104965 47.760607986722185 49.6
      vertex 2.2664216362104965 50.43939201327782 49.6
      vertex 2.0672515185886935 49.78281612705645 49.6
    endloop
  endfacet
  facet normal 0 0 1
    outer loop
      vertex 2.5898563569410915 47.15550418443139 49.6
      vertex 2.5898563569410915 51.04449581556861 49.6
      vertex 2.2664216362104965 50.43939201327782 49.6
    endloop
  endfacet
  facet normal 0 0 1
    outer loop
      vertex 3.0251262658470837 46.625126265847086 49.6
      vertex 3.0251262658470837 51.574873734152916 49.6
      vertex 2.5898563569410915 51.04449581556861 49.6
    endloop
  endfacet
  facet normal 0 0 1
    outer loop
      vertex 3.5555041844313924 46.18985635694109 49.6
      vertex 3.5555041844313924 52.01014364305891 49.6
      vertex 3.0251262658470837 51.574873734152916 49.6
    endloop
  endfacet
  facet normal 0 0 1
    outer loop
      vertex 4.1606079867221855 45.8664216362105 49.6
      vertex 4.224979135475801 48.84638258137903 49.6
      vertex 4.2 49.1 49.6
    endloop
  endfacet
  facet normal 0 0 1
    outer loop
      vertex 4.1606079867221855 45.8664216362105 49.6
      vertex 4.2 49.1 49.6
      vertex 4.1606079867221855 52.333578363789506 49.6
    endloop
  endfacet
  facet normal 0 0 1
    outer loop
      vertex 6.8393920132778145 45.8664216362105 49.6
      vertex 6.8 49.1 49.6
      vertex 6.775020864524199 48.84638258137903 49.6
    endloop
  endfacet
  facet normal 0 0 1
    outer loop
      vertex 6.8393920132778145 45.8664216362105 49.6
      vertex 7.444495815568608 46.18985635694109 49.6
      vertex 6.8393920132778145 52.333578363789506 49.6
    endloop
  endfacet
  facet normal 0 0 1
    outer loop
      vertex 7.444495815568608 46.18985635694109 49.6
      vertex 7.974873734152917 46.625126265847086 49.6
      vertex 7.444495815568608 52.01014364305891 49.6
    endloop
  endfacet
  facet normal 0 0 1
    outer loop
      vertex 6.8393920132778145 45.8664216362105 49.6
      vertex 6.8393920132778145 52.333578363789506 49.6
      vertex 6.8 49.1 49.6
    endloop
  endfacet
  facet normal 0 0 1
    outer loop
      vertex 4.1606079867221855 45.8664216362105 49.6
      vertex 4.1606079867221855 52.333578363789506 49.6
      vertex 3.5555041844313924 52.01014364305891 49.6
    endloop
  endfacet
  facet normal 0 0 1
    outer loop
      vertex 4.1606079867221855 52.333578363789506 49.6
      vertex 4.2 49.1 49.6
      vertex 4.224979135475801 49.35361741862097 49.6
    endloop
  endfacet
  facet normal 0 0 1
    outer loop
      vertex 4.1606079867221855 52.333578363789506 49.6
      vertex 4.224979135475801 49.35361741862097 49.6
      vertex 4.298956607735327 49.597488462074615 49.6
    endloop
  endfacet
  facet normal 0 0 1
    outer loop
      vertex 4.1606079867221855 52.333578363789506 49.6
      vertex 4.298956607735327 49.597488462074615 49.6
      vertex 4.419089504006691 49.822241302925484 49.6
    endloop
  endfacet
  facet normal 0 0 1
    outer loop
      vertex 4.1606079867221855 52.333578363789506 49.6
      vertex 4.419089504006691 49.822241302925484 49.6
      vertex 4.580761184457488 50.019238815542515 49.6
    endloop
  endfacet
  facet normal 0 0 1
    outer loop
      vertex 4.1606079867221855 52.333578363789506 49.6
      vertex 4.580761184457488 50.019238815542515 49.6
      vertex 4.777758697074518 50.18091049599331 49.6
    endloop
  endfacet
  facet normal 0 0 1
    outer loop
      vertex 4.1606079867221855 52.333578363789506 49.6
      vertex 4.777758697074518 50.18091049599331 49.6
      vertex 5.0025115379253835 50.301043392264674 49.6
    endloop
  endfacet
  facet normal 0 0 1
    outer loop
      vertex 4.817183872943551 52.53274848141131 49.6
      vertex 5.0025115379253835 50.301043392264674 49.6
      vertex 5.2463825813790335 50.3750208645242 49.6
    endloop
  endfacet
  facet normal 0 0 1
    outer loop
      vertex 5.5 52.6 49.6
      vertex 5.2463825813790335 50.3750208645242 49.6
      vertex 5.5 50.4 49.6
    endloop
  endfacet
  facet normal 0 0 1
    outer loop
      vertex 5.5 52.6 49.6
      vertex 5.5 50.4 49.6
      vertex 5.7536174186209665 50.3750208645242 49.6
    endloop
  endfacet
  facet normal 0 0 1
    outer loop
      vertex 6.8393920132778145 52.333578363789506 49.6
      vertex 6.775020864524199 49.35361741862097 49.6
      vertex 6.8 49.1 49.6
    endloop
  endfacet
  facet normal 0 0 1
    outer loop
      vertex 7.444495815568608 46.18985635694109 49.6
      vertex 7.444495815568608 52.01014364305891 49.6
      vertex 6.8393920132778145 52.333578363789506 49.6
    endloop
  endfacet
  facet normal 0 0 1
    outer loop
      vertex 6.8393920132778145 52.333578363789506 49.6
      vertex 6.701043392264673 49.597488462074615 49.6
      vertex 6.775020864524199 49.35361741862097 49.6
    endloop
  endfacet
  facet normal 0 0 1
    outer loop
      vertex 6.8393920132778145 52.333578363789506 49.6
      vertex 6.580910495993309 49.822241302925484 49.6
      vertex 6.701043392264673 49.597488462074615 49.6
    endloop
  endfacet
  facet normal 0 0 1
    outer loop
      vertex 6.182816127056449 52.53274848141131 49.6
      vertex 6.222241302925482 50.18091049599331 49.6
      vertex 6.419238815542512 50.019238815542515 49.6
    endloop
  endfacet
  facet normal 0 0 1
    outer loop
      vertex 6.182816127056449 52.53274848141131 49.6
      vertex 5.7536174186209665 50.3750208645242 49.6
      vertex 5.9974884620746165 50.301043392264674 49.6
    endloop
  endfacet
  facet normal 0 0 1
    outer loop
      vertex 6.182816127056449 52.53274848141131 49.6
      vertex 5.9974884620746165 50.301043392264674 49.6
      vertex 6.222241302925482 50.18091049599331 49.6
    endloop
  endfacet
  facet normal 0 0 1
    outer loop
      vertex 6.182816127056449 52.53274848141131 49.6
      vertex 6.419238815542512 50.019238815542515 49.6
      vertex 6.580910495993309 49.822241302925484 49.6
    endloop
  endfacet
  facet normal 0 0 1
    outer loop
      vertex 4.1606079867221855 52.333578363789506 49.6
      vertex 5.0025115379253835 50.301043392264674 49.6
      vertex 4.817183872943551 52.53274848141131 49.6
    endloop
  endfacet
  facet normal 0 0 1
    outer loop
      vertex 4.817183872943551 52.53274848141131 49.6
      vertex 5.2463825813790335 50.3750208645242 49.6
      vertex 5.5 52.6 49.6
    endloop
  endfacet
  facet normal 0 0 1
    outer loop
      vertex 5.5 52.6 49.6
      vertex 5.7536174186209665 50.3750208645242 49.6
      vertex 6.182816127056449 52.53274848141131 49.6
    endloop
  endfacet
  facet normal 0 0 1
    outer loop
      vertex 6.182816127056449 52.53274848141131 49.6
      vertex 6.580910495993309 49.822241302925484 49.6
      vertex 6.8393920132778145 52.333578363789506 49.6
    endloop
  endfacet
  facet normal 0 0 1
    outer loop
      vertex 7.974873734152917 46.625126265847086 49.6
      vertex 8.410143643058909 47.15550418443139 49.6
      vertex 7.974873734152917 51.574873734152916 49.6
    endloop
  endfacet
  facet normal 0 0 1
    outer loop
      vertex 8.410143643058909 47.15550418443139 49.6
      vertex 8.733578363789503 47.760607986722185 49.6
      vertex 8.410143643058909 51.04449581556861 49.6
    endloop
  endfacet
  facet normal 0 0 1
    outer loop
      vertex 8.733578363789503 47.760607986722185 49.6
      vertex 8.932748481411306 48.41718387294355 49.6
      vertex 8.733578363789503 50.43939201327782 49.6
    endloop
  endfacet
  facet normal 0 0 1
    outer loop
      vertex 8.932748481411306 48.41718387294355 49.6
      vertex 9 49.1 49.6
      vertex 8.932748481411306 49.78281612705645 49.6
    endloop
  endfacet
  facet normal 0 0 1
    outer loop
      vertex 8.733578363789503 47.760607986722185 49.6
      vertex 8.733578363789503 50.43939201327782 49.6
      vertex 8.410143643058909 51.04449581556861 49.6
    endloop
  endfacet
  facet normal 0 0 1
    outer loop
      vertex 7.974873734152917 46.625126265847086 49.6
      vertex 7.974873734152917 51.574873734152916 49.6
      vertex 7.444495815568608 52.01014364305891 49.6
    endloop
  endfacet
  facet normal 0 0 1
    outer loop
      vertex 8.410143643058909 47.15550418443139 49.6
      vertex 8.410143643058909 51.04449581556861 49.6
      vertex 7.974873734152917 51.574873734152916 49.6
    endloop
  endfacet
  facet normal 0 0 1
    outer loop
      vertex 8.932748481411306 48.41718387294355 49.6
      vertex 8.932748481411306 49.78281612705645 49.6
      vertex 8.733578363789503 50.43939201327782 49.6
    endloop
  endfacet
  facet normal -0.7730104533627459 -0.6343932841636347 -2.945295524645117e-19
    outer loop
      vertex 116.62512626584707 3.0251262658470837 2
      vertex 116.18985635694109 3.5555041844313924 49.6
      vertex 116.18985635694109 3.5555041844313924 2
    endloop
  endfacet
  facet normal -0.8819212643483502 -0.4713967368260066 1.2386503187732986e-20
    outer loop
      vertex 116.18985635694109 3.5555041844313924 2
      vertex 115.86642163621049 4.1606079867221855 49.6
      vertex 115.86642163621049 4.1606079867221855 2
    endloop
  endfacet
  facet normal -0.9569403357322084 -0.2902846772544641 -2.0635625766487792e-20
    outer loop
      vertex 115.86642163621049 4.1606079867221855 2
      vertex 115.66725151858869 4.817183872943551 49.6
      vertex 115.66725151858869 4.817183872943551 2
    endloop
  endfacet
  facet normal -0.9951847266721972 -0.09801714032955687 -1.0056096086068782e-19
    outer loop
      vertex 115.66725151858869 4.817183872943551 2
      vertex 115.6 5.5 49.6
      vertex 115.6 5.5 2
    endloop
  endfacet
  facet normal -0.9951847266721972 0.09801714032955687 1.0056096086068782e-19
    outer loop
      vertex 115.6 5.5 2
      vertex 115.66725151858869 6.182816127056449 49.6
      vertex 115.66725151858869 6.182816127056449 2
    endloop
  endfacet
  facet normal -0.9569403357322084 0.2902846772544641 2.0635625766487792e-20
    outer loop
      vertex 115.66725151858869 6.182816127056449 2
      vertex 115.86642163621049 6.8393920132778145 49.6
      vertex 115.86642163621049 6.8393920132778145 2
    endloop
  endfacet
  facet normal -0.47139673682600264 -0.8819212643483523 0
    outer loop
      vertex 117.76060798672218 2.2664216362104965 2
      vertex 117.76060798672218 2.2664216362104965 49.6
      vertex 117.1555041844314 2.5898563569410915 2
    endloop
  endfacet
  facet normal -0.2902846772544641 -0.9569403357322083 3.0473980313001746e-19
    outer loop
      vertex 117.76060798672218 2.2664216362104965 2
      vertex 118.41718387294354 2.0672515185886935 2
      vertex 118.41718387294354 2.0672515185886935 49.6
    endloop
  endfacet
  facet normal -0.6343932841636366 -0.7730104533627441 3.671998964374808e-20
    outer loop
      vertex 116.62512626584707 3.0251262658470837 2
      vertex 117.1555041844314 2.5898563569410915 2
      vertex 117.1555041844314 2.5898563569410915 49.6
    endloop
  endfacet
  facet normal -0.09801714032955983 -0.9951847266721969 1.443388400428736e-20
    outer loop
      vertex 118.41718387294354 2.0672515185886935 2
      vertex 119.1 2 2
      vertex 119.1 2 49.6
    endloop
  endfacet
  facet normal 0.09801714032955983 -0.9951847266721969 -1.443388400428736e-20
    outer loop
      vertex 119.1 2 2
      vertex 119.78281612705645 2.0672515185886935 2
      vertex 119.78281612705645 2.0672515185886935 49.6
    endloop
  endfacet
  facet normal 0.2902846772544641 -0.9569403357322083 -3.0473980313001746e-19
    outer loop
      vertex 119.78281612705645 2.0672515185886935 2
      vertex 120.43939201327781 2.2664216362104965 2
      vertex 120.43939201327781 2.2664216362104965 49.6
    endloop
  endfacet
  facet normal 0.47139673682600264 -0.8819212643483523 3.326107129048182e-19
    outer loop
      vertex 120.43939201327781 2.2664216362104965 2
      vertex 121.0444958155686 2.5898563569410915 2
      vertex 121.0444958155686 2.5898563569410915 49.6
    endloop
  endfacet
  facet normal 0.6343932841636366 -0.7730104533627441 -3.671998964374808e-20
    outer loop
      vertex 121.0444958155686 2.5898563569410915 2
      vertex 121.57487373415292 3.0251262658470837 2
      vertex 121.57487373415292 3.0251262658470837 49.6
    endloop
  endfacet
  facet normal 0.7730104533627459 -0.6343932841636347 0
    outer loop
      vertex 121.57487373415292 3.0251262658470837 2
      vertex 122.0101436430589 3.5555041844313924 2
      vertex 121.57487373415292 3.0251262658470837 49.6
    endloop
  endfacet
  facet normal 0.8819212643483502 -0.4713967368260066 0
    outer loop
      vertex 122.0101436430589 3.5555041844313924 2
      vertex 122.3335783637895 4.1606079867221855 2
      vertex 122.0101436430589 3.5555041844313924 49.6
    endloop
  endfacet
  facet normal 0.9569403357322084 -0.2902846772544641 0
    outer loop
      vertex 122.3335783637895 4.1606079867221855 2
      vertex 122.5327484814113 4.817183872943551 2
      vertex 122.3335783637895 4.1606079867221855 49.6
    endloop
  endfacet
  facet normal 0.9951847266721972 -0.09801714032955687 0
    outer loop
      vertex 122.5327484814113 4.817183872943551 2
      vertex 122.6 5.5 2
      vertex 122.5327484814113 4.817183872943551 49.6
    endloop
  endfacet
  facet normal 0.9951847266721972 0.09801714032955687 0
    outer loop
      vertex 122.6 5.5 2
      vertex 122.5327484814113 6.182816127056449 2
      vertex 122.6 5.5 49.6
    endloop
  endfacet
  facet normal 0.9569403357322084 0.2902846772544641 0
    outer loop
      vertex 122.5327484814113 6.182816127056449 2
      vertex 122.3335783637895 6.8393920132778145 2
      vertex 122.5327484814113 6.182816127056449 49.6
    endloop
  endfacet
  facet normal -0.8819212643483503 0.4713967368260063 1.3629977698885824e-19
    outer loop
      vertex 115.86642163621049 6.8393920132778145 2
      vertex 116.18985635694109 7.444495815568608 49.6
      vertex 116.18985635694109 7.444495815568608 2
    endloop
  endfacet
  facet normal -0.7730104533627459 0.6343932841636347 2.945295524645117e-19
    outer loop
      vertex 116.18985635694109 7.444495815568608 2
      vertex 116.62512626584707 7.974873734152917 49.6
      vertex 116.62512626584707 7.974873734152917 2
    endloop
  endfacet
  facet normal -0.6343932841636366 0.7730104533627441 0
    outer loop
      vertex 116.62512626584707 7.974873734152917 2
      vertex 116.62512626584707 7.974873734152917 49.6
      vertex 117.1555041844314 8.410143643058909 2
    endloop
  endfacet
  facet normal -0.47139673682600164 0.8819212643483528 0
    outer loop
      vertex 117.1555041844314 8.410143643058909 2
      vertex 117.1555041844314 8.410143643058909 49.6
      vertex 117.76060798672218 8.733578363789503 2
    endloop
  endfacet
  facet normal -0.2902846772544635 0.9569403357322084 0
    outer loop
      vertex 117.76060798672218 8.733578363789503 2
      vertex 117.76060798672218 8.733578363789503 49.6
      vertex 118.41718387294354 8.932748481411306 2
    endloop
  endfacet
  facet normal -0.0980171403295611 0.9951847266721967 0
    outer loop
      vertex 118.41718387294354 8.932748481411306 2
      vertex 118.41718387294354 8.932748481411306 49.6
      vertex 119.1 9 2
    endloop
  endfacet
  facet normal 0.0980171403295611 0.9951847266721967 0
    outer loop
      vertex 119.1 9 2
      vertex 119.1 9 49.6
      vertex 119.78281612705645 8.932748481411306 2
    endloop
  endfacet
  facet normal 0.2902846772544635 0.9569403357322084 0
    outer loop
      vertex 119.78281612705645 8.932748481411306 2
      vertex 119.78281612705645 8.932748481411306 49.6
      vertex 120.43939201327781 8.733578363789503 2
    endloop
  endfacet
  facet normal 0.47139673682600164 0.8819212643483528 0
    outer loop
      vertex 120.43939201327781 8.733578363789503 2
      vertex 120.43939201327781 8.733578363789503 49.6
      vertex 121.0444958155686 8.410143643058909 2
    endloop
  endfacet
  facet normal 0.8819212643483503 0.4713967368260063 0
    outer loop
      vertex 122.3335783637895 6.8393920132778145 2
      vertex 122.0101436430589 7.444495815568608 2
      vertex 122.3335783637895 6.8393920132778145 49.6
    endloop
  endfacet
  facet normal 0.7730104533627459 0.6343932841636347 0
    outer loop
      vertex 122.0101436430589 7.444495815568608 2
      vertex 121.57487373415292 7.974873734152917 2
      vertex 122.0101436430589 7.444495815568608 49.6
    endloop
  endfacet
  facet normal 0.6343932841636366 0.7730104533627441 3.671998964374808e-20
    outer loop
      vertex 121.57487373415292 7.974873734152917 2
      vertex 121.0444958155686 8.410143643058909 2
      vertex 121.0444958155686 8.410143643058909 49.6
    endloop
  endfacet
  facet normal -0.6343932841636366 -0.7730104533627441 0
    outer loop
      vertex 116.62512626584707 3.0251262658470837 2
      vertex 117.1555041844314 2.5898563569410915 49.6
      vertex 116.62512626584707 3.0251262658470837 49.6
    endloop
  endfacet
  facet normal -0.7730104533627459 -0.6343932841636347 0
    outer loop
      vertex 116.62512626584707 3.0251262658470837 2
      vertex 116.62512626584707 3.0251262658470837 49.6
      vertex 116.18985635694109 3.5555041844313924 49.6
    endloop
  endfacet
  facet normal -0.8819212643483502 -0.4713967368260066 0
    outer loop
      vertex 116.18985635694109 3.5555041844313924 2
      vertex 116.18985635694109 3.5555041844313924 49.6
      vertex 115.86642163621049 4.1606079867221855 49.6
    endloop
  endfacet
  facet normal -0.9569403357322084 -0.2902846772544641 0
    outer loop
      vertex 115.86642163621049 4.1606079867221855 2
      vertex 115.86642163621049 4.1606079867221855 49.6
      vertex 115.66725151858869 4.817183872943551 49.6
    endloop
  endfacet
  facet normal -0.9951847266721972 -0.09801714032955687 0
    outer loop
      vertex 115.66725151858869 4.817183872943551 2
      vertex 115.66725151858869 4.817183872943551 49.6
      vertex 115.6 5.5 49.6
    endloop
  endfacet
  facet normal -0.9951847266721972 0.09801714032955687 0
    outer loop
      vertex 115.6 5.5 2
      vertex 115.6 5.5 49.6
      vertex 115.66725151858869 6.182816127056449 49.6
    endloop
  endfacet
  facet normal -0.9569403357322084 0.2902846772544641 0
    outer loop
      vertex 115.66725151858869 6.182816127056449 2
      vertex 115.66725151858869 6.182816127056449 49.6
      vertex 115.86642163621049 6.8393920132778145 49.6
    endloop
  endfacet
  facet normal -0.47139673682600264 -0.8819212643483523 0
    outer loop
      vertex 117.1555041844314 2.5898563569410915 2
      vertex 117.76060798672218 2.2664216362104965 49.6
      vertex 117.1555041844314 2.5898563569410915 49.6
    endloop
  endfacet
  facet normal -0.09801714032955983 -0.9951847266721969 0
    outer loop
      vertex 118.41718387294354 2.0672515185886935 2
      vertex 119.1 2 49.6
      vertex 118.41718387294354 2.0672515185886935 49.6
    endloop
  endfacet
  facet normal -0.2902846772544641 -0.9569403357322083 0
    outer loop
      vertex 117.76060798672218 2.2664216362104965 2
      vertex 118.41718387294354 2.0672515185886935 49.6
      vertex 117.76060798672218 2.2664216362104965 49.6
    endloop
  endfacet
  facet normal 0.09801714032955983 -0.9951847266721969 0
    outer loop
      vertex 119.1 2 2
      vertex 119.78281612705645 2.0672515185886935 49.6
      vertex 119.1 2 49.6
    endloop
  endfacet
  facet normal 0.2902846772544641 -0.9569403357322083 0
    outer loop
      vertex 119.78281612705645 2.0672515185886935 2
      vertex 120.43939201327781 2.2664216362104965 49.6
      vertex 119.78281612705645 2.0672515185886935 49.6
    endloop
  endfacet
  facet normal 0.47139673682600264 -0.8819212643483523 0
    outer loop
      vertex 120.43939201327781 2.2664216362104965 2
      vertex 121.0444958155686 2.5898563569410915 49.6
      vertex 120.43939201327781 2.2664216362104965 49.6
    endloop
  endfacet
  facet normal 0.6343932841636366 -0.7730104533627441 0
    outer loop
      vertex 121.0444958155686 2.5898563569410915 2
      vertex 121.57487373415292 3.0251262658470837 49.6
      vertex 121.0444958155686 2.5898563569410915 49.6
    endloop
  endfacet
  facet normal 0.7730104533627459 -0.6343932841636347 0
    outer loop
      vertex 122.0101436430589 3.5555041844313924 2
      vertex 122.0101436430589 3.5555041844313924 49.6
      vertex 121.57487373415292 3.0251262658470837 49.6
    endloop
  endfacet
  facet normal 0.8819212643483502 -0.4713967368260066 0
    outer loop
      vertex 122.3335783637895 4.1606079867221855 2
      vertex 122.3335783637895 4.1606079867221855 49.6
      vertex 122.0101436430589 3.5555041844313924 49.6
    endloop
  endfacet
  facet normal 0.9569403357322084 -0.2902846772544641 0
    outer loop
      vertex 122.5327484814113 4.817183872943551 2
      vertex 122.5327484814113 4.817183872943551 49.6
      vertex 122.3335783637895 4.1606079867221855 49.6
    endloop
  endfacet
  facet normal 0.9951847266721972 -0.09801714032955687 0
    outer loop
      vertex 122.6 5.5 2
      vertex 122.6 5.5 49.6
      vertex 122.5327484814113 4.817183872943551 49.6
    endloop
  endfacet
  facet normal 0.9951847266721972 0.09801714032955687 0
    outer loop
      vertex 122.5327484814113 6.182816127056449 2
      vertex 122.5327484814113 6.182816127056449 49.6
      vertex 122.6 5.5 49.6
    endloop
  endfacet
  facet normal 0.9569403357322084 0.2902846772544641 0
    outer loop
      vertex 122.3335783637895 6.8393920132778145 2
      vertex 122.3335783637895 6.8393920132778145 49.6
      vertex 122.5327484814113 6.182816127056449 49.6
    endloop
  endfacet
  facet normal -0.8819212643483503 0.4713967368260063 0
    outer loop
      vertex 115.86642163621049 6.8393920132778145 2
      vertex 115.86642163621049 6.8393920132778145 49.6
      vertex 116.18985635694109 7.444495815568608 49.6
    endloop
  endfacet
  facet normal -0.7730104533627459 0.6343932841636347 0
    outer loop
      vertex 116.18985635694109 7.444495815568608 2
      vertex 116.18985635694109 7.444495815568608 49.6
      vertex 116.62512626584707 7.974873734152917 49.6
    endloop
  endfacet
  facet normal -0.6343932841636366 0.7730104533627441 0
    outer loop
      vertex 117.1555041844314 8.410143643058909 2
      vertex 116.62512626584707 7.974873734152917 49.6
      vertex 117.1555041844314 8.410143643058909 49.6
    endloop
  endfacet
  facet normal -0.47139673682600164 0.8819212643483528 0
    outer loop
      vertex 117.76060798672218 8.733578363789503 2
      vertex 117.1555041844314 8.410143643058909 49.6
      vertex 117.76060798672218 8.733578363789503 49.6
    endloop
  endfacet
  facet normal -0.2902846772544635 0.9569403357322084 0
    outer loop
      vertex 118.41718387294354 8.932748481411306 2
      vertex 117.76060798672218 8.733578363789503 49.6
      vertex 118.41718387294354 8.932748481411306 49.6
    endloop
  endfacet
  facet normal 0.0980171403295611 0.9951847266721967 0
    outer loop
      vertex 119.78281612705645 8.932748481411306 2
      vertex 119.1 9 49.6
      vertex 119.78281612705645 8.932748481411306 49.6
    endloop
  endfacet
  facet normal -0.0980171403295611 0.9951847266721967 0
    outer loop
      vertex 119.1 9 2
      vertex 118.41718387294354 8.932748481411306 49.6
      vertex 119.1 9 49.6
    endloop
  endfacet
  facet normal 0.2902846772544635 0.9569403357322084 0
    outer loop
      vertex 120.43939201327781 8.733578363789503 2
      vertex 119.78281612705645 8.932748481411306 49.6
      vertex 120.43939201327781 8.733578363789503 49.6
    endloop
  endfacet
  facet normal 0.8819212643483503 0.4713967368260063 0
    outer loop
      vertex 122.0101436430589 7.444495815568608 2
      vertex 122.0101436430589 7.444495815568608 49.6
      vertex 122.3335783637895 6.8393920132778145 49.6
    endloop
  endfacet
  facet normal 0.47139673682600164 0.8819212643483528 0
    outer loop
      vertex 121.0444958155686 8.410143643058909 2
      vertex 120.43939201327781 8.733578363789503 49.6
      vertex 121.0444958155686 8.410143643058909 49.6
    endloop
  endfacet
  facet normal 0.6343932841636366 0.7730104533627441 0
    outer loop
      vertex 121.57487373415292 7.974873734152917 2
      vertex 121.0444958155686 8.410143643058909 49.6
      vertex 121.57487373415292 7.974873734152917 49.6
    endloop
  endfacet
  facet normal 0.7730104533627459 0.6343932841636347 0
    outer loop
      vertex 121.57487373415292 7.974873734152917 2
      vertex 121.57487373415292 7.974873734152917 49.6
      vertex 122.0101436430589 7.444495815568608 49.6
    endloop
  endfacet
  facet normal 0 0 1
    outer loop
      vertex 115.86642163621049 4.1606079867221855 49.6
      vertex 115.66725151858869 6.182816127056449 49.6
      vertex 115.66725151858869 4.817183872943551 49.6
    endloop
  endfacet
  facet normal 0 0 1
    outer loop
      vertex 116.62512626584707 3.0251262658470837 49.6
      vertex 116.18985635694109 7.444495815568608 49.6
      vertex 116.18985635694109 3.5555041844313924 49.6
    endloop
  endfacet
  facet normal 0 0 1
    outer loop
      vertex 116.62512626584707 3.0251262658470837 49.6
      vertex 117.1555041844314 2.5898563569410915 49.6
      vertex 116.62512626584707 7.974873734152917 49.6
    endloop
  endfacet
  facet normal 0 0 1
    outer loop
      vertex 116.18985635694109 3.5555041844313924 49.6
      vertex 115.86642163621049 6.8393920132778145 49.6
      vertex 115.86642163621049 4.1606079867221855 49.6
    endloop
  endfacet
  facet normal 0 0 1
    outer loop
      vertex 115.66725151858869 4.817183872943551 49.6
      vertex 115.66725151858869 6.182816127056449 49.6
      vertex 115.6 5.5 49.6
    endloop
  endfacet
  facet normal 0 0 1
    outer loop
      vertex 115.86642163621049 4.1606079867221855 49.6
      vertex 115.86642163621049 6.8393920132778145 49.6
      vertex 115.66725151858869 6.182816127056449 49.6
    endloop
  endfacet
  facet normal 0 0 1
    outer loop
      vertex 116.18985635694109 3.5555041844313924 49.6
      vertex 116.18985635694109 7.444495815568608 49.6
      vertex 115.86642163621049 6.8393920132778145 49.6
    endloop
  endfacet
  facet normal 0 0 1
    outer loop
      vertex 116.62512626584707 3.0251262658470837 49.6
      vertex 116.62512626584707 7.974873734152917 49.6
      vertex 116.18985635694109 7.444495815568608 49.6
    endloop
  endfacet
  facet normal 0 0 1
    outer loop
      vertex 117.76060798672218 2.2664216362104965 49.6
      vertex 118.41718387294354 2.0672515185886935 49.6
      vertex 118.01908950400669 4.777758697074518 49.6
    endloop
  endfacet
  facet normal 0 0 1
    outer loop
      vertex 118.41718387294354 2.0672515185886935 49.6
      vertex 119.1 2 49.6
      vertex 118.84638258137903 4.224979135475801 49.6
    endloop
  endfacet
  facet normal 0 0 1
    outer loop
      vertex 119.1 2 49.6
      vertex 119.78281612705645 2.0672515185886935 49.6
      vertex 119.35361741862096 4.224979135475801 49.6
    endloop
  endfacet
  facet normal 0 0 1
    outer loop
      vertex 119.78281612705645 2.0672515185886935 49.6
      vertex 120.43939201327781 2.2664216362104965 49.6
      vertex 119.59748846207461 4.298956607735327 49.6
    endloop
  endfacet
  facet normal 0 0 1
    outer loop
      vertex 118.41718387294354 2.0672515185886935 49.6
      vertex 118.18076118445748 4.580761184457488 49.6
      vertex 118.01908950400669 4.777758697074518 49.6
    endloop
  endfacet
  facet normal 0 0 1
    outer loop
      vertex 118.41718387294354 2.0672515185886935 49.6
      vertex 118.60251153792538 4.298956607735327 49.6
      vertex 118.37775869707451 4.419089504006691 49.6
    endloop
  endfacet
  facet normal 0 0 1
    outer loop
      vertex 118.41718387294354 2.0672515185886935 49.6
      vertex 118.84638258137903 4.224979135475801 49.6
      vertex 118.60251153792538 4.298956607735327 49.6
    endloop
  endfacet
  facet normal 0 0 1
    outer loop
      vertex 118.41718387294354 2.0672515185886935 49.6
      vertex 118.37775869707451 4.419089504006691 49.6
      vertex 118.18076118445748 4.580761184457488 49.6
    endloop
  endfacet
  facet normal 0 0 1
    outer loop
      vertex 117.76060798672218 2.2664216362104965 49.6
      vertex 118.01908950400669 4.777758697074518 49.6
      vertex 117.89895660773531 5.0025115379253835 49.6
    endloop
  endfacet
  facet normal 0 0 1
    outer loop
      vertex 117.76060798672218 2.2664216362104965 49.6
      vertex 117.89895660773531 5.0025115379253835 49.6
      vertex 117.8249791354758 5.2463825813790335 49.6
    endloop
  endfacet
  facet normal 0 0 1
    outer loop
      vertex 117.76060798672218 2.2664216362104965 49.6
      vertex 117.1555041844314 8.410143643058909 49.6
      vertex 117.1555041844314 2.5898563569410915 49.6
    endloop
  endfacet
  facet normal 0 0 1
    outer loop
      vertex 117.76060798672218 2.2664216362104965 49.6
      vertex 117.8249791354758 5.2463825813790335 49.6
      vertex 117.8 5.5 49.6
    endloop
  endfacet
  facet normal 0 0 1
    outer loop
      vertex 119.1 2 49.6
      vertex 119.1 4.2 49.6
      vertex 118.84638258137903 4.224979135475801 49.6
    endloop
  endfacet
  facet normal 0 0 1
    outer loop
      vertex 119.1 2 49.6
      vertex 119.35361741862096 4.224979135475801 49.6
      vertex 119.1 4.2 49.6
    endloop
  endfacet
  facet normal 0 0 1
    outer loop
      vertex 119.78281612705645 2.0672515185886935 49.6
      vertex 119.59748846207461 4.298956607735327 49.6
      vertex 119.35361741862096 4.224979135475801 49.6
    endloop
  endfacet
  facet normal 0 0 1
    outer loop
      vertex 120.43939201327781 2.2664216362104965 49.6
      vertex 119.82224130292548 4.419089504006691 49.6
      vertex 119.59748846207461 4.298956607735327 49.6
    endloop
  endfacet
  facet normal 0 0 1
    outer loop
      vertex 120.43939201327781 2.2664216362104965 49.6
      vertex 120.01923881554251 4.580761184457488 49.6
      vertex 119.82224130292548 4.419089504006691 49.6
    endloop
  endfacet
  facet normal 0 0 1
    outer loop
      vertex 120.43939201327781 2.2664216362104965 49.6
      vertex 120.1809104959933 4.777758697074518 49.6
      vertex 120.01923881554251 4.580761184457488 49.6
    endloop
  endfacet
  facet normal 0 0 1
    outer loop
      vertex 120.43939201327781 2.2664216362104965 49.6
      vertex 120.30104339226467 5.0025115379253835 49.6
      vertex 120.1809104959933 4.777758697074518 49.6
    endloop
  endfacet
  facet normal 0 0 1
    outer loop
      vertex 120.43939201327781 2.2664216362104965 49.6
      vertex 120.37502086452419 5.2463825813790335 49.6
      vertex 120.30104339226467 5.0025115379253835 49.6
    endloop
  endfacet
  facet normal 0 0 1
    outer loop
      vertex 120.43939201327781 2.2664216362104965 49.6
      vertex 120.39999999999999 5.5 49.6
      vertex 120.37502086452419 5.2463825813790335 49.6
    endloop
  endfacet
  facet normal 0 0 1
    outer loop
      vertex 120.43939201327781 2.2664216362104965 49.6
      vertex 121.0444958155686 2.5898563569410915 49.6
      vertex 120.43939201327781 8.733578363789503 49.6
    endloop
  endfacet
  facet normal 0 0 1
    outer loop
      vertex 117.76060798672218 2.2664216362104965 49.6
      vertex 117.8 5.5 49.6
      vertex 117.76060798672218 8.733578363789503 49.6
    endloop
  endfacet
  facet normal 0 0 1
    outer loop
      vertex 117.1555041844314 2.5898563569410915 49.6
      vertex 117.1555041844314 8.410143643058909 49.6
      vertex 116.62512626584707 7.974873734152917 49.6
    endloop
  endfacet
  facet normal 0 0 1
    outer loop
      vertex 117.76060798672218 2.2664216362104965 49.6
      vertex 117.76060798672218 8.733578363789503 49.6
      vertex 117.1555041844314 8.410143643058909 49.6
    endloop
  endfacet
  facet normal 0 0 1
    outer loop
      vertex 117.76060798672218 8.733578363789503 49.6
      vertex 117.8 5.5 49.6
      vertex 117.8249791354758 5.7536174186209665 49.6
    endloop
  endfacet
  facet normal 0 0 1
    outer loop
      vertex 120.43939201327781 2.2664216362104965 49.6
      vertex 120.43939201327781 8.733578363789503 49.6
      vertex 120.39999999999999 5.5 49.6
    endloop
  endfacet
  facet normal 0 0 1
    outer loop
      vertex 120.43939201327781 8.733578363789503 49.6
      vertex 120.37502086452419 5.7536174186209665 49.6
      vertex 120.39999999999999 5.5 49.6
    endloop
  endfacet
  facet normal 0 0 1
    outer loop
      vertex 121.0444958155686 2.5898563569410915 49.6
      vertex 121.57487373415292 3.0251262658470837 49.6
      vertex 121.0444958155686 8.410143643058909 49.6
    endloop
  endfacet
  facet normal 0 0 1
    outer loop
      vertex 121.57487373415292 3.0251262658470837 49.6
      vertex 122.0101436430589 3.5555041844313924 49.6
      vertex 121.57487373415292 7.974873734152917 49.6
    endloop
  endfacet
  facet normal 0 0 1
    outer loop
      vertex 122.0101436430589 3.5555041844313924 49.6
      vertex 122.3335783637895 4.1606079867221855 49.6
      vertex 122.0101436430589 7.444495815568608 49.6
    endloop
  endfacet
  facet normal 0 0 1
    outer loop
      vertex 122.3335783637895 4.1606079867221855 49.6
      vertex 122.5327484814113 4.817183872943551 49.6
      vertex 122.3335783637895 6.8393920132778145 49.6
    endloop
  endfacet
  facet normal 0 0 1
    outer loop
      vertex 122.5327484814113 4.817183872943551 49.6
      vertex 122.6 5.5 49.6
      vertex 122.5327484814113 6.182816127056449 49.6
    endloop
  endfacet
  facet normal 0 0 1
    outer loop
      vertex 122.5327484814113 4.817183872943551 49.6
      vertex 122.5327484814113 6.182816127056449 49.6
      vertex 122.3335783637895 6.8393920132778145 49.6
    endloop
  endfacet
  facet normal 0 0 1
    outer loop
      vertex 121.0444958155686 2.5898563569410915 49.6
      vertex 121.0444958155686 8.410143643058909 49.6
      vertex 120.43939201327781 8.733578363789503 49.6
    endloop
  endfacet
  facet normal 0 0 1
    outer loop
      vertex 121.57487373415292 3.0251262658470837 49.6
      vertex 121.57487373415292 7.974873734152917 49.6
      vertex 121.0444958155686 8.410143643058909 49.6
    endloop
  endfacet
  facet normal 0 0 1
    outer loop
      vertex 122.0101436430589 3.5555041844313924 49.6
      vertex 122.0101436430589 7.444495815568608 49.6
      vertex 121.57487373415292 7.974873734152917 49.6
    endloop
  endfacet
  facet normal 0 0 1
    outer loop
      vertex 122.3335783637895 4.1606079867221855 49.6
      vertex 122.3335783637895 6.8393920132778145 49.6
      vertex 122.0101436430589 7.444495815568608 49.6
    endloop
  endfacet
  facet normal 0 0 1
    outer loop
      vertex 117.76060798672218 8.733578363789503 49.6
      vertex 117.8249791354758 5.7536174186209665 49.6
      vertex 117.89895660773531 5.9974884620746165 49.6
    endloop
  endfacet
  facet normal 0 0 1
    outer loop
      vertex 117.76060798672218 8.733578363789503 49.6
      vertex 117.89895660773531 5.9974884620746165 49.6
      vertex 118.01908950400669 6.222241302925482 49.6
    endloop
  endfacet
  facet normal 0 0 1
    outer loop
      vertex 117.76060798672218 8.733578363789503 49.6
      vertex 118.01908950400669 6.222241302925482 49.6
      vertex 118.18076118445748 6.419238815542512 49.6
    endloop
  endfacet
  facet normal 0 0 1
    outer loop
      vertex 117.76060798672218 8.733578363789503 49.6
      vertex 118.18076118445748 6.419238815542512 49.6
      vertex 118.37775869707451 6.580910495993309 49.6
    endloop
  endfacet
  facet normal 0 0 1
    outer loop
      vertex 117.76060798672218 8.733578363789503 49.6
      vertex 118.37775869707451 6.580910495993309 49.6
      vertex 118.60251153792538 6.701043392264673 49.6
    endloop
  endfacet
  facet normal 0 0 1
    outer loop
      vertex 118.41718387294354 8.932748481411306 49.6
      vertex 118.60251153792538 6.701043392264673 49.6
      vertex 118.84638258137903 6.775020864524199 49.6
    endloop
  endfacet
  facet normal 0 0 1
    outer loop
      vertex 117.76060798672218 8.733578363789503 49.6
      vertex 118.60251153792538 6.701043392264673 49.6
      vertex 118.41718387294354 8.932748481411306 49.6
    endloop
  endfacet
  facet normal 0 0 1
    outer loop
      vertex 119.1 9 49.6
      vertex 118.84638258137903 6.775020864524199 49.6
      vertex 119.1 6.8 49.6
    endloop
  endfacet
  facet normal 0 0 1
    outer loop
      vertex 119.1 9 49.6
      vertex 119.1 6.8 49.6
      vertex 119.35361741862096 6.775020864524199 49.6
    endloop
  endfacet
  facet normal 0 0 1
    outer loop
      vertex 119.78281612705645 8.932748481411306 49.6
      vertex 119.35361741862096 6.775020864524199 49.6
      vertex 119.59748846207461 6.701043392264673 49.6
    endloop
  endfacet
  facet normal 0 0 1
    outer loop
      vertex 119.78281612705645 8.932748481411306 49.6
      vertex 120.01923881554251 6.419238815542512 49.6
      vertex 120.1809104959933 6.222241302925482 49.6
    endloop
  endfacet
  facet normal 0 0 1
    outer loop
      vertex 120.43939201327781 8.733578363789503 49.6
      vertex 120.30104339226467 5.9974884620746165 49.6
      vertex 120.37502086452419 5.7536174186209665 49.6
    endloop
  endfacet
  facet normal 0 0 1
    outer loop
      vertex 120.43939201327781 8.733578363789503 49.6
      vertex 120.1809104959933 6.222241302925482 49.6
      vertex 120.30104339226467 5.9974884620746165 49.6
    endloop
  endfacet
  facet normal 0 0 1
    outer loop
      vertex 119.78281612705645 8.932748481411306 49.6
      vertex 119.82224130292548 6.580910495993309 49.6
      vertex 120.01923881554251 6.419238815542512 49.6
    endloop
  endfacet
  facet normal 0 0 1
    outer loop
      vertex 119.78281612705645 8.932748481411306 49.6
      vertex 119.59748846207461 6.701043392264673 49.6
      vertex 119.82224130292548 6.580910495993309 49.6
    endloop
  endfacet
  facet normal 0 0 1
    outer loop
      vertex 118.41718387294354 8.932748481411306 49.6
      vertex 118.84638258137903 6.775020864524199 49.6
      vertex 119.1 9 49.6
    endloop
  endfacet
  facet normal 0 0 1
    outer loop
      vertex 119.1 9 49.6
      vertex 119.35361741862096 6.775020864524199 49.6
      vertex 119.78281612705645 8.932748481411306 49.6
    endloop
  endfacet
  facet normal 0 0 1
    outer loop
      vertex 119.78281612705645 8.932748481411306 49.6
      vertex 120.1809104959933 6.222241302925482 49.6
      vertex 120.43939201327781 8.733578363789503 49.6
    endloop
  endfacet
  facet normal -0.7730104533627449 -0.6343932841636359 -4.1582536143632196e-19
    outer loop
      vertex 116.62512626584707 46.625126265847086 2
      vertex 116.18985635694109 47.15550418443139 49.6
      vertex 116.18985635694109 47.15550418443139 2
    endloop
  endfacet
  facet normal -0.8819212643483497 -0.4713967368260074 -3.914064942932225e-19
    outer loop
      vertex 116.18985635694109 47.15550418443139 2
      vertex 115.86642163621049 47.760607986722185 49.6
      vertex 115.86642163621049 47.760607986722185 2
    endloop
  endfacet
  facet normal -0.47139673682600375 -0.8819212643483518 0
    outer loop
      vertex 117.76060798672218 45.8664216362105 2
      vertex 117.76060798672218 45.8664216362105 49.6
      vertex 117.1555041844314 46.18985635694109 2
    endloop
  endfacet
  facet normal -0.2902846772544659 -0.9569403357322078 -1.3347995607725292e-19
    outer loop
      vertex 117.76060798672218 45.8664216362105 2
      vertex 118.41718387294354 45.66725151858869 2
      vertex 118.41718387294354 45.66725151858869 49.6
    endloop
  endfacet
  facet normal -0.098017140329556 -0.9951847266721974 5.722239212192947e-20
    outer loop
      vertex 118.41718387294354 45.66725151858869 2
      vertex 119.1 45.6 2
      vertex 119.1 45.6 49.6
    endloop
  endfacet
  facet normal 0.098017140329556 -0.9951847266721974 -5.722239212192947e-20
    outer loop
      vertex 119.1 45.6 2
      vertex 119.78281612705645 45.66725151858869 2
      vertex 119.78281612705645 45.66725151858869 49.6
    endloop
  endfacet
  facet normal 0.2902846772544659 -0.9569403357322078 1.3347995607725292e-19
    outer loop
      vertex 119.78281612705645 45.66725151858869 2
      vertex 120.43939201327781 45.8664216362105 2
      vertex 120.43939201327781 45.8664216362105 49.6
    endloop
  endfacet
  facet normal -0.6343932841636383 -0.773010453362743 8.415294926036626e-20
    outer loop
      vertex 116.62512626584707 46.625126265847086 2
      vertex 117.1555041844314 46.18985635694109 2
      vertex 117.1555041844314 46.18985635694109 49.6
    endloop
  endfacet
  facet normal 0.47139673682600375 -0.8819212643483518 -2.084715332584392e-19
    outer loop
      vertex 120.43939201327781 45.8664216362105 2
      vertex 121.0444958155686 46.18985635694109 2
      vertex 121.0444958155686 46.18985635694109 49.6
    endloop
  endfacet
  facet normal 0.6343932841636383 -0.773010453362743 -8.415294926036626e-20
    outer loop
      vertex 121.0444958155686 46.18985635694109 2
      vertex 121.57487373415292 46.625126265847086 2
      vertex 121.57487373415292 46.625126265847086 49.6
    endloop
  endfacet
  facet normal 0.7730104533627449 -0.6343932841636359 0
    outer loop
      vertex 121.57487373415292 46.625126265847086 2
      vertex 122.0101436430589 47.15550418443139 2
      vertex 121.57487373415292 46.625126265847086 49.6
    endloop
  endfacet
  facet normal 0.8819212643483497 -0.4713967368260074 0
    outer loop
      vertex 122.0101436430589 47.15550418443139 2
      vertex 122.3335783637895 47.760607986722185 2
      vertex 122.0101436430589 47.15550418443139 49.6
    endloop
  endfacet
  facet normal -0.9569403357322086 -0.29028467725446294 -1.2289939518217506e-19
    outer loop
      vertex 115.86642163621049 47.760607986722185 2
      vertex 115.66725151858869 48.41718387294355 49.6
      vertex 115.66725151858869 48.41718387294355 2
    endloop
  endfacet
  facet normal -0.9951847266721972 -0.098017140329557 2.8657816929426306e-20
    outer loop
      vertex 115.66725151858869 48.41718387294355 2
      vertex 115.6 49.1 49.6
      vertex 115.6 49.1 2
    endloop
  endfacet
  facet normal -0.9951847266721972 0.098017140329557 -2.8657816929426306e-20
    outer loop
      vertex 115.6 49.1 2
      vertex 115.66725151858869 49.78281612705645 49.6
      vertex 115.66725151858869 49.78281612705645 2
    endloop
  endfacet
  facet normal -0.9569403357322086 0.29028467725446294 1.2289939518217506e-19
    outer loop
      vertex 115.66725151858869 49.78281612705645 2
      vertex 115.86642163621049 50.43939201327782 49.6
      vertex 115.86642163621049 50.43939201327782 2
    endloop
  endfacet
  facet normal -0.8819212643483497 0.4713967368260074 3.914064942932225e-19
    outer loop
      vertex 115.86642163621049 50.43939201327782 2
      vertex 116.18985635694109 51.04449581556861 49.6
      vertex 116.18985635694109 51.04449581556861 2
    endloop
  endfacet
  facet normal -0.7730104533627449 0.6343932841636359 4.1582536143632196e-19
    outer loop
      vertex 116.18985635694109 51.04449581556861 2
      vertex 116.62512626584707 51.574873734152916 49.6
      vertex 116.62512626584707 51.574873734152916 2
    endloop
  endfacet
  facet normal -0.6343932841636383 0.773010453362743 0
    outer loop
      vertex 116.62512626584707 51.574873734152916 2
      vertex 116.62512626584707 51.574873734152916 49.6
      vertex 117.1555041844314 52.01014364305891 2
    endloop
  endfacet
  facet normal 0.9569403357322086 -0.29028467725446294 0
    outer loop
      vertex 122.3335783637895 47.760607986722185 2
      vertex 122.5327484814113 48.41718387294355 2
      vertex 122.3335783637895 47.760607986722185 49.6
    endloop
  endfacet
  facet normal 0.9951847266721972 -0.098017140329557 0
    outer loop
      vertex 122.5327484814113 48.41718387294355 2
      vertex 122.6 49.1 2
      vertex 122.5327484814113 48.41718387294355 49.6
    endloop
  endfacet
  facet normal 0.9951847266721972 0.098017140329557 0
    outer loop
      vertex 122.6 49.1 2
      vertex 122.5327484814113 49.78281612705645 2
      vertex 122.6 49.1 49.6
    endloop
  endfacet
  facet normal 0.9569403357322086 0.29028467725446294 0
    outer loop
      vertex 122.5327484814113 49.78281612705645 2
      vertex 122.3335783637895 50.43939201327782 2
      vertex 122.5327484814113 49.78281612705645 49.6
    endloop
  endfacet
  facet normal 0.8819212643483497 0.4713967368260074 0
    outer loop
      vertex 122.3335783637895 50.43939201327782 2
      vertex 122.0101436430589 51.04449581556861 2
      vertex 122.3335783637895 50.43939201327782 49.6
    endloop
  endfacet
  facet normal -0.47139673682600375 0.8819212643483518 0
    outer loop
      vertex 117.1555041844314 52.01014364305891 2
      vertex 117.1555041844314 52.01014364305891 49.6
      vertex 117.76060798672218 52.333578363789506 2
    endloop
  endfacet
  facet normal -0.2902846772544659 0.9569403357322078 0
    outer loop
      vertex 117.76060798672218 52.333578363789506 2
      vertex 117.76060798672218 52.333578363789506 49.6
      vertex 118.41718387294354 52.53274848141131 2
    endloop
  endfacet
  facet normal -0.098017140329556 0.9951847266721974 0
    outer loop
      vertex 118.41718387294354 52.53274848141131 2
      vertex 118.41718387294354 52.53274848141131 49.6
      vertex 119.1 52.6 2
    endloop
  endfacet
  facet normal 0.098017140329556 0.9951847266721974 0
    outer loop
      vertex 119.1 52.6 2
      vertex 119.1 52.6 49.6
      vertex 119.78281612705645 52.53274848141131 2
    endloop
  endfacet
  facet normal 0.2902846772544659 0.9569403357322078 -1.3347995607725292e-19
    outer loop
      vertex 120.43939201327781 52.333578363789506 2
      vertex 119.78281612705645 52.53274848141131 2
      vertex 119.78281612705645 52.53274848141131 49.6
    endloop
  endfacet
  facet normal 0.47139673682600375 0.8819212643483518 0
    outer loop
      vertex 120.43939201327781 52.333578363789506 2
      vertex 120.43939201327781 52.333578363789506 49.6
      vertex 121.0444958155686 52.01014364305891 2
    endloop
  endfacet
  facet normal 0.6343932841636383 0.773010453362743 8.415294926036626e-20
    outer loop
      vertex 121.57487373415292 51.574873734152916 2
      vertex 121.0444958155686 52.01014364305891 2
      vertex 121.0444958155686 52.01014364305891 49.6
    endloop
  endfacet
  facet normal 0.7730104533627449 0.6343932841636359 0
    outer loop
      vertex 122.0101436430589 51.04449581556861 2
      vertex 121.57487373415292 51.574873734152916 2
      vertex 122.0101436430589 51.04449581556861 49.6
    endloop
  endfacet
  facet normal -0.6343932841636383 -0.773010453362743 0
    outer loop
      vertex 116.62512626584707 46.625126265847086 2
      vertex 117.1555041844314 46.18985635694109 49.6
      vertex 116.62512626584707 46.625126265847086 49.6
    endloop
  endfacet
  facet normal -0.7730104533627449 -0.6343932841636359 0
    outer loop
      vertex 116.62512626584707 46.625126265847086 2
      vertex 116.62512626584707 46.625126265847086 49.6
      vertex 116.18985635694109 47.15550418443139 49.6
    endloop
  endfacet
  facet normal -0.8819212643483497 -0.4713967368260074 0
    outer loop
      vertex 116.18985635694109 47.15550418443139 2
      vertex 116.18985635694109 47.15550418443139 49.6
      vertex 115.86642163621049 47.760607986722185 49.6
    endloop
  endfacet
  facet normal -0.2902846772544659 -0.9569403357322078 0
    outer loop
      vertex 117.76060798672218 45.8664216362105 2
      vertex 118.41718387294354 45.66725151858869 49.6
      vertex 117.76060798672218 45.8664216362105 49.6
    endloop
  endfacet
  facet normal -0.098017140329556 -0.9951847266721974 0
    outer loop
      vertex 118.41718387294354 45.66725151858869 2
      vertex 119.1 45.6 49.6
      vertex 118.41718387294354 45.66725151858869 49.6
    endloop
  endfacet
  facet normal 0.098017140329556 -0.9951847266721974 0
    outer loop
      vertex 119.1 45.6 2
      vertex 119.78281612705645 45.66725151858869 49.6
      vertex 119.1 45.6 49.6
    endloop
  endfacet
  facet normal 0.2902846772544659 -0.9569403357322078 0
    outer loop
      vertex 119.78281612705645 45.66725151858869 2
      vertex 120.43939201327781 45.8664216362105 49.6
      vertex 119.78281612705645 45.66725151858869 49.6
    endloop
  endfacet
  facet normal 0.47139673682600375 -0.8819212643483518 0
    outer loop
      vertex 120.43939201327781 45.8664216362105 2
      vertex 121.0444958155686 46.18985635694109 49.6
      vertex 120.43939201327781 45.8664216362105 49.6
    endloop
  endfacet
  facet normal -0.47139673682600375 -0.8819212643483518 0
    outer loop
      vertex 117.1555041844314 46.18985635694109 2
      vertex 117.76060798672218 45.8664216362105 49.6
      vertex 117.1555041844314 46.18985635694109 49.6
    endloop
  endfacet
  facet normal 0.6343932841636383 -0.773010453362743 0
    outer loop
      vertex 121.0444958155686 46.18985635694109 2
      vertex 121.57487373415292 46.625126265847086 49.6
      vertex 121.0444958155686 46.18985635694109 49.6
    endloop
  endfacet
  facet normal 0.7730104533627449 -0.6343932841636359 0
    outer loop
      vertex 122.0101436430589 47.15550418443139 2
      vertex 122.0101436430589 47.15550418443139 49.6
      vertex 121.57487373415292 46.625126265847086 49.6
    endloop
  endfacet
  facet normal 0.8819212643483497 -0.4713967368260074 0
    outer loop
      vertex 122.3335783637895 47.760607986722185 2
      vertex 122.3335783637895 47.760607986722185 49.6
      vertex 122.0101436430589 47.15550418443139 49.6
    endloop
  endfacet
  facet normal -0.9569403357322086 -0.29028467725446294 0
    outer loop
      vertex 115.86642163621049 47.760607986722185 2
      vertex 115.86642163621049 47.760607986722185 49.6
      vertex 115.66725151858869 48.41718387294355 49.6
    endloop
  endfacet
  facet normal -0.9951847266721972 -0.098017140329557 0
    outer loop
      vertex 115.66725151858869 48.41718387294355 2
      vertex 115.66725151858869 48.41718387294355 49.6
      vertex 115.6 49.1 49.6
    endloop
  endfacet
  facet normal -0.9951847266721972 0.098017140329557 0
    outer loop
      vertex 115.6 49.1 2
      vertex 115.6 49.1 49.6
      vertex 115.66725151858869 49.78281612705645 49.6
    endloop
  endfacet
  facet normal -0.9569403357322086 0.29028467725446294 0
    outer loop
      vertex 115.66725151858869 49.78281612705645 2
      vertex 115.66725151858869 49.78281612705645 49.6
      vertex 115.86642163621049 50.43939201327782 49.6
    endloop
  endfacet
  facet normal -0.8819212643483497 0.4713967368260074 0
    outer loop
      vertex 115.86642163621049 50.43939201327782 2
      vertex 115.86642163621049 50.43939201327782 49.6
      vertex 116.18985635694109 51.04449581556861 49.6
    endloop
  endfacet
  facet normal -0.7730104533627449 0.6343932841636359 0
    outer loop
      vertex 116.18985635694109 51.04449581556861 2
      vertex 116.18985635694109 51.04449581556861 49.6
      vertex 116.62512626584707 51.574873734152916 49.6
    endloop
  endfacet
  facet normal 0.9569403357322086 -0.29028467725446294 0
    outer loop
      vertex 122.5327484814113 48.41718387294355 2
      vertex 122.5327484814113 48.41718387294355 49.6
      vertex 122.3335783637895 47.760607986722185 49.6
    endloop
  endfacet
  facet normal 0.9951847266721972 -0.098017140329557 0
    outer loop
      vertex 122.6 49.1 2
      vertex 122.6 49.1 49.6
      vertex 122.5327484814113 48.41718387294355 49.6
    endloop
  endfacet
  facet normal 0.9951847266721972 0.098017140329557 0
    outer loop
      vertex 122.5327484814113 49.78281612705645 2
      vertex 122.5327484814113 49.78281612705645 49.6
      vertex 122.6 49.1 49.6
    endloop
  endfacet
  facet normal 0.9569403357322086 0.29028467725446294 0
    outer loop
      vertex 122.3335783637895 50.43939201327782 2
      vertex 122.3335783637895 50.43939201327782 49.6
      vertex 122.5327484814113 49.78281612705645 49.6
    endloop
  endfacet
  facet normal 0.8819212643483497 0.4713967368260074 0
    outer loop
      vertex 122.0101436430589 51.04449581556861 2
      vertex 122.0101436430589 51.04449581556861 49.6
      vertex 122.3335783637895 50.43939201327782 49.6
    endloop
  endfacet
  facet normal -0.6343932841636383 0.773010453362743 0
    outer loop
      vertex 117.1555041844314 52.01014364305891 2
      vertex 116.62512626584707 51.574873734152916 49.6
      vertex 117.1555041844314 52.01014364305891 49.6
    endloop
  endfacet
  facet normal -0.47139673682600375 0.8819212643483518 0
    outer loop
      vertex 117.76060798672218 52.333578363789506 2
      vertex 117.1555041844314 52.01014364305891 49.6
      vertex 117.76060798672218 52.333578363789506 49.6
    endloop
  endfacet
  facet normal -0.2902846772544659 0.9569403357322078 0
    outer loop
      vertex 118.41718387294354 52.53274848141131 2
      vertex 117.76060798672218 52.333578363789506 49.6
      vertex 118.41718387294354 52.53274848141131 49.6
    endloop
  endfacet
  facet normal -0.098017140329556 0.9951847266721974 0
    outer loop
      vertex 119.1 52.6 2
      vertex 118.41718387294354 52.53274848141131 49.6
      vertex 119.1 52.6 49.6
    endloop
  endfacet
  facet normal 0.098017140329556 0.9951847266721974 0
    outer loop
      vertex 119.78281612705645 52.53274848141131 2
      vertex 119.1 52.6 49.6
      vertex 119.78281612705645 52.53274848141131 49.6
    endloop
  endfacet
  facet normal 0.2902846772544659 0.9569403357322078 0
    outer loop
      vertex 120.43939201327781 52.333578363789506 2
      vertex 119.78281612705645 52.53274848141131 49.6
      vertex 120.43939201327781 52.333578363789506 49.6
    endloop
  endfacet
  facet normal 0.6343932841636383 0.773010453362743 0
    outer loop
      vertex 121.57487373415292 51.574873734152916 2
      vertex 121.0444958155686 52.01014364305891 49.6
      vertex 121.57487373415292 51.574873734152916 49.6
    endloop
  endfacet
  facet normal 0.7730104533627449 0.6343932841636359 0
    outer loop
      vertex 121.57487373415292 51.574873734152916 2
      vertex 121.57487373415292 51.574873734152916 49.6
      vertex 122.0101436430589 51.04449581556861 49.6
    endloop
  endfacet
  facet normal 0.47139673682600375 0.8819212643483518 0
    outer loop
      vertex 121.0444958155686 52.01014364305891 2
      vertex 120.43939201327781 52.333578363789506 49.6
      vertex 121.0444958155686 52.01014364305891 49.6
    endloop
  endfacet
  facet normal 0 0 1
    outer loop
      vertex 117.76060798672218 45.8664216362105 49.6
      vertex 118.41718387294354 45.66725151858869 49.6
      vertex 118.01908950400669 48.37775869707452 49.6
    endloop
  endfacet
  facet normal 0 0 1
    outer loop
      vertex 118.41718387294354 45.66725151858869 49.6
      vertex 118.84638258137903 47.8249791354758 49.6
      vertex 118.60251153792538 47.89895660773533 49.6
    endloop
  endfacet
  facet normal 0 0 1
    outer loop
      vertex 118.41718387294354 45.66725151858869 49.6
      vertex 118.60251153792538 47.89895660773533 49.6
      vertex 118.37775869707451 48.01908950400669 49.6
    endloop
  endfacet
  facet normal 0 0 1
    outer loop
      vertex 118.41718387294354 45.66725151858869 49.6
      vertex 118.37775869707451 48.01908950400669 49.6
      vertex 118.18076118445748 48.18076118445749 49.6
    endloop
  endfacet
  facet normal 0 0 1
    outer loop
      vertex 118.41718387294354 45.66725151858869 49.6
      vertex 118.18076118445748 48.18076118445749 49.6
      vertex 118.01908950400669 48.37775869707452 49.6
    endloop
  endfacet
  facet normal 0 0 1
    outer loop
      vertex 117.76060798672218 45.8664216362105 49.6
      vertex 118.01908950400669 48.37775869707452 49.6
      vertex 117.89895660773531 48.60251153792539 49.6
    endloop
  endfacet
  facet normal 0 0 1
    outer loop
      vertex 117.76060798672218 45.8664216362105 49.6
      vertex 117.89895660773531 48.60251153792539 49.6
      vertex 117.8249791354758 48.84638258137903 49.6
    endloop
  endfacet
  facet normal 0 0 1
    outer loop
      vertex 118.41718387294354 45.66725151858869 49.6
      vertex 119.1 45.6 49.6
      vertex 118.84638258137903 47.8249791354758 49.6
    endloop
  endfacet
  facet normal 0 0 1
    outer loop
      vertex 119.1 45.6 49.6
      vertex 119.78281612705645 45.66725151858869 49.6
      vertex 119.35361741862096 47.8249791354758 49.6
    endloop
  endfacet
  facet normal 0 0 1
    outer loop
      vertex 119.78281612705645 45.66725151858869 49.6
      vertex 120.43939201327781 45.8664216362105 49.6
      vertex 119.59748846207461 47.89895660773533 49.6
    endloop
  endfacet
  facet normal 0 0 1
    outer loop
      vertex 119.1 45.6 49.6
      vertex 119.1 47.800000000000004 49.6
      vertex 118.84638258137903 47.8249791354758 49.6
    endloop
  endfacet
  facet normal 0 0 1
    outer loop
      vertex 119.1 45.6 49.6
      vertex 119.35361741862096 47.8249791354758 49.6
      vertex 119.1 47.800000000000004 49.6
    endloop
  endfacet
  facet normal 0 0 1
    outer loop
      vertex 119.78281612705645 45.66725151858869 49.6
      vertex 119.59748846207461 47.89895660773533 49.6
      vertex 119.35361741862096 47.8249791354758 49.6
    endloop
  endfacet
  facet normal 0 0 1
    outer loop
      vertex 120.43939201327781 45.8664216362105 49.6
      vertex 119.82224130292548 48.01908950400669 49.6
      vertex 119.59748846207461 47.89895660773533 49.6
    endloop
  endfacet
  facet normal 0 0 1
    outer loop
      vertex 120.43939201327781 45.8664216362105 49.6
      vertex 120.01923881554251 48.18076118445749 49.6
      vertex 119.82224130292548 48.01908950400669 49.6
    endloop
  endfacet
  facet normal 0 0 1
    outer loop
      vertex 120.43939201327781 45.8664216362105 49.6
      vertex 120.1809104959933 48.37775869707452 49.6
      vertex 120.01923881554251 48.18076118445749 49.6
    endloop
  endfacet
  facet normal 0 0 1
    outer loop
      vertex 120.43939201327781 45.8664216362105 49.6
      vertex 120.30104339226467 48.60251153792539 49.6
      vertex 120.1809104959933 48.37775869707452 49.6
    endloop
  endfacet
  facet normal 0 0 1
    outer loop
      vertex 120.43939201327781 45.8664216362105 49.6
      vertex 120.37502086452419 48.84638258137903 49.6
      vertex 120.30104339226467 48.60251153792539 49.6
    endloop
  endfacet
  facet normal 0 0 1
    outer loop
      vertex 116.62512626584707 46.625126265847086 49.6
      vertex 117.1555041844314 46.18985635694109 49.6
      vertex 116.62512626584707 51.574873734152916 49.6
    endloop
  endfacet
  facet normal 0 0 1
    outer loop
      vertex 116.18985635694109 47.15550418443139 49.6
      vertex 115.86642163621049 50.43939201327782 49.6
      vertex 115.86642163621049 47.760607986722185 49.6
    endloop
  endfacet
  facet normal 0 0 1
    outer loop
      vertex 116.62512626584707 46.625126265847086 49.6
      vertex 116.18985635694109 51.04449581556861 49.6
      vertex 116.18985635694109 47.15550418443139 49.6
    endloop
  endfacet
  facet normal 0 0 1
    outer loop
      vertex 115.86642163621049 47.760607986722185 49.6
      vertex 115.66725151858869 49.78281612705645 49.6
      vertex 115.66725151858869 48.41718387294355 49.6
    endloop
  endfacet
  facet normal 0 0 1
    outer loop
      vertex 115.66725151858869 48.41718387294355 49.6
      vertex 115.66725151858869 49.78281612705645 49.6
      vertex 115.6 49.1 49.6
    endloop
  endfacet
  facet normal 0 0 1
    outer loop
      vertex 115.86642163621049 47.760607986722185 49.6
      vertex 115.86642163621049 50.43939201327782 49.6
      vertex 115.66725151858869 49.78281612705645 49.6
    endloop
  endfacet
  facet normal 0 0 1
    outer loop
      vertex 116.18985635694109 47.15550418443139 49.6
      vertex 116.18985635694109 51.04449581556861 49.6
      vertex 115.86642163621049 50.43939201327782 49.6
    endloop
  endfacet
  facet normal 0 0 1
    outer loop
      vertex 116.62512626584707 46.625126265847086 49.6
      vertex 116.62512626584707 51.574873734152916 49.6
      vertex 116.18985635694109 51.04449581556861 49.6
    endloop
  endfacet
  facet normal 0 0 1
    outer loop
      vertex 117.76060798672218 45.8664216362105 49.6
      vertex 117.1555041844314 52.01014364305891 49.6
      vertex 117.1555041844314 46.18985635694109 49.6
    endloop
  endfacet
  facet normal 0 0 1
    outer loop
      vertex 117.76060798672218 45.8664216362105 49.6
      vertex 117.8249791354758 48.84638258137903 49.6
      vertex 117.8 49.1 49.6
    endloop
  endfacet
  facet normal 0 0 1
    outer loop
      vertex 117.76060798672218 45.8664216362105 49.6
      vertex 117.8 49.1 49.6
      vertex 117.76060798672218 52.333578363789506 49.6
    endloop
  endfacet
  facet normal 0 0 1
    outer loop
      vertex 120.43939201327781 45.8664216362105 49.6
      vertex 120.39999999999999 49.1 49.6
      vertex 120.37502086452419 48.84638258137903 49.6
    endloop
  endfacet
  facet normal 0 0 1
    outer loop
      vertex 120.43939201327781 45.8664216362105 49.6
      vertex 121.0444958155686 46.18985635694109 49.6
      vertex 120.43939201327781 52.333578363789506 49.6
    endloop
  endfacet
  facet normal 0 0 1
    outer loop
      vertex 120.43939201327781 45.8664216362105 49.6
      vertex 120.43939201327781 52.333578363789506 49.6
      vertex 120.39999999999999 49.1 49.6
    endloop
  endfacet
  facet normal 0 0 1
    outer loop
      vertex 117.1555041844314 46.18985635694109 49.6
      vertex 117.1555041844314 52.01014364305891 49.6
      vertex 116.62512626584707 51.574873734152916 49.6
    endloop
  endfacet
  facet normal 0 0 1
    outer loop
      vertex 117.76060798672218 45.8664216362105 49.6
      vertex 117.76060798672218 52.333578363789506 49.6
      vertex 117.1555041844314 52.01014364305891 49.6
    endloop
  endfacet
  facet normal 0 0 1
    outer loop
      vertex 117.76060798672218 52.333578363789506 49.6
      vertex 117.8 49.1 49.6
      vertex 117.8249791354758 49.35361741862097 49.6
    endloop
  endfacet
  facet normal 0 0 1
    outer loop
      vertex 117.76060798672218 52.333578363789506 49.6
      vertex 117.8249791354758 49.35361741862097 49.6
      vertex 117.89895660773531 49.597488462074615 49.6
    endloop
  endfacet
  facet normal 0 0 1
    outer loop
      vertex 117.76060798672218 52.333578363789506 49.6
      vertex 117.89895660773531 49.597488462074615 49.6
      vertex 118.01908950400669 49.822241302925484 49.6
    endloop
  endfacet
  facet normal 0 0 1
    outer loop
      vertex 117.76060798672218 52.333578363789506 49.6
      vertex 118.01908950400669 49.822241302925484 49.6
      vertex 118.18076118445748 50.019238815542515 49.6
    endloop
  endfacet
  facet normal 0 0 1
    outer loop
      vertex 117.76060798672218 52.333578363789506 49.6
      vertex 118.18076118445748 50.019238815542515 49.6
      vertex 118.37775869707451 50.18091049599331 49.6
    endloop
  endfacet
  facet normal 0 0 1
    outer loop
      vertex 117.76060798672218 52.333578363789506 49.6
      vertex 118.37775869707451 50.18091049599331 49.6
      vertex 118.60251153792538 50.301043392264674 49.6
    endloop
  endfacet
  facet normal 0 0 1
    outer loop
      vertex 118.41718387294354 52.53274848141131 49.6
      vertex 118.60251153792538 50.301043392264674 49.6
      vertex 118.84638258137903 50.3750208645242 49.6
    endloop
  endfacet
  facet normal 0 0 1
    outer loop
      vertex 120.43939201327781 52.333578363789506 49.6
      vertex 120.37502086452419 49.35361741862097 49.6
      vertex 120.39999999999999 49.1 49.6
    endloop
  endfacet
  facet normal 0 0 1
    outer loop
      vertex 119.1 52.6 49.6
      vertex 118.84638258137903 50.3750208645242 49.6
      vertex 119.1 50.4 49.6
    endloop
  endfacet
  facet normal 0 0 1
    outer loop
      vertex 119.1 52.6 49.6
      vertex 119.1 50.4 49.6
      vertex 119.35361741862096 50.3750208645242 49.6
    endloop
  endfacet
  facet normal 0 0 1
    outer loop
      vertex 119.78281612705645 52.53274848141131 49.6
      vertex 119.35361741862096 50.3750208645242 49.6
      vertex 119.59748846207461 50.301043392264674 49.6
    endloop
  endfacet
  facet normal 0 0 1
    outer loop
      vertex 120.43939201327781 52.333578363789506 49.6
      vertex 120.30104339226467 49.597488462074615 49.6
      vertex 120.37502086452419 49.35361741862097 49.6
    endloop
  endfacet
  facet normal 0 0 1
    outer loop
      vertex 120.43939201327781 52.333578363789506 49.6
      vertex 120.1809104959933 49.822241302925484 49.6
      vertex 120.30104339226467 49.597488462074615 49.6
    endloop
  endfacet
  facet normal 0 0 1
    outer loop
      vertex 119.78281612705645 52.53274848141131 49.6
      vertex 119.82224130292548 50.18091049599331 49.6
      vertex 120.01923881554251 50.019238815542515 49.6
    endloop
  endfacet
  facet normal 0 0 1
    outer loop
      vertex 119.78281612705645 52.53274848141131 49.6
      vertex 120.01923881554251 50.019238815542515 49.6
      vertex 120.1809104959933 49.822241302925484 49.6
    endloop
  endfacet
  facet normal 0 0 1
    outer loop
      vertex 119.78281612705645 52.53274848141131 49.6
      vertex 119.59748846207461 50.301043392264674 49.6
      vertex 119.82224130292548 50.18091049599331 49.6
    endloop
  endfacet
  facet normal 0 0 1
    outer loop
      vertex 121.0444958155686 46.18985635694109 49.6
      vertex 121.57487373415292 46.625126265847086 49.6
      vertex 121.0444958155686 52.01014364305891 49.6
    endloop
  endfacet
  facet normal 0 0 1
    outer loop
      vertex 121.57487373415292 46.625126265847086 49.6
      vertex 122.0101436430589 47.15550418443139 49.6
      vertex 121.57487373415292 51.574873734152916 49.6
    endloop
  endfacet
  facet normal 0 0 1
    outer loop
      vertex 122.0101436430589 47.15550418443139 49.6
      vertex 122.3335783637895 47.760607986722185 49.6
      vertex 122.0101436430589 51.04449581556861 49.6
    endloop
  endfacet
  facet normal 0 0 1
    outer loop
      vertex 122.3335783637895 47.760607986722185 49.6
      vertex 122.5327484814113 48.41718387294355 49.6
      vertex 122.3335783637895 50.43939201327782 49.6
    endloop
  endfacet
  facet normal 0 0 1
    outer loop
      vertex 122.5327484814113 48.41718387294355 49.6
      vertex 122.6 49.1 49.6
      vertex 122.5327484814113 49.78281612705645 49.6
    endloop
  endfacet
  facet normal 0 0 1
    outer loop
      vertex 121.0444958155686 46.18985635694109 49.6
      vertex 121.0444958155686 52.01014364305891 49.6
      vertex 120.43939201327781 52.333578363789506 49.6
    endloop
  endfacet
  facet normal 0 0 1
    outer loop
      vertex 121.57487373415292 46.625126265847086 49.6
      vertex 121.57487373415292 51.574873734152916 49.6
      vertex 121.0444958155686 52.01014364305891 49.6
    endloop
  endfacet
  facet normal 0 0 1
    outer loop
      vertex 122.5327484814113 48.41718387294355 49.6
      vertex 122.5327484814113 49.78281612705645 49.6
      vertex 122.3335783637895 50.43939201327782 49.6
    endloop
  endfacet
  facet normal 0 0 1
    outer loop
      vertex 122.3335783637895 47.760607986722185 49.6
      vertex 122.3335783637895 50.43939201327782 49.6
      vertex 122.0101436430589 51.04449581556861 49.6
    endloop
  endfacet
  facet normal 0 0 1
    outer loop
      vertex 122.0101436430589 47.15550418443139 49.6
      vertex 122.0101436430589 51.04449581556861 49.6
      vertex 121.57487373415292 51.574873734152916 49.6
    endloop
  endfacet
  facet normal 0 0 1
    outer loop
      vertex 117.76060798672218 52.333578363789506 49.6
      vertex 118.60251153792538 50.301043392264674 49.6
      vertex 118.41718387294354 52.53274848141131 49.6
    endloop
  endfacet
  facet normal 0 0 1
    outer loop
      vertex 118.41718387294354 52.53274848141131 49.6
      vertex 118.84638258137903 50.3750208645242 49.6
      vertex 119.1 52.6 49.6
    endloop
  endfacet
  facet normal 0 0 1
    outer loop
      vertex 119.1 52.6 49.6
      vertex 119.35361741862096 50.3750208645242 49.6
      vertex 119.78281612705645 52.53274848141131 49.6
    endloop
  endfacet
  facet normal 0 0 1
    outer loop
      vertex 120.43939201327781 52.333578363789506 49.6
      vertex 119.78281612705645 52.53274848141131 49.6
      vertex 120.1809104959933 49.822241302925484 49.6
    endloop
  endfacet
  facet normal 0 0 1
    outer loop
      vertex 24.077758697074515 10.719089504006693 2.6
      vertex 24.077758697074515 12.880910495993309 2.6
      vertex 23.880761184457484 10.880761184457489 2.6
    endloop
  endfacet
  facet normal 0 0 1
    outer loop
      vertex 24.30251153792538 10.598956607735328 2.6
      vertex 24.30251153792538 13.001043392264673 2.6
      vertex 24.077758697074515 10.719089504006693 2.6
    endloop
  endfacet
  facet normal 0 0 1
    outer loop
      vertex 23.598956607735325 11.302511537925383 2.6
      vertex 23.598956607735325 12.297488462074618 2.6
      vertex 23.524979135475796 11.546382581379033 2.6
    endloop
  endfacet
  facet normal 0 0 1
    outer loop
      vertex 23.880761184457484 10.880761184457489 2.6
      vertex 23.880761184457484 12.719238815542512 2.6
      vertex 23.71908950400669 11.077758697074518 2.6
    endloop
  endfacet
  facet normal 0 0 1
    outer loop
      vertex 23.598956607735325 11.302511537925383 2.6
      vertex 23.71908950400669 11.077758697074518 2.6
      vertex 23.71908950400669 12.522241302925483 2.6
    endloop
  endfacet
  facet normal 0 0 1
    outer loop
      vertex 23.524979135475796 11.546382581379033 2.6
      vertex 23.524979135475796 12.053617418620968 2.6
      vertex 23.499999999999996 11.8 2.6
    endloop
  endfacet
  facet normal 0 0 1
    outer loop
      vertex 24.30251153792538 10.598956607735328 2.6
      vertex 24.54638258137903 10.524979135475801 2.6
      vertex 24.54638258137903 13.0750208645242 2.6
    endloop
  endfacet
  facet normal 0 0 1
    outer loop
      vertex 24.54638258137903 10.524979135475801 2.6
      vertex 24.799999999999997 10.5 2.6
      vertex 24.799999999999997 13.100000000000001 2.6
    endloop
  endfacet
  facet normal 0 0 1
    outer loop
      vertex 24.799999999999997 10.5 2.6
      vertex 25.053617418620963 10.524979135475801 2.6
      vertex 25.053617418620963 13.0750208645242 2.6
    endloop
  endfacet
  facet normal 0 0 1
    outer loop
      vertex 25.053617418620963 10.524979135475801 2.6
      vertex 25.297488462074615 10.598956607735328 2.6
      vertex 25.297488462074615 13.001043392264673 2.6
    endloop
  endfacet
  facet normal 0 0 1
    outer loop
      vertex 25.297488462074615 10.598956607735328 2.6
      vertex 25.52224130292548 10.719089504006693 2.6
      vertex 25.52224130292548 12.880910495993309 2.6
    endloop
  endfacet
  facet normal 0 0 1
    outer loop
      vertex 25.52224130292548 10.719089504006693 2.6
      vertex 25.71923881554251 10.880761184457489 2.6
      vertex 25.71923881554251 12.719238815542512 2.6
    endloop
  endfacet
  facet normal 0 0 1
    outer loop
      vertex 25.71923881554251 10.880761184457489 2.6
      vertex 25.880910495993305 11.077758697074518 2.6
      vertex 25.880910495993305 12.522241302925483 2.6
    endloop
  endfacet
  facet normal 0 0 1
    outer loop
      vertex 25.880910495993305 11.077758697074518 2.6
      vertex 26.00104339226467 11.302511537925383 2.6
      vertex 26.00104339226467 12.297488462074618 2.6
    endloop
  endfacet
  facet normal 0 0 1
    outer loop
      vertex 26.00104339226467 11.302511537925383 2.6
      vertex 26.0750208645242 11.546382581379033 2.6
      vertex 26.0750208645242 12.053617418620968 2.6
    endloop
  endfacet
  facet normal 0 0 1
    outer loop
      vertex 26.00104339226467 11.302511537925383 2.6
      vertex 26.0750208645242 12.053617418620968 2.6
      vertex 26.00104339226467 12.297488462074618 2.6
    endloop
  endfacet
  facet normal 0 0 1
    outer loop
      vertex 26.0750208645242 11.546382581379033 2.6
      vertex 26.099999999999998 11.8 2.6
      vertex 26.0750208645242 12.053617418620968 2.6
    endloop
  endfacet
  facet normal 0 0 1
    outer loop
      vertex 23.524979135475796 11.546382581379033 2.6
      vertex 23.598956607735325 12.297488462074618 2.6
      vertex 23.524979135475796 12.053617418620968 2.6
    endloop
  endfacet
  facet normal 0 0 1
    outer loop
      vertex 23.598956607735325 11.302511537925383 2.6
      vertex 23.71908950400669 12.522241302925483 2.6
      vertex 23.598956607735325 12.297488462074618 2.6
    endloop
  endfacet
  facet normal 0 0 1
    outer loop
      vertex 23.71908950400669 11.077758697074518 2.6
      vertex 23.880761184457484 12.719238815542512 2.6
      vertex 23.71908950400669 12.522241302925483 2.6
    endloop
  endfacet
  facet normal 0 0 1
    outer loop
      vertex 23.880761184457484 10.880761184457489 2.6
      vertex 24.077758697074515 12.880910495993309 2.6
      vertex 23.880761184457484 12.719238815542512 2.6
    endloop
  endfacet
  facet normal 0 0 1
    outer loop
      vertex 24.077758697074515 10.719089504006693 2.6
      vertex 24.30251153792538 13.001043392264673 2.6
      vertex 24.077758697074515 12.880910495993309 2.6
    endloop
  endfacet
  facet normal 0 0 1
    outer loop
      vertex 24.30251153792538 10.598956607735328 2.6
      vertex 24.54638258137903 13.0750208645242 2.6
      vertex 24.30251153792538 13.001043392264673 2.6
    endloop
  endfacet
  facet normal 0 0 1
    outer loop
      vertex 24.54638258137903 10.524979135475801 2.6
      vertex 24.799999999999997 13.100000000000001 2.6
      vertex 24.54638258137903 13.0750208645242 2.6
    endloop
  endfacet
  facet normal 0 0 1
    outer loop
      vertex 24.799999999999997 10.5 2.6
      vertex 25.053617418620963 13.0750208645242 2.6
      vertex 24.799999999999997 13.100000000000001 2.6
    endloop
  endfacet
  facet normal 0 0 1
    outer loop
      vertex 25.053617418620963 10.524979135475801 2.6
      vertex 25.297488462074615 13.001043392264673 2.6
      vertex 25.053617418620963 13.0750208645242 2.6
    endloop
  endfacet
  facet normal 0 0 1
    outer loop
      vertex 25.71923881554251 10.880761184457489 2.6
      vertex 25.880910495993305 12.522241302925483 2.6
      vertex 25.71923881554251 12.719238815542512 2.6
    endloop
  endfacet
  facet normal 0 0 1
    outer loop
      vertex 25.52224130292548 10.719089504006693 2.6
      vertex 25.71923881554251 12.719238815542512 2.6
      vertex 25.52224130292548 12.880910495993309 2.6
    endloop
  endfacet
  facet normal 0 0 1
    outer loop
      vertex 25.297488462074615 10.598956607735328 2.6
      vertex 25.52224130292548 12.880910495993309 2.6
      vertex 25.297488462074615 13.001043392264673 2.6
    endloop
  endfacet
  facet normal 0 0 1
    outer loop
      vertex 25.880910495993305 11.077758697074518 2.6
      vertex 26.00104339226467 12.297488462074618 2.6
      vertex 25.880910495993305 12.522241302925483 2.6
    endloop
  endfacet
  facet normal 0.7730104533627424 0.6343932841636386 1.5568270676716568e-18
    outer loop
      vertex 23.880761184457484 10.880761184457489 2.6
      vertex 23.71908950400669 11.077758697074518 2.6
      vertex 23.71908950400669 11.077758697074518 7
    endloop
  endfacet
  facet normal 0.6343932841636394 0.7730104533627419 2.67494620251857e-18
    outer loop
      vertex 24.077758697074515 10.719089504006693 2.6
      vertex 23.880761184457484 10.880761184457489 2.6
      vertex 23.880761184457484 10.880761184457489 7
    endloop
  endfacet
  facet normal 0.4713967368260014 0.881921264348353 -9.313577284914668e-19
    outer loop
      vertex 24.30251153792538 10.598956607735328 2.6
      vertex 24.077758697074515 10.719089504006693 2.6
      vertex 24.077758697074515 10.719089504006693 7
    endloop
  endfacet
  facet normal 0.2902846772544604 0.9569403357322095 0
    outer loop
      vertex 24.30251153792538 10.598956607735328 2.6
      vertex 24.30251153792538 10.598956607735328 7
      vertex 24.54638258137903 10.524979135475801 2.6
    endloop
  endfacet
  facet normal 0.09801714032956456 0.9951847266721964 0
    outer loop
      vertex 24.54638258137903 10.524979135475801 2.6
      vertex 24.54638258137903 10.524979135475801 7
      vertex 24.799999999999997 10.5 2.6
    endloop
  endfacet
  facet normal -0.09801714032956456 0.9951847266721964 0
    outer loop
      vertex 24.799999999999997 10.5 2.6
      vertex 24.799999999999997 10.5 7
      vertex 25.053617418620963 10.524979135475801 2.6
    endloop
  endfacet
  facet normal -0.2902846772544604 0.9569403357322095 0
    outer loop
      vertex 25.053617418620963 10.524979135475801 2.6
      vertex 25.053617418620963 10.524979135475801 7
      vertex 25.297488462074615 10.598956607735328 2.6
    endloop
  endfacet
  facet normal 0.881921264348353 0.4713967368260014 0
    outer loop
      vertex 23.598956607735325 11.302511537925383 2.6
      vertex 23.598956607735325 11.302511537925383 7
      vertex 23.71908950400669 11.077758697074518 2.6
    endloop
  endfacet
  facet normal 0.9569403357322069 0.29028467725446866 5.707770096530316e-19
    outer loop
      vertex 23.598956607735325 11.302511537925383 2.6
      vertex 23.524979135475796 11.546382581379033 2.6
      vertex 23.524979135475796 11.546382581379033 7
    endloop
  endfacet
  facet normal 0.9951847266721973 0.09801714032955698 3.6319297721172775e-19
    outer loop
      vertex 23.524979135475796 11.546382581379033 2.6
      vertex 23.499999999999996 11.8 2.6
      vertex 23.499999999999996 11.8 7
    endloop
  endfacet
  facet normal -0.4713967368260014 0.881921264348353 0
    outer loop
      vertex 25.297488462074615 10.598956607735328 2.6
      vertex 25.297488462074615 10.598956607735328 7
      vertex 25.52224130292548 10.719089504006693 2.6
    endloop
  endfacet
  facet normal -0.6343932841636394 0.7730104533627419 0
    outer loop
      vertex 25.52224130292548 10.719089504006693 2.6
      vertex 25.52224130292548 10.719089504006693 7
      vertex 25.71923881554251 10.880761184457489 2.6
    endloop
  endfacet
  facet normal -0.7730104533627424 0.6343932841636386 0
    outer loop
      vertex 25.71923881554251 10.880761184457489 2.6
      vertex 25.71923881554251 10.880761184457489 7
      vertex 25.880910495993305 11.077758697074518 2.6
    endloop
  endfacet
  facet normal -0.881921264348353 0.4713967368260014 0
    outer loop
      vertex 25.880910495993305 11.077758697074518 2.6
      vertex 25.880910495993305 11.077758697074518 7
      vertex 26.00104339226467 11.302511537925383 2.6
    endloop
  endfacet
  facet normal -0.9569403357322069 0.29028467725446866 0
    outer loop
      vertex 26.00104339226467 11.302511537925383 2.6
      vertex 26.00104339226467 11.302511537925383 7
      vertex 26.0750208645242 11.546382581379033 2.6
    endloop
  endfacet
  facet normal -0.9951847266721973 0.09801714032955698 0
    outer loop
      vertex 26.0750208645242 11.546382581379033 2.6
      vertex 26.0750208645242 11.546382581379033 7
      vertex 26.099999999999998 11.8 2.6
    endloop
  endfacet
  facet normal -0.9951847266721973 -0.09801714032955698 0
    outer loop
      vertex 26.099999999999998 11.8 2.6
      vertex 26.099999999999998 11.8 7
      vertex 26.0750208645242 12.053617418620968 2.6
    endloop
  endfacet
  facet normal 0.4713967368260014 0.881921264348353 0
    outer loop
      vertex 24.30251153792538 10.598956607735328 2.6
      vertex 24.077758697074515 10.719089504006693 7
      vertex 24.30251153792538 10.598956607735328 7
    endloop
  endfacet
  facet normal 0.7730104533627424 0.6343932841636386 0
    outer loop
      vertex 23.880761184457484 10.880761184457489 2.6
      vertex 23.71908950400669 11.077758697074518 7
      vertex 23.880761184457484 10.880761184457489 7
    endloop
  endfacet
  facet normal 0.6343932841636394 0.7730104533627419 0
    outer loop
      vertex 24.077758697074515 10.719089504006693 2.6
      vertex 23.880761184457484 10.880761184457489 7
      vertex 24.077758697074515 10.719089504006693 7
    endloop
  endfacet
  facet normal 0.2902846772544604 0.9569403357322095 0
    outer loop
      vertex 24.54638258137903 10.524979135475801 2.6
      vertex 24.30251153792538 10.598956607735328 7
      vertex 24.54638258137903 10.524979135475801 7
    endloop
  endfacet
  facet normal 0.09801714032956456 0.9951847266721964 0
    outer loop
      vertex 24.799999999999997 10.5 2.6
      vertex 24.54638258137903 10.524979135475801 7
      vertex 24.799999999999997 10.5 7
    endloop
  endfacet
  facet normal -0.09801714032956456 0.9951847266721964 0
    outer loop
      vertex 25.053617418620963 10.524979135475801 2.6
      vertex 24.799999999999997 10.5 7
      vertex 25.053617418620963 10.524979135475801 7
    endloop
  endfacet
  facet normal -0.2902846772544604 0.9569403357322095 0
    outer loop
      vertex 25.297488462074615 10.598956607735328 2.6
      vertex 25.053617418620963 10.524979135475801 7
      vertex 25.297488462074615 10.598956607735328 7
    endloop
  endfacet
  facet normal 0.881921264348353 0.4713967368260014 0
    outer loop
      vertex 23.71908950400669 11.077758697074518 2.6
      vertex 23.598956607735325 11.302511537925383 7
      vertex 23.71908950400669 11.077758697074518 7
    endloop
  endfacet
  facet normal 0.9569403357322069 0.29028467725446866 0
    outer loop
      vertex 23.598956607735325 11.302511537925383 2.6
      vertex 23.524979135475796 11.546382581379033 7
      vertex 23.598956607735325 11.302511537925383 7
    endloop
  endfacet
  facet normal 0.9951847266721973 0.09801714032955698 0
    outer loop
      vertex 23.524979135475796 11.546382581379033 2.6
      vertex 23.499999999999996 11.8 7
      vertex 23.524979135475796 11.546382581379033 7
    endloop
  endfacet
  facet normal 0.9951847266721973 -0.09801714032955698 0
    outer loop
      vertex 23.499999999999996 11.8 2.6
      vertex 23.524979135475796 12.053617418620968 7
      vertex 23.499999999999996 11.8 7
    endloop
  endfacet
  facet normal -0.4713967368260014 0.881921264348353 0
    outer loop
      vertex 25.52224130292548 10.719089504006693 2.6
      vertex 25.297488462074615 10.598956607735328 7
      vertex 25.52224130292548 10.719089504006693 7
    endloop
  endfacet
  facet normal -0.6343932841636394 0.7730104533627419 0
    outer loop
      vertex 25.71923881554251 10.880761184457489 2.6
      vertex 25.52224130292548 10.719089504006693 7
      vertex 25.71923881554251 10.880761184457489 7
    endloop
  endfacet
  facet normal -0.7730104533627424 0.6343932841636386 0
    outer loop
      vertex 25.880910495993305 11.077758697074518 2.6
      vertex 25.71923881554251 10.880761184457489 7
      vertex 25.880910495993305 11.077758697074518 7
    endloop
  endfacet
  facet normal -0.881921264348353 0.4713967368260014 0
    outer loop
      vertex 26.00104339226467 11.302511537925383 2.6
      vertex 25.880910495993305 11.077758697074518 7
      vertex 26.00104339226467 11.302511537925383 7
    endloop
  endfacet
  facet normal -0.9569403357322069 0.29028467725446866 0
    outer loop
      vertex 26.0750208645242 11.546382581379033 2.6
      vertex 26.00104339226467 11.302511537925383 7
      vertex 26.0750208645242 11.546382581379033 7
    endloop
  endfacet
  facet normal -0.9951847266721973 0.09801714032955698 0
    outer loop
      vertex 26.099999999999998 11.8 2.6
      vertex 26.0750208645242 11.546382581379033 7
      vertex 26.099999999999998 11.8 7
    endloop
  endfacet
  facet normal 0.9951847266721973 -0.09801714032955698 -3.6319297721172775e-19
    outer loop
      vertex 23.499999999999996 11.8 2.6
      vertex 23.524979135475796 12.053617418620968 2.6
      vertex 23.524979135475796 12.053617418620968 7
    endloop
  endfacet
  facet normal 0.9569403357322069 -0.29028467725446866 -5.707770096530316e-19
    outer loop
      vertex 23.524979135475796 12.053617418620968 2.6
      vertex 23.598956607735325 12.297488462074618 2.6
      vertex 23.598956607735325 12.297488462074618 7
    endloop
  endfacet
  facet normal 0.881921264348353 -0.4713967368260014 9.313577284914668e-19
    outer loop
      vertex 23.598956607735325 12.297488462074618 2.6
      vertex 23.71908950400669 12.522241302925483 2.6
      vertex 23.71908950400669 12.522241302925483 7
    endloop
  endfacet
  facet normal 0.7730104533627424 -0.6343932841636386 -1.5568270676716568e-18
    outer loop
      vertex 23.71908950400669 12.522241302925483 2.6
      vertex 23.880761184457484 12.719238815542512 2.6
      vertex 23.880761184457484 12.719238815542512 7
    endloop
  endfacet
  facet normal 0.6343932841636394 -0.7730104533627419 -2.67494620251857e-18
    outer loop
      vertex 23.880761184457484 12.719238815542512 2.6
      vertex 24.077758697074515 12.880910495993309 2.6
      vertex 24.077758697074515 12.880910495993309 7
    endloop
  endfacet
  facet normal 0.4713967368260014 -0.881921264348353 9.313577284914668e-19
    outer loop
      vertex 24.077758697074515 12.880910495993309 2.6
      vertex 24.30251153792538 13.001043392264673 2.6
      vertex 24.30251153792538 13.001043392264673 7
    endloop
  endfacet
  facet normal 0.2902846772544604 -0.9569403357322095 -5.259389307149723e-19
    outer loop
      vertex 24.30251153792538 13.001043392264673 2.6
      vertex 24.54638258137903 13.0750208645242 2.6
      vertex 24.54638258137903 13.0750208645242 7
    endloop
  endfacet
  facet normal 0.09801714032956456 -0.9951847266721964 -1.6888145531643785e-19
    outer loop
      vertex 24.54638258137903 13.0750208645242 2.6
      vertex 24.799999999999997 13.100000000000001 2.6
      vertex 24.799999999999997 13.100000000000001 7
    endloop
  endfacet
  facet normal -0.09801714032956456 -0.9951847266721964 1.6888145531643785e-19
    outer loop
      vertex 24.799999999999997 13.100000000000001 2.6
      vertex 25.053617418620963 13.0750208645242 2.6
      vertex 25.053617418620963 13.0750208645242 7
    endloop
  endfacet
  facet normal -0.2902846772544604 -0.9569403357322095 5.259389307149723e-19
    outer loop
      vertex 25.053617418620963 13.0750208645242 2.6
      vertex 25.297488462074615 13.001043392264673 2.6
      vertex 25.297488462074615 13.001043392264673 7
    endloop
  endfacet
  facet normal -0.9569403357322069 -0.29028467725446866 0
    outer loop
      vertex 26.0750208645242 12.053617418620968 2.6
      vertex 26.0750208645242 12.053617418620968 7
      vertex 26.00104339226467 12.297488462074618 2.6
    endloop
  endfacet
  facet normal -0.6343932841636394 -0.7730104533627419 2.67494620251857e-18
    outer loop
      vertex 25.52224130292548 12.880910495993309 2.6
      vertex 25.71923881554251 12.719238815542512 2.6
      vertex 25.71923881554251 12.719238815542512 7
    endloop
  endfacet
  facet normal -0.881921264348353 -0.4713967368260014 0
    outer loop
      vertex 26.00104339226467 12.297488462074618 2.6
      vertex 26.00104339226467 12.297488462074618 7
      vertex 25.880910495993305 12.522241302925483 2.6
    endloop
  endfacet
  facet normal -0.7730104533627424 -0.6343932841636386 0
    outer loop
      vertex 25.880910495993305 12.522241302925483 2.6
      vertex 25.880910495993305 12.522241302925483 7
      vertex 25.71923881554251 12.719238815542512 2.6
    endloop
  endfacet
  facet normal -0.4713967368260014 -0.881921264348353 -9.313577284914668e-19
    outer loop
      vertex 25.297488462074615 13.001043392264673 2.6
      vertex 25.52224130292548 12.880910495993309 2.6
      vertex 25.52224130292548 12.880910495993309 7
    endloop
  endfacet
  facet normal 0.9569403357322069 -0.29028467725446866 0
    outer loop
      vertex 23.524979135475796 12.053617418620968 2.6
      vertex 23.598956607735325 12.297488462074618 7
      vertex 23.524979135475796 12.053617418620968 7
    endloop
  endfacet
  facet normal 0.881921264348353 -0.4713967368260014 0
    outer loop
      vertex 23.598956607735325 12.297488462074618 2.6
      vertex 23.71908950400669 12.522241302925483 7
      vertex 23.598956607735325 12.297488462074618 7
    endloop
  endfacet
  facet normal 0.7730104533627424 -0.6343932841636386 0
    outer loop
      vertex 23.71908950400669 12.522241302925483 2.6
      vertex 23.880761184457484 12.719238815542512 7
      vertex 23.71908950400669 12.522241302925483 7
    endloop
  endfacet
  facet normal 0.6343932841636394 -0.7730104533627419 0
    outer loop
      vertex 23.880761184457484 12.719238815542512 2.6
      vertex 24.077758697074515 12.880910495993309 7
      vertex 23.880761184457484 12.719238815542512 7
    endloop
  endfacet
  facet normal 0.4713967368260014 -0.881921264348353 0
    outer loop
      vertex 24.077758697074515 12.880910495993309 2.6
      vertex 24.30251153792538 13.001043392264673 7
      vertex 24.077758697074515 12.880910495993309 7
    endloop
  endfacet
  facet normal 0.2902846772544604 -0.9569403357322095 0
    outer loop
      vertex 24.30251153792538 13.001043392264673 2.6
      vertex 24.54638258137903 13.0750208645242 7
      vertex 24.30251153792538 13.001043392264673 7
    endloop
  endfacet
  facet normal 0.09801714032956456 -0.9951847266721964 0
    outer loop
      vertex 24.54638258137903 13.0750208645242 2.6
      vertex 24.799999999999997 13.100000000000001 7
      vertex 24.54638258137903 13.0750208645242 7
    endloop
  endfacet
  facet normal -0.09801714032956456 -0.9951847266721964 0
    outer loop
      vertex 24.799999999999997 13.100000000000001 2.6
      vertex 25.053617418620963 13.0750208645242 7
      vertex 24.799999999999997 13.100000000000001 7
    endloop
  endfacet
  facet normal -0.2902846772544604 -0.9569403357322095 0
    outer loop
      vertex 25.053617418620963 13.0750208645242 2.6
      vertex 25.297488462074615 13.001043392264673 7
      vertex 25.053617418620963 13.0750208645242 7
    endloop
  endfacet
  facet normal -0.9951847266721973 -0.09801714032955698 0
    outer loop
      vertex 26.0750208645242 12.053617418620968 2.6
      vertex 26.099999999999998 11.8 7
      vertex 26.0750208645242 12.053617418620968 7
    endloop
  endfacet
  facet normal -0.9569403357322069 -0.29028467725446866 0
    outer loop
      vertex 26.00104339226467 12.297488462074618 2.6
      vertex 26.0750208645242 12.053617418620968 7
      vertex 26.00104339226467 12.297488462074618 7
    endloop
  endfacet
  facet normal -0.7730104533627424 -0.6343932841636386 0
    outer loop
      vertex 25.71923881554251 12.719238815542512 2.6
      vertex 25.880910495993305 12.522241302925483 7
      vertex 25.71923881554251 12.719238815542512 7
    endloop
  endfacet
  facet normal -0.881921264348353 -0.4713967368260014 0
    outer loop
      vertex 25.880910495993305 12.522241302925483 2.6
      vertex 26.00104339226467 12.297488462074618 7
      vertex 25.880910495993305 12.522241302925483 7
    endloop
  endfacet
  facet normal -0.4713967368260014 -0.881921264348353 0
    outer loop
      vertex 25.297488462074615 13.001043392264673 2.6
      vertex 25.52224130292548 12.880910495993309 7
      vertex 25.297488462074615 13.001043392264673 7
    endloop
  endfacet
  facet normal -0.6343932841636394 -0.7730104533627419 0
    outer loop
      vertex 25.52224130292548 12.880910495993309 2.6
      vertex 25.71923881554251 12.719238815542512 7
      vertex 25.52224130292548 12.880910495993309 7
    endloop
  endfacet
  facet normal 0 0 1
    outer loop
      vertex 23.598956607735325 42.30251153792538 2.6
      vertex 23.71908950400669 42.077758697074515 2.6
      vertex 23.71908950400669 43.52224130292548 2.6
    endloop
  endfacet
  facet normal 0 0 1
    outer loop
      vertex 23.880761184457484 41.880761184457484 2.6
      vertex 23.880761184457484 43.71923881554251 2.6
      vertex 23.71908950400669 42.077758697074515 2.6
    endloop
  endfacet
  facet normal 0 0 1
    outer loop
      vertex 24.077758697074515 41.71908950400669 2.6
      vertex 24.30251153792538 41.598956607735325 2.6
      vertex 24.30251153792538 44.00104339226467 2.6
    endloop
  endfacet
  facet normal 0 0 1
    outer loop
      vertex 24.077758697074515 41.71908950400669 2.6
      vertex 24.077758697074515 43.880910495993305 2.6
      vertex 23.880761184457484 41.880761184457484 2.6
    endloop
  endfacet
  facet normal 0 0 1
    outer loop
      vertex 24.54638258137903 41.524979135475796 2.6
      vertex 24.54638258137903 44.0750208645242 2.6
      vertex 24.30251153792538 41.598956607735325 2.6
    endloop
  endfacet
  facet normal 0 0 1
    outer loop
      vertex 24.54638258137903 41.524979135475796 2.6
      vertex 24.799999999999997 41.5 2.6
      vertex 24.799999999999997 44.099999999999994 2.6
    endloop
  endfacet
  facet normal 0 0 1
    outer loop
      vertex 24.799999999999997 41.5 2.6
      vertex 25.053617418620963 41.524979135475796 2.6
      vertex 25.053617418620963 44.0750208645242 2.6
    endloop
  endfacet
  facet normal 0 0 1
    outer loop
      vertex 25.053617418620963 41.524979135475796 2.6
      vertex 25.297488462074615 41.598956607735325 2.6
      vertex 25.297488462074615 44.00104339226467 2.6
    endloop
  endfacet
  facet normal 0 0 1
    outer loop
      vertex 25.297488462074615 41.598956607735325 2.6
      vertex 25.52224130292548 41.71908950400669 2.6
      vertex 25.52224130292548 43.880910495993305 2.6
    endloop
  endfacet
  facet normal 0 0 1
    outer loop
      vertex 25.52224130292548 41.71908950400669 2.6
      vertex 25.71923881554251 41.880761184457484 2.6
      vertex 25.71923881554251 43.71923881554251 2.6
    endloop
  endfacet
  facet normal 0 0 1
    outer loop
      vertex 25.71923881554251 41.880761184457484 2.6
      vertex 25.880910495993305 42.077758697074515 2.6
      vertex 25.880910495993305 43.52224130292548 2.6
    endloop
  endfacet
  facet normal 0 0 1
    outer loop
      vertex 25.880910495993305 42.077758697074515 2.6
      vertex 26.00104339226467 42.30251153792538 2.6
      vertex 26.00104339226467 43.29748846207461 2.6
    endloop
  endfacet
  facet normal 0 0 1
    outer loop
      vertex 26.00104339226467 42.30251153792538 2.6
      vertex 26.0750208645242 42.54638258137903 2.6
      vertex 26.0750208645242 43.053617418620966 2.6
    endloop
  endfacet
  facet normal 0 0 1
    outer loop
      vertex 23.598956607735325 42.30251153792538 2.6
      vertex 23.598956607735325 43.29748846207461 2.6
      vertex 23.524979135475796 42.54638258137903 2.6
    endloop
  endfacet
  facet normal 0 0 1
    outer loop
      vertex 23.524979135475796 42.54638258137903 2.6
      vertex 23.524979135475796 43.053617418620966 2.6
      vertex 23.499999999999996 42.8 2.6
    endloop
  endfacet
  facet normal 0 0 1
    outer loop
      vertex 23.524979135475796 42.54638258137903 2.6
      vertex 23.598956607735325 43.29748846207461 2.6
      vertex 23.524979135475796 43.053617418620966 2.6
    endloop
  endfacet
  facet normal 0 0 1
    outer loop
      vertex 23.598956607735325 42.30251153792538 2.6
      vertex 23.71908950400669 43.52224130292548 2.6
      vertex 23.598956607735325 43.29748846207461 2.6
    endloop
  endfacet
  facet normal 0 0 1
    outer loop
      vertex 23.71908950400669 42.077758697074515 2.6
      vertex 23.880761184457484 43.71923881554251 2.6
      vertex 23.71908950400669 43.52224130292548 2.6
    endloop
  endfacet
  facet normal 0 0 1
    outer loop
      vertex 23.880761184457484 41.880761184457484 2.6
      vertex 24.077758697074515 43.880910495993305 2.6
      vertex 23.880761184457484 43.71923881554251 2.6
    endloop
  endfacet
  facet normal 0 0 1
    outer loop
      vertex 24.077758697074515 41.71908950400669 2.6
      vertex 24.30251153792538 44.00104339226467 2.6
      vertex 24.077758697074515 43.880910495993305 2.6
    endloop
  endfacet
  facet normal 0 0 1
    outer loop
      vertex 24.30251153792538 41.598956607735325 2.6
      vertex 24.54638258137903 44.0750208645242 2.6
      vertex 24.30251153792538 44.00104339226467 2.6
    endloop
  endfacet
  facet normal 0 0 1
    outer loop
      vertex 24.54638258137903 41.524979135475796 2.6
      vertex 24.799999999999997 44.099999999999994 2.6
      vertex 24.54638258137903 44.0750208645242 2.6
    endloop
  endfacet
  facet normal 0 0 1
    outer loop
      vertex 24.799999999999997 41.5 2.6
      vertex 25.053617418620963 44.0750208645242 2.6
      vertex 24.799999999999997 44.099999999999994 2.6
    endloop
  endfacet
  facet normal 0 0 1
    outer loop
      vertex 25.053617418620963 41.524979135475796 2.6
      vertex 25.297488462074615 44.00104339226467 2.6
      vertex 25.053617418620963 44.0750208645242 2.6
    endloop
  endfacet
  facet normal 0 0 1
    outer loop
      vertex 25.71923881554251 41.880761184457484 2.6
      vertex 25.880910495993305 43.52224130292548 2.6
      vertex 25.71923881554251 43.71923881554251 2.6
    endloop
  endfacet
  facet normal 0 0 1
    outer loop
      vertex 26.0750208645242 42.54638258137903 2.6
      vertex 26.099999999999998 42.8 2.6
      vertex 26.0750208645242 43.053617418620966 2.6
    endloop
  endfacet
  facet normal 0 0 1
    outer loop
      vertex 26.00104339226467 42.30251153792538 2.6
      vertex 26.0750208645242 43.053617418620966 2.6
      vertex 26.00104339226467 43.29748846207461 2.6
    endloop
  endfacet
  facet normal 0 0 1
    outer loop
      vertex 25.880910495993305 42.077758697074515 2.6
      vertex 26.00104339226467 43.29748846207461 2.6
      vertex 25.880910495993305 43.52224130292548 2.6
    endloop
  endfacet
  facet normal 0 0 1
    outer loop
      vertex 25.297488462074615 41.598956607735325 2.6
      vertex 25.52224130292548 43.880910495993305 2.6
      vertex 25.297488462074615 44.00104339226467 2.6
    endloop
  endfacet
  facet normal 0 0 1
    outer loop
      vertex 25.52224130292548 41.71908950400669 2.6
      vertex 25.71923881554251 43.71923881554251 2.6
      vertex 25.52224130292548 43.880910495993305 2.6
    endloop
  endfacet
  facet normal 0.4713967368260014 0.881921264348353 0
    outer loop
      vertex 24.077758697074515 41.71908950400669 2.6
      vertex 24.077758697074515 41.71908950400669 7
      vertex 24.30251153792538 41.598956607735325 2.6
    endloop
  endfacet
  facet normal 0.29028467725446677 0.9569403357322076 9.530022983770353e-19
    outer loop
      vertex 24.54638258137903 41.524979135475796 2.6
      vertex 24.30251153792538 41.598956607735325 2.6
      vertex 24.30251153792538 41.598956607735325 7
    endloop
  endfacet
  facet normal 0.09801714032954385 0.9951847266721986 0
    outer loop
      vertex 24.54638258137903 41.524979135475796 2.6
      vertex 24.54638258137903 41.524979135475796 7
      vertex 24.799999999999997 41.5 2.6
    endloop
  endfacet
  facet normal -0.09801714032954385 0.9951847266721986 0
    outer loop
      vertex 24.799999999999997 41.5 2.6
      vertex 24.799999999999997 41.5 7
      vertex 25.053617418620963 41.524979135475796 2.6
    endloop
  endfacet
  facet normal -0.29028467725446677 0.9569403357322076 0
    outer loop
      vertex 25.053617418620963 41.524979135475796 2.6
      vertex 25.053617418620963 41.524979135475796 7
      vertex 25.297488462074615 41.598956607735325 2.6
    endloop
  endfacet
  facet normal 0.7730104533627453 0.6343932841636353 -8.438744660226018e-19
    outer loop
      vertex 23.880761184457484 41.880761184457484 2.6
      vertex 23.71908950400669 42.077758697074515 2.6
      vertex 23.71908950400669 42.077758697074515 7
    endloop
  endfacet
  facet normal 0.881921264348356 0.47139673682599564 0
    outer loop
      vertex 23.598956607735325 42.30251153792538 2.6
      vertex 23.598956607735325 42.30251153792538 7
      vertex 23.71908950400669 42.077758697074515 2.6
    endloop
  endfacet
  facet normal 0.6343932841636353 0.7730104533627453 -8.438744660226018e-19
    outer loop
      vertex 24.077758697074515 41.71908950400669 2.6
      vertex 23.880761184457484 41.880761184457484 2.6
      vertex 23.880761184457484 41.880761184457484 7
    endloop
  endfacet
  facet normal 0.9569403357322052 0.29028467725447443 -5.758988565190096e-19
    outer loop
      vertex 23.598956607735325 42.30251153792538 2.6
      vertex 23.524979135475796 42.54638258137903 2.6
      vertex 23.524979135475796 42.54638258137903 7
    endloop
  endfacet
  facet normal -0.4713967368260014 0.881921264348353 0
    outer loop
      vertex 25.297488462074615 41.598956607735325 2.6
      vertex 25.297488462074615 41.598956607735325 7
      vertex 25.52224130292548 41.71908950400669 2.6
    endloop
  endfacet
  facet normal -0.6343932841636353 0.7730104533627453 0
    outer loop
      vertex 25.52224130292548 41.71908950400669 2.6
      vertex 25.52224130292548 41.71908950400669 7
      vertex 25.71923881554251 41.880761184457484 2.6
    endloop
  endfacet
  facet normal -0.7730104533627453 0.6343932841636353 0
    outer loop
      vertex 25.71923881554251 41.880761184457484 2.6
      vertex 25.71923881554251 41.880761184457484 7
      vertex 25.880910495993305 42.077758697074515 2.6
    endloop
  endfacet
  facet normal -0.881921264348356 0.47139673682599564 0
    outer loop
      vertex 25.880910495993305 42.077758697074515 2.6
      vertex 25.880910495993305 42.077758697074515 7
      vertex 26.00104339226467 42.30251153792538 2.6
    endloop
  endfacet
  facet normal -0.9569403357322052 0.29028467725447443 0
    outer loop
      vertex 26.00104339226467 42.30251153792538 2.6
      vertex 26.00104339226467 42.30251153792538 7
      vertex 26.0750208645242 42.54638258137903 2.6
    endloop
  endfacet
  facet normal -0.9951847266721973 0.0980171403295563 0
    outer loop
      vertex 26.0750208645242 42.54638258137903 2.6
      vertex 26.0750208645242 42.54638258137903 7
      vertex 26.099999999999998 42.8 2.6
    endloop
  endfacet
  facet normal 0.6343932841636353 0.7730104533627453 0
    outer loop
      vertex 24.077758697074515 41.71908950400669 2.6
      vertex 23.880761184457484 41.880761184457484 7
      vertex 24.077758697074515 41.71908950400669 7
    endloop
  endfacet
  facet normal 0.4713967368260014 0.881921264348353 0
    outer loop
      vertex 24.30251153792538 41.598956607735325 2.6
      vertex 24.077758697074515 41.71908950400669 7
      vertex 24.30251153792538 41.598956607735325 7
    endloop
  endfacet
  facet normal 0.29028467725446677 0.9569403357322076 0
    outer loop
      vertex 24.54638258137903 41.524979135475796 2.6
      vertex 24.30251153792538 41.598956607735325 7
      vertex 24.54638258137903 41.524979135475796 7
    endloop
  endfacet
  facet normal 0.09801714032954385 0.9951847266721986 0
    outer loop
      vertex 24.799999999999997 41.5 2.6
      vertex 24.54638258137903 41.524979135475796 7
      vertex 24.799999999999997 41.5 7
    endloop
  endfacet
  facet normal -0.09801714032954385 0.9951847266721986 0
    outer loop
      vertex 25.053617418620963 41.524979135475796 2.6
      vertex 24.799999999999997 41.5 7
      vertex 25.053617418620963 41.524979135475796 7
    endloop
  endfacet
  facet normal -0.29028467725446677 0.9569403357322076 0
    outer loop
      vertex 25.297488462074615 41.598956607735325 2.6
      vertex 25.053617418620963 41.524979135475796 7
      vertex 25.297488462074615 41.598956607735325 7
    endloop
  endfacet
  facet normal 0.7730104533627453 0.6343932841636353 0
    outer loop
      vertex 23.880761184457484 41.880761184457484 2.6
      vertex 23.71908950400669 42.077758697074515 7
      vertex 23.880761184457484 41.880761184457484 7
    endloop
  endfacet
  facet normal 0.881921264348356 0.47139673682599564 0
    outer loop
      vertex 23.71908950400669 42.077758697074515 2.6
      vertex 23.598956607735325 42.30251153792538 7
      vertex 23.71908950400669 42.077758697074515 7
    endloop
  endfacet
  facet normal 0.9569403357322052 0.29028467725447443 0
    outer loop
      vertex 23.598956607735325 42.30251153792538 2.6
      vertex 23.524979135475796 42.54638258137903 7
      vertex 23.598956607735325 42.30251153792538 7
    endloop
  endfacet
  facet normal 0.9951847266721973 0.0980171403295563 0
    outer loop
      vertex 23.524979135475796 42.54638258137903 2.6
      vertex 23.499999999999996 42.8 7
      vertex 23.524979135475796 42.54638258137903 7
    endloop
  endfacet
  facet normal -0.4713967368260014 0.881921264348353 0
    outer loop
      vertex 25.52224130292548 41.71908950400669 2.6
      vertex 25.297488462074615 41.598956607735325 7
      vertex 25.52224130292548 41.71908950400669 7
    endloop
  endfacet
  facet normal -0.6343932841636353 0.7730104533627453 0
    outer loop
      vertex 25.71923881554251 41.880761184457484 2.6
      vertex 25.52224130292548 41.71908950400669 7
      vertex 25.71923881554251 41.880761184457484 7
    endloop
  endfacet
  facet normal -0.7730104533627453 0.6343932841636353 0
    outer loop
      vertex 25.880910495993305 42.077758697074515 2.6
      vertex 25.71923881554251 41.880761184457484 7
      vertex 25.880910495993305 42.077758697074515 7
    endloop
  endfacet
  facet normal -0.881921264348356 0.47139673682599564 0
    outer loop
      vertex 26.00104339226467 42.30251153792538 2.6
      vertex 25.880910495993305 42.077758697074515 7
      vertex 26.00104339226467 42.30251153792538 7
    endloop
  endfacet
  facet normal -0.9569403357322052 0.29028467725447443 0
    outer loop
      vertex 26.0750208645242 42.54638258137903 2.6
      vertex 26.00104339226467 42.30251153792538 7
      vertex 26.0750208645242 42.54638258137903 7
    endloop
  endfacet
  facet normal 0.9951847266721973 0.0980171403295563 2.415417237309998e-19
    outer loop
      vertex 23.524979135475796 42.54638258137903 2.6
      vertex 23.499999999999996 42.8 2.6
      vertex 23.499999999999996 42.8 7
    endloop
  endfacet
  facet normal 0.9951847266721973 -0.0980171403295563 -2.415417237309998e-19
    outer loop
      vertex 23.499999999999996 42.8 2.6
      vertex 23.524979135475796 43.053617418620966 2.6
      vertex 23.524979135475796 43.053617418620966 7
    endloop
  endfacet
  facet normal 0.9569403357322052 -0.29028467725447443 5.758988565190096e-19
    outer loop
      vertex 23.524979135475796 43.053617418620966 2.6
      vertex 23.598956607735325 43.29748846207461 2.6
      vertex 23.598956607735325 43.29748846207461 7
    endloop
  endfacet
  facet normal 0.881921264348356 -0.47139673682599564 9.811285002053845e-19
    outer loop
      vertex 23.598956607735325 43.29748846207461 2.6
      vertex 23.71908950400669 43.52224130292548 2.6
      vertex 23.71908950400669 43.52224130292548 7
    endloop
  endfacet
  facet normal 0.7730104533627453 -0.6343932841636353 8.438744660226018e-19
    outer loop
      vertex 23.71908950400669 43.52224130292548 2.6
      vertex 23.880761184457484 43.71923881554251 2.6
      vertex 23.880761184457484 43.71923881554251 7
    endloop
  endfacet
  facet normal 0.6343932841636353 -0.7730104533627453 8.438744660226018e-19
    outer loop
      vertex 23.880761184457484 43.71923881554251 2.6
      vertex 24.077758697074515 43.880910495993305 2.6
      vertex 24.077758697074515 43.880910495993305 7
    endloop
  endfacet
  facet normal 0.4713967368260014 -0.881921264348353 9.313577284914668e-19
    outer loop
      vertex 24.077758697074515 43.880910495993305 2.6
      vertex 24.30251153792538 44.00104339226467 2.6
      vertex 24.30251153792538 44.00104339226467 7
    endloop
  endfacet
  facet normal 0.29028467725446677 -0.9569403357322076 -9.530022983770353e-19
    outer loop
      vertex 24.30251153792538 44.00104339226467 2.6
      vertex 24.54638258137903 44.0750208645242 2.6
      vertex 24.54638258137903 44.0750208645242 7
    endloop
  endfacet
  facet normal 0.09801714032954385 -0.9951847266721986 -3.432486045837629e-19
    outer loop
      vertex 24.54638258137903 44.0750208645242 2.6
      vertex 24.799999999999997 44.099999999999994 2.6
      vertex 24.799999999999997 44.099999999999994 7
    endloop
  endfacet
  facet normal -0.09801714032954385 -0.9951847266721986 3.432486045837629e-19
    outer loop
      vertex 24.799999999999997 44.099999999999994 2.6
      vertex 25.053617418620963 44.0750208645242 2.6
      vertex 25.053617418620963 44.0750208645242 7
    endloop
  endfacet
  facet normal -0.29028467725446677 -0.9569403357322076 9.530022983770353e-19
    outer loop
      vertex 25.053617418620963 44.0750208645242 2.6
      vertex 25.297488462074615 44.00104339226467 2.6
      vertex 25.297488462074615 44.00104339226467 7
    endloop
  endfacet
  facet normal -0.9951847266721973 -0.0980171403295563 0
    outer loop
      vertex 26.099999999999998 42.8 2.6
      vertex 26.099999999999998 42.8 7
      vertex 26.0750208645242 43.053617418620966 2.6
    endloop
  endfacet
  facet normal -0.9569403357322052 -0.29028467725447443 -5.758988565190096e-19
    outer loop
      vertex 26.00104339226467 43.29748846207461 2.6
      vertex 26.0750208645242 43.053617418620966 2.6
      vertex 26.0750208645242 43.053617418620966 7
    endloop
  endfacet
  facet normal -0.881921264348356 -0.47139673682599564 0
    outer loop
      vertex 26.00104339226467 43.29748846207461 2.6
      vertex 26.00104339226467 43.29748846207461 7
      vertex 25.880910495993305 43.52224130292548 2.6
    endloop
  endfacet
  facet normal -0.4713967368260014 -0.881921264348353 0
    outer loop
      vertex 25.52224130292548 43.880910495993305 2.6
      vertex 25.52224130292548 43.880910495993305 7
      vertex 25.297488462074615 44.00104339226467 2.6
    endloop
  endfacet
  facet normal -0.6343932841636353 -0.7730104533627453 -8.438744660226018e-19
    outer loop
      vertex 25.52224130292548 43.880910495993305 2.6
      vertex 25.71923881554251 43.71923881554251 2.6
      vertex 25.71923881554251 43.71923881554251 7
    endloop
  endfacet
  facet normal -0.7730104533627453 -0.6343932841636353 0
    outer loop
      vertex 25.880910495993305 43.52224130292548 2.6
      vertex 25.880910495993305 43.52224130292548 7
      vertex 25.71923881554251 43.71923881554251 2.6
    endloop
  endfacet
  facet normal 0.9951847266721973 -0.0980171403295563 0
    outer loop
      vertex 23.499999999999996 42.8 2.6
      vertex 23.524979135475796 43.053617418620966 7
      vertex 23.499999999999996 42.8 7
    endloop
  endfacet
  facet normal 0.9569403357322052 -0.29028467725447443 0
    outer loop
      vertex 23.524979135475796 43.053617418620966 2.6
      vertex 23.598956607735325 43.29748846207461 7
      vertex 23.524979135475796 43.053617418620966 7
    endloop
  endfacet
  facet normal 0.881921264348356 -0.47139673682599564 0
    outer loop
      vertex 23.598956607735325 43.29748846207461 2.6
      vertex 23.71908950400669 43.52224130292548 7
      vertex 23.598956607735325 43.29748846207461 7
    endloop
  endfacet
  facet normal 0.7730104533627453 -0.6343932841636353 0
    outer loop
      vertex 23.71908950400669 43.52224130292548 2.6
      vertex 23.880761184457484 43.71923881554251 7
      vertex 23.71908950400669 43.52224130292548 7
    endloop
  endfacet
  facet normal 0.6343932841636353 -0.7730104533627453 0
    outer loop
      vertex 23.880761184457484 43.71923881554251 2.6
      vertex 24.077758697074515 43.880910495993305 7
      vertex 23.880761184457484 43.71923881554251 7
    endloop
  endfacet
  facet normal 0.4713967368260014 -0.881921264348353 0
    outer loop
      vertex 24.077758697074515 43.880910495993305 2.6
      vertex 24.30251153792538 44.00104339226467 7
      vertex 24.077758697074515 43.880910495993305 7
    endloop
  endfacet
  facet normal 0.29028467725446677 -0.9569403357322076 0
    outer loop
      vertex 24.30251153792538 44.00104339226467 2.6
      vertex 24.54638258137903 44.0750208645242 7
      vertex 24.30251153792538 44.00104339226467 7
    endloop
  endfacet
  facet normal 0.09801714032954385 -0.9951847266721986 0
    outer loop
      vertex 24.54638258137903 44.0750208645242 2.6
      vertex 24.799999999999997 44.099999999999994 7
      vertex 24.54638258137903 44.0750208645242 7
    endloop
  endfacet
  facet normal -0.09801714032954385 -0.9951847266721986 0
    outer loop
      vertex 24.799999999999997 44.099999999999994 2.6
      vertex 25.053617418620963 44.0750208645242 7
      vertex 24.799999999999997 44.099999999999994 7
    endloop
  endfacet
  facet normal -0.29028467725446677 -0.9569403357322076 0
    outer loop
      vertex 25.053617418620963 44.0750208645242 2.6
      vertex 25.297488462074615 44.00104339226467 7
      vertex 25.053617418620963 44.0750208645242 7
    endloop
  endfacet
  facet normal -0.9951847266721973 0.0980171403295563 0
    outer loop
      vertex 26.099999999999998 42.8 2.6
      vertex 26.0750208645242 42.54638258137903 7
      vertex 26.099999999999998 42.8 7
    endloop
  endfacet
  facet normal -0.9951847266721973 -0.0980171403295563 0
    outer loop
      vertex 26.0750208645242 43.053617418620966 2.6
      vertex 26.099999999999998 42.8 7
      vertex 26.0750208645242 43.053617418620966 7
    endloop
  endfacet
  facet normal -0.9569403357322052 -0.29028467725447443 0
    outer loop
      vertex 26.00104339226467 43.29748846207461 2.6
      vertex 26.0750208645242 43.053617418620966 7
      vertex 26.00104339226467 43.29748846207461 7
    endloop
  endfacet
  facet normal -0.881921264348356 -0.47139673682599564 0
    outer loop
      vertex 25.880910495993305 43.52224130292548 2.6
      vertex 26.00104339226467 43.29748846207461 7
      vertex 25.880910495993305 43.52224130292548 7
    endloop
  endfacet
  facet normal -0.7730104533627453 -0.6343932841636353 0
    outer loop
      vertex 25.71923881554251 43.71923881554251 2.6
      vertex 25.880910495993305 43.52224130292548 7
      vertex 25.71923881554251 43.71923881554251 7
    endloop
  endfacet
  facet normal -0.6343932841636353 -0.7730104533627453 0
    outer loop
      vertex 25.52224130292548 43.880910495993305 2.6
      vertex 25.71923881554251 43.71923881554251 7
      vertex 25.52224130292548 43.880910495993305 7
    endloop
  endfacet
  facet normal -0.4713967368260014 -0.881921264348353 0
    outer loop
      vertex 25.297488462074615 44.00104339226467 2.6
      vertex 25.52224130292548 43.880910495993305 7
      vertex 25.297488462074615 44.00104339226467 7
    endloop
  endfacet
  facet normal 0 0 1
    outer loop
      vertex 98.88076118445748 10.880761184457489 2.6
      vertex 99.07775869707451 10.719089504006693 2.6
      vertex 99.07775869707451 12.880910495993309 2.6
    endloop
  endfacet
  facet normal 0 0 1
    outer loop
      vertex 99.30251153792538 10.598956607735328 2.6
      vertex 99.30251153792538 13.001043392264673 2.6
      vertex 99.07775869707451 10.719089504006693 2.6
    endloop
  endfacet
  facet normal 0 0 1
    outer loop
      vertex 98.71908950400669 11.077758697074518 2.6
      vertex 98.71908950400669 12.522241302925483 2.6
      vertex 98.59895660773532 11.302511537925383 2.6
    endloop
  endfacet
  facet normal 0 0 1
    outer loop
      vertex 98.59895660773532 11.302511537925383 2.6
      vertex 98.59895660773532 12.297488462074618 2.6
      vertex 98.5249791354758 11.546382581379033 2.6
    endloop
  endfacet
  facet normal 0 0 1
    outer loop
      vertex 98.5249791354758 11.546382581379033 2.6
      vertex 98.5249791354758 12.053617418620968 2.6
      vertex 98.5 11.8 2.6
    endloop
  endfacet
  facet normal 0 0 1
    outer loop
      vertex 98.88076118445748 10.880761184457489 2.6
      vertex 98.88076118445748 12.719238815542512 2.6
      vertex 98.71908950400669 11.077758697074518 2.6
    endloop
  endfacet
  facet normal 0 0 1
    outer loop
      vertex 99.30251153792538 10.598956607735328 2.6
      vertex 99.54638258137904 10.524979135475801 2.6
      vertex 99.54638258137904 13.0750208645242 2.6
    endloop
  endfacet
  facet normal 0 0 1
    outer loop
      vertex 99.54638258137904 10.524979135475801 2.6
      vertex 99.8 10.5 2.6
      vertex 99.8 13.100000000000001 2.6
    endloop
  endfacet
  facet normal 0 0 1
    outer loop
      vertex 99.8 10.5 2.6
      vertex 100.05361741862096 10.524979135475801 2.6
      vertex 100.05361741862096 13.0750208645242 2.6
    endloop
  endfacet
  facet normal 0 0 1
    outer loop
      vertex 100.05361741862096 10.524979135475801 2.6
      vertex 100.29748846207461 10.598956607735328 2.6
      vertex 100.29748846207461 13.001043392264673 2.6
    endloop
  endfacet
  facet normal 0 0 1
    outer loop
      vertex 100.29748846207461 10.598956607735328 2.6
      vertex 100.52224130292548 10.719089504006693 2.6
      vertex 100.52224130292548 12.880910495993309 2.6
    endloop
  endfacet
  facet normal 0 0 1
    outer loop
      vertex 100.52224130292548 10.719089504006693 2.6
      vertex 100.71923881554251 10.880761184457489 2.6
      vertex 100.71923881554251 12.719238815542512 2.6
    endloop
  endfacet
  facet normal 0 0 1
    outer loop
      vertex 100.71923881554251 10.880761184457489 2.6
      vertex 100.8809104959933 11.077758697074518 2.6
      vertex 100.8809104959933 12.522241302925483 2.6
    endloop
  endfacet
  facet normal 0 0 1
    outer loop
      vertex 100.8809104959933 11.077758697074518 2.6
      vertex 101.00104339226468 11.302511537925383 2.6
      vertex 101.00104339226468 12.297488462074618 2.6
    endloop
  endfacet
  facet normal 0 0 1
    outer loop
      vertex 101.00104339226468 11.302511537925383 2.6
      vertex 101.07502086452419 11.546382581379033 2.6
      vertex 101.07502086452419 12.053617418620968 2.6
    endloop
  endfacet
  facet normal 0 0 1
    outer loop
      vertex 101.07502086452419 11.546382581379033 2.6
      vertex 101.1 11.8 2.6
      vertex 101.07502086452419 12.053617418620968 2.6
    endloop
  endfacet
  facet normal 0 0 1
    outer loop
      vertex 101.00104339226468 11.302511537925383 2.6
      vertex 101.07502086452419 12.053617418620968 2.6
      vertex 101.00104339226468 12.297488462074618 2.6
    endloop
  endfacet
  facet normal 0 0 1
    outer loop
      vertex 98.5249791354758 11.546382581379033 2.6
      vertex 98.59895660773532 12.297488462074618 2.6
      vertex 98.5249791354758 12.053617418620968 2.6
    endloop
  endfacet
  facet normal 0 0 1
    outer loop
      vertex 98.59895660773532 11.302511537925383 2.6
      vertex 98.71908950400669 12.522241302925483 2.6
      vertex 98.59895660773532 12.297488462074618 2.6
    endloop
  endfacet
  facet normal 0 0 1
    outer loop
      vertex 98.71908950400669 11.077758697074518 2.6
      vertex 98.88076118445748 12.719238815542512 2.6
      vertex 98.71908950400669 12.522241302925483 2.6
    endloop
  endfacet
  facet normal 0 0 1
    outer loop
      vertex 98.88076118445748 10.880761184457489 2.6
      vertex 99.07775869707451 12.880910495993309 2.6
      vertex 98.88076118445748 12.719238815542512 2.6
    endloop
  endfacet
  facet normal 0 0 1
    outer loop
      vertex 99.07775869707451 10.719089504006693 2.6
      vertex 99.30251153792538 13.001043392264673 2.6
      vertex 99.07775869707451 12.880910495993309 2.6
    endloop
  endfacet
  facet normal 0 0 1
    outer loop
      vertex 99.30251153792538 10.598956607735328 2.6
      vertex 99.54638258137904 13.0750208645242 2.6
      vertex 99.30251153792538 13.001043392264673 2.6
    endloop
  endfacet
  facet normal 0 0 1
    outer loop
      vertex 99.54638258137904 10.524979135475801 2.6
      vertex 99.8 13.100000000000001 2.6
      vertex 99.54638258137904 13.0750208645242 2.6
    endloop
  endfacet
  facet normal 0 0 1
    outer loop
      vertex 99.8 10.5 2.6
      vertex 100.05361741862096 13.0750208645242 2.6
      vertex 99.8 13.100000000000001 2.6
    endloop
  endfacet
  facet normal 0 0 1
    outer loop
      vertex 100.05361741862096 10.524979135475801 2.6
      vertex 100.29748846207461 13.001043392264673 2.6
      vertex 100.05361741862096 13.0750208645242 2.6
    endloop
  endfacet
  facet normal 0 0 1
    outer loop
      vertex 100.52224130292548 10.719089504006693 2.6
      vertex 100.71923881554251 12.719238815542512 2.6
      vertex 100.52224130292548 12.880910495993309 2.6
    endloop
  endfacet
  facet normal 0 0 1
    outer loop
      vertex 100.29748846207461 10.598956607735328 2.6
      vertex 100.52224130292548 12.880910495993309 2.6
      vertex 100.29748846207461 13.001043392264673 2.6
    endloop
  endfacet
  facet normal 0 0 1
    outer loop
      vertex 100.71923881554251 10.880761184457489 2.6
      vertex 100.8809104959933 12.522241302925483 2.6
      vertex 100.71923881554251 12.719238815542512 2.6
    endloop
  endfacet
  facet normal 0 0 1
    outer loop
      vertex 100.8809104959933 11.077758697074518 2.6
      vertex 101.00104339226468 12.297488462074618 2.6
      vertex 100.8809104959933 12.522241302925483 2.6
    endloop
  endfacet
  facet normal 0.7730104533627424 0.6343932841636386 1.5568270676716568e-18
    outer loop
      vertex 98.88076118445748 10.880761184457489 2.6
      vertex 98.71908950400669 11.077758697074518 2.6
      vertex 98.71908950400669 11.077758697074518 7
    endloop
  endfacet
  facet normal 0.6343932841636394 0.7730104533627419 0
    outer loop
      vertex 98.88076118445748 10.880761184457489 2.6
      vertex 98.88076118445748 10.880761184457489 7
      vertex 99.07775869707451 10.719089504006693 2.6
    endloop
  endfacet
  facet normal 0.47139673682599564 0.881921264348356 -9.811285002053845e-19
    outer loop
      vertex 99.30251153792538 10.598956607735328 2.6
      vertex 99.07775869707451 10.719089504006693 2.6
      vertex 99.07775869707451 10.719089504006693 7
    endloop
  endfacet
  facet normal 0.8819212643483414 0.4713967368260231 1.2536290047784039e-18
    outer loop
      vertex 98.71908950400669 11.077758697074518 2.6
      vertex 98.59895660773532 11.302511537925383 2.6
      vertex 98.59895660773532 11.302511537925383 7
    endloop
  endfacet
  facet normal 0.9569403357322225 0.2902846772544176 2.483547757769031e-19
    outer loop
      vertex 98.59895660773532 11.302511537925383 2.6
      vertex 98.5249791354758 11.546382581379033 2.6
      vertex 98.5249791354758 11.546382581379033 7
    endloop
  endfacet
  facet normal 0.9951847266721958 0.09801714032957078 -2.6873257354593436e-19
    outer loop
      vertex 98.5249791354758 11.546382581379033 2.6
      vertex 98.5 11.8 2.6
      vertex 98.5 11.8 7
    endloop
  endfacet
  facet normal 0.2902846772544604 0.9569403357322095 0
    outer loop
      vertex 99.30251153792538 10.598956607735328 2.6
      vertex 99.30251153792538 10.598956607735328 7
      vertex 99.54638258137904 10.524979135475801 2.6
    endloop
  endfacet
  facet normal 0.09801714032956593 0.9951847266721964 0
    outer loop
      vertex 99.54638258137904 10.524979135475801 2.6
      vertex 99.54638258137904 10.524979135475801 7
      vertex 99.8 10.5 2.6
    endloop
  endfacet
  facet normal -0.09801714032956593 0.9951847266721964 0
    outer loop
      vertex 99.8 10.5 2.6
      vertex 99.8 10.5 7
      vertex 100.05361741862096 10.524979135475801 2.6
    endloop
  endfacet
  facet normal -0.2902846772544604 0.9569403357322095 0
    outer loop
      vertex 100.05361741862096 10.524979135475801 2.6
      vertex 100.05361741862096 10.524979135475801 7
      vertex 100.29748846207461 10.598956607735328 2.6
    endloop
  endfacet
  facet normal -0.47139673682599564 0.881921264348356 0
    outer loop
      vertex 100.29748846207461 10.598956607735328 2.6
      vertex 100.29748846207461 10.598956607735328 7
      vertex 100.52224130292548 10.719089504006693 2.6
    endloop
  endfacet
  facet normal -0.6343932841636394 0.7730104533627419 0
    outer loop
      vertex 100.52224130292548 10.719089504006693 2.6
      vertex 100.52224130292548 10.719089504006693 7
      vertex 100.71923881554251 10.880761184457489 2.6
    endloop
  endfacet
  facet normal -0.7730104533627424 0.6343932841636386 0
    outer loop
      vertex 100.71923881554251 10.880761184457489 2.6
      vertex 100.71923881554251 10.880761184457489 7
      vertex 100.8809104959933 11.077758697074518 2.6
    endloop
  endfacet
  facet normal -0.8819212643483414 0.4713967368260231 0
    outer loop
      vertex 100.8809104959933 11.077758697074518 2.6
      vertex 100.8809104959933 11.077758697074518 7
      vertex 101.00104339226468 11.302511537925383 2.6
    endloop
  endfacet
  facet normal -0.9569403357322225 0.2902846772544176 0
    outer loop
      vertex 101.00104339226468 11.302511537925383 2.6
      vertex 101.00104339226468 11.302511537925383 7
      vertex 101.07502086452419 11.546382581379033 2.6
    endloop
  endfacet
  facet normal -0.9951847266721958 0.09801714032957078 0
    outer loop
      vertex 101.07502086452419 11.546382581379033 2.6
      vertex 101.07502086452419 11.546382581379033 7
      vertex 101.1 11.8 2.6
    endloop
  endfacet
  facet normal -0.9951847266721958 -0.09801714032957078 0
    outer loop
      vertex 101.1 11.8 2.6
      vertex 101.1 11.8 7
      vertex 101.07502086452419 12.053617418620968 2.6
    endloop
  endfacet
  facet normal 0.47139673682599564 0.881921264348356 0
    outer loop
      vertex 99.30251153792538 10.598956607735328 2.6
      vertex 99.07775869707451 10.719089504006693 7
      vertex 99.30251153792538 10.598956607735328 7
    endloop
  endfacet
  facet normal 0.6343932841636394 0.7730104533627419 0
    outer loop
      vertex 99.07775869707451 10.719089504006693 2.6
      vertex 98.88076118445748 10.880761184457489 7
      vertex 99.07775869707451 10.719089504006693 7
    endloop
  endfacet
  facet normal 0.7730104533627424 0.6343932841636386 0
    outer loop
      vertex 98.88076118445748 10.880761184457489 2.6
      vertex 98.71908950400669 11.077758697074518 7
      vertex 98.88076118445748 10.880761184457489 7
    endloop
  endfacet
  facet normal 0.8819212643483414 0.4713967368260231 0
    outer loop
      vertex 98.71908950400669 11.077758697074518 2.6
      vertex 98.59895660773532 11.302511537925383 7
      vertex 98.71908950400669 11.077758697074518 7
    endloop
  endfacet
  facet normal 0.9569403357322225 0.2902846772544176 0
    outer loop
      vertex 98.59895660773532 11.302511537925383 2.6
      vertex 98.5249791354758 11.546382581379033 7
      vertex 98.59895660773532 11.302511537925383 7
    endloop
  endfacet
  facet normal 0.9951847266721958 0.09801714032957078 0
    outer loop
      vertex 98.5249791354758 11.546382581379033 2.6
      vertex 98.5 11.8 7
      vertex 98.5249791354758 11.546382581379033 7
    endloop
  endfacet
  facet normal 0.9951847266721958 -0.09801714032957078 0
    outer loop
      vertex 98.5 11.8 2.6
      vertex 98.5249791354758 12.053617418620968 7
      vertex 98.5 11.8 7
    endloop
  endfacet
  facet normal 0.2902846772544604 0.9569403357322095 0
    outer loop
      vertex 99.54638258137904 10.524979135475801 2.6
      vertex 99.30251153792538 10.598956607735328 7
      vertex 99.54638258137904 10.524979135475801 7
    endloop
  endfacet
  facet normal 0.09801714032956593 0.9951847266721964 0
    outer loop
      vertex 99.8 10.5 2.6
      vertex 99.54638258137904 10.524979135475801 7
      vertex 99.8 10.5 7
    endloop
  endfacet
  facet normal -0.09801714032956593 0.9951847266721964 0
    outer loop
      vertex 100.05361741862096 10.524979135475801 2.6
      vertex 99.8 10.5 7
      vertex 100.05361741862096 10.524979135475801 7
    endloop
  endfacet
  facet normal -0.2902846772544604 0.9569403357322095 0
    outer loop
      vertex 100.29748846207461 10.598956607735328 2.6
      vertex 100.05361741862096 10.524979135475801 7
      vertex 100.29748846207461 10.598956607735328 7
    endloop
  endfacet
  facet normal -0.47139673682599564 0.881921264348356 0
    outer loop
      vertex 100.52224130292548 10.719089504006693 2.6
      vertex 100.29748846207461 10.598956607735328 7
      vertex 100.52224130292548 10.719089504006693 7
    endloop
  endfacet
  facet normal -0.6343932841636394 0.7730104533627419 0
    outer loop
      vertex 100.71923881554251 10.880761184457489 2.6
      vertex 100.52224130292548 10.719089504006693 7
      vertex 100.71923881554251 10.880761184457489 7
    endloop
  endfacet
  facet normal -0.7730104533627424 0.6343932841636386 0
    outer loop
      vertex 100.8809104959933 11.077758697074518 2.6
      vertex 100.71923881554251 10.880761184457489 7
      vertex 100.8809104959933 11.077758697074518 7
    endloop
  endfacet
  facet normal -0.8819212643483414 0.4713967368260231 0
    outer loop
      vertex 101.00104339226468 11.302511537925383 2.6
      vertex 100.8809104959933 11.077758697074518 7
      vertex 101.00104339226468 11.302511537925383 7
    endloop
  endfacet
  facet normal -0.9569403357322225 0.2902846772544176 0
    outer loop
      vertex 101.07502086452419 11.546382581379033 2.6
      vertex 101.00104339226468 11.302511537925383 7
      vertex 101.07502086452419 11.546382581379033 7
    endloop
  endfacet
  facet normal -0.9951847266721958 0.09801714032957078 0
    outer loop
      vertex 101.1 11.8 2.6
      vertex 101.07502086452419 11.546382581379033 7
      vertex 101.1 11.8 7
    endloop
  endfacet
  facet normal 0.9951847266721958 -0.09801714032957078 2.6873257354593436e-19
    outer loop
      vertex 98.5 11.8 2.6
      vertex 98.5249791354758 12.053617418620968 2.6
      vertex 98.5249791354758 12.053617418620968 7
    endloop
  endfacet
  facet normal 0.9569403357322225 -0.2902846772544176 -2.483547757769031e-19
    outer loop
      vertex 98.5249791354758 12.053617418620968 2.6
      vertex 98.59895660773532 12.297488462074618 2.6
      vertex 98.59895660773532 12.297488462074618 7
    endloop
  endfacet
  facet normal 0.8819212643483414 -0.4713967368260231 -1.2536290047784039e-18
    outer loop
      vertex 98.59895660773532 12.297488462074618 2.6
      vertex 98.71908950400669 12.522241302925483 2.6
      vertex 98.71908950400669 12.522241302925483 7
    endloop
  endfacet
  facet normal 0.7730104533627424 -0.6343932841636386 -1.5568270676716568e-18
    outer loop
      vertex 98.71908950400669 12.522241302925483 2.6
      vertex 98.88076118445748 12.719238815542512 2.6
      vertex 98.88076118445748 12.719238815542512 7
    endloop
  endfacet
  facet normal 0.6343932841636394 -0.7730104533627419 -2.67494620251857e-18
    outer loop
      vertex 98.88076118445748 12.719238815542512 2.6
      vertex 99.07775869707451 12.880910495993309 2.6
      vertex 99.07775869707451 12.880910495993309 7
    endloop
  endfacet
  facet normal 0.47139673682599564 -0.881921264348356 9.811285002053845e-19
    outer loop
      vertex 99.07775869707451 12.880910495993309 2.6
      vertex 99.30251153792538 13.001043392264673 2.6
      vertex 99.30251153792538 13.001043392264673 7
    endloop
  endfacet
  facet normal -0.9569403357322225 -0.2902846772544176 0
    outer loop
      vertex 101.07502086452419 12.053617418620968 2.6
      vertex 101.07502086452419 12.053617418620968 7
      vertex 101.00104339226468 12.297488462074618 2.6
    endloop
  endfacet
  facet normal -0.6343932841636394 -0.7730104533627419 0
    outer loop
      vertex 100.71923881554251 12.719238815542512 2.6
      vertex 100.71923881554251 12.719238815542512 7
      vertex 100.52224130292548 12.880910495993309 2.6
    endloop
  endfacet
  facet normal -0.8819212643483414 -0.4713967368260231 1.2536290047784039e-18
    outer loop
      vertex 100.8809104959933 12.522241302925483 2.6
      vertex 101.00104339226468 12.297488462074618 2.6
      vertex 101.00104339226468 12.297488462074618 7
    endloop
  endfacet
  facet normal -0.7730104533627424 -0.6343932841636386 0
    outer loop
      vertex 100.8809104959933 12.522241302925483 2.6
      vertex 100.8809104959933 12.522241302925483 7
      vertex 100.71923881554251 12.719238815542512 2.6
    endloop
  endfacet
  facet normal 0.2902846772544604 -0.9569403357322095 -5.259389307149723e-19
    outer loop
      vertex 99.30251153792538 13.001043392264673 2.6
      vertex 99.54638258137904 13.0750208645242 2.6
      vertex 99.54638258137904 13.0750208645242 7
    endloop
  endfacet
  facet normal 0.09801714032956593 -0.9951847266721964 3.613372145772182e-19
    outer loop
      vertex 99.54638258137904 13.0750208645242 2.6
      vertex 99.8 13.100000000000001 2.6
      vertex 99.8 13.100000000000001 7
    endloop
  endfacet
  facet normal -0.09801714032956593 -0.9951847266721964 -3.613372145772182e-19
    outer loop
      vertex 99.8 13.100000000000001 2.6
      vertex 100.05361741862096 13.0750208645242 2.6
      vertex 100.05361741862096 13.0750208645242 7
    endloop
  endfacet
  facet normal -0.2902846772544604 -0.9569403357322095 0
    outer loop
      vertex 100.29748846207461 13.001043392264673 2.6
      vertex 100.29748846207461 13.001043392264673 7
      vertex 100.05361741862096 13.0750208645242 2.6
    endloop
  endfacet
  facet normal -0.47139673682599564 -0.881921264348356 -9.811285002053845e-19
    outer loop
      vertex 100.29748846207461 13.001043392264673 2.6
      vertex 100.52224130292548 12.880910495993309 2.6
      vertex 100.52224130292548 12.880910495993309 7
    endloop
  endfacet
  facet normal 0.9569403357322225 -0.2902846772544176 0
    outer loop
      vertex 98.5249791354758 12.053617418620968 2.6
      vertex 98.59895660773532 12.297488462074618 7
      vertex 98.5249791354758 12.053617418620968 7
    endloop
  endfacet
  facet normal 0.8819212643483414 -0.4713967368260231 0
    outer loop
      vertex 98.59895660773532 12.297488462074618 2.6
      vertex 98.71908950400669 12.522241302925483 7
      vertex 98.59895660773532 12.297488462074618 7
    endloop
  endfacet
  facet normal 0.7730104533627424 -0.6343932841636386 0
    outer loop
      vertex 98.71908950400669 12.522241302925483 2.6
      vertex 98.88076118445748 12.719238815542512 7
      vertex 98.71908950400669 12.522241302925483 7
    endloop
  endfacet
  facet normal 0.6343932841636394 -0.7730104533627419 0
    outer loop
      vertex 98.88076118445748 12.719238815542512 2.6
      vertex 99.07775869707451 12.880910495993309 7
      vertex 98.88076118445748 12.719238815542512 7
    endloop
  endfacet
  facet normal 0.47139673682599564 -0.881921264348356 0
    outer loop
      vertex 99.07775869707451 12.880910495993309 2.6
      vertex 99.30251153792538 13.001043392264673 7
      vertex 99.07775869707451 12.880910495993309 7
    endloop
  endfacet
  facet normal -0.9951847266721958 -0.09801714032957078 0
    outer loop
      vertex 101.07502086452419 12.053617418620968 2.6
      vertex 101.1 11.8 7
      vertex 101.07502086452419 12.053617418620968 7
    endloop
  endfacet
  facet normal -0.9569403357322225 -0.2902846772544176 0
    outer loop
      vertex 101.00104339226468 12.297488462074618 2.6
      vertex 101.07502086452419 12.053617418620968 7
      vertex 101.00104339226468 12.297488462074618 7
    endloop
  endfacet
  facet normal -0.8819212643483414 -0.4713967368260231 0
    outer loop
      vertex 100.8809104959933 12.522241302925483 2.6
      vertex 101.00104339226468 12.297488462074618 7
      vertex 100.8809104959933 12.522241302925483 7
    endloop
  endfacet
  facet normal -0.7730104533627424 -0.6343932841636386 0
    outer loop
      vertex 100.71923881554251 12.719238815542512 2.6
      vertex 100.8809104959933 12.522241302925483 7
      vertex 100.71923881554251 12.719238815542512 7
    endloop
  endfacet
  facet normal 0.2902846772544604 -0.9569403357322095 0
    outer loop
      vertex 99.30251153792538 13.001043392264673 2.6
      vertex 99.54638258137904 13.0750208645242 7
      vertex 99.30251153792538 13.001043392264673 7
    endloop
  endfacet
  facet normal 0.09801714032956593 -0.9951847266721964 0
    outer loop
      vertex 99.54638258137904 13.0750208645242 2.6
      vertex 99.8 13.100000000000001 7
      vertex 99.54638258137904 13.0750208645242 7
    endloop
  endfacet
  facet normal -0.09801714032956593 -0.9951847266721964 0
    outer loop
      vertex 99.8 13.100000000000001 2.6
      vertex 100.05361741862096 13.0750208645242 7
      vertex 99.8 13.100000000000001 7
    endloop
  endfacet
  facet normal -0.2902846772544604 -0.9569403357322095 0
    outer loop
      vertex 100.05361741862096 13.0750208645242 2.6
      vertex 100.29748846207461 13.001043392264673 7
      vertex 100.05361741862096 13.0750208645242 7
    endloop
  endfacet
  facet normal -0.47139673682599564 -0.881921264348356 0
    outer loop
      vertex 100.29748846207461 13.001043392264673 2.6
      vertex 100.52224130292548 12.880910495993309 7
      vertex 100.29748846207461 13.001043392264673 7
    endloop
  endfacet
  facet normal -0.6343932841636394 -0.7730104533627419 0
    outer loop
      vertex 100.52224130292548 12.880910495993309 2.6
      vertex 100.71923881554251 12.719238815542512 7
      vertex 100.52224130292548 12.880910495993309 7
    endloop
  endfacet
  facet normal 0 0 1
    outer loop
      vertex 98.71908950400669 42.077758697074515 2.6
      vertex 98.71908950400669 43.52224130292548 2.6
      vertex 98.59895660773532 42.30251153792538 2.6
    endloop
  endfacet
  facet normal 0 0 1
    outer loop
      vertex 99.07775869707451 41.71908950400669 2.6
      vertex 99.30251153792538 41.598956607735325 2.6
      vertex 99.30251153792538 44.00104339226467 2.6
    endloop
  endfacet
  facet normal 0 0 1
    outer loop
      vertex 98.88076118445748 41.880761184457484 2.6
      vertex 99.07775869707451 41.71908950400669 2.6
      vertex 99.07775869707451 43.880910495993305 2.6
    endloop
  endfacet
  facet normal 0 0 1
    outer loop
      vertex 98.88076118445748 41.880761184457484 2.6
      vertex 98.88076118445748 43.71923881554251 2.6
      vertex 98.71908950400669 42.077758697074515 2.6
    endloop
  endfacet
  facet normal 0 0 1
    outer loop
      vertex 99.54638258137904 41.524979135475796 2.6
      vertex 99.54638258137904 44.0750208645242 2.6
      vertex 99.30251153792538 41.598956607735325 2.6
    endloop
  endfacet
  facet normal 0 0 1
    outer loop
      vertex 99.54638258137904 41.524979135475796 2.6
      vertex 99.8 41.5 2.6
      vertex 99.8 44.099999999999994 2.6
    endloop
  endfacet
  facet normal 0 0 1
    outer loop
      vertex 99.8 41.5 2.6
      vertex 100.05361741862096 41.524979135475796 2.6
      vertex 100.05361741862096 44.0750208645242 2.6
    endloop
  endfacet
  facet normal 0 0 1
    outer loop
      vertex 100.05361741862096 41.524979135475796 2.6
      vertex 100.29748846207461 41.598956607735325 2.6
      vertex 100.29748846207461 44.00104339226467 2.6
    endloop
  endfacet
  facet normal 0 0 1
    outer loop
      vertex 100.29748846207461 41.598956607735325 2.6
      vertex 100.52224130292548 41.71908950400669 2.6
      vertex 100.52224130292548 43.880910495993305 2.6
    endloop
  endfacet
  facet normal 0 0 1
    outer loop
      vertex 100.52224130292548 41.71908950400669 2.6
      vertex 100.71923881554251 41.880761184457484 2.6
      vertex 100.71923881554251 43.71923881554251 2.6
    endloop
  endfacet
  facet normal 0 0 1
    outer loop
      vertex 100.71923881554251 41.880761184457484 2.6
      vertex 100.8809104959933 42.077758697074515 2.6
      vertex 100.8809104959933 43.52224130292548 2.6
    endloop
  endfacet
  facet normal 0 0 1
    outer loop
      vertex 100.8809104959933 42.077758697074515 2.6
      vertex 101.00104339226468 42.30251153792538 2.6
      vertex 101.00104339226468 43.29748846207461 2.6
    endloop
  endfacet
  facet normal 0 0 1
    outer loop
      vertex 101.00104339226468 42.30251153792538 2.6
      vertex 101.07502086452419 42.54638258137903 2.6
      vertex 101.07502086452419 43.053617418620966 2.6
    endloop
  endfacet
  facet normal 0 0 1
    outer loop
      vertex 98.5249791354758 42.54638258137903 2.6
      vertex 98.5249791354758 43.053617418620966 2.6
      vertex 98.5 42.8 2.6
    endloop
  endfacet
  facet normal 0 0 1
    outer loop
      vertex 98.59895660773532 42.30251153792538 2.6
      vertex 98.59895660773532 43.29748846207461 2.6
      vertex 98.5249791354758 42.54638258137903 2.6
    endloop
  endfacet
  facet normal 0 0 1
    outer loop
      vertex 98.5249791354758 42.54638258137903 2.6
      vertex 98.59895660773532 43.29748846207461 2.6
      vertex 98.5249791354758 43.053617418620966 2.6
    endloop
  endfacet
  facet normal 0 0 1
    outer loop
      vertex 98.59895660773532 42.30251153792538 2.6
      vertex 98.71908950400669 43.52224130292548 2.6
      vertex 98.59895660773532 43.29748846207461 2.6
    endloop
  endfacet
  facet normal 0 0 1
    outer loop
      vertex 98.71908950400669 42.077758697074515 2.6
      vertex 98.88076118445748 43.71923881554251 2.6
      vertex 98.71908950400669 43.52224130292548 2.6
    endloop
  endfacet
  facet normal 0 0 1
    outer loop
      vertex 98.88076118445748 41.880761184457484 2.6
      vertex 99.07775869707451 43.880910495993305 2.6
      vertex 98.88076118445748 43.71923881554251 2.6
    endloop
  endfacet
  facet normal 0 0 1
    outer loop
      vertex 99.07775869707451 41.71908950400669 2.6
      vertex 99.30251153792538 44.00104339226467 2.6
      vertex 99.07775869707451 43.880910495993305 2.6
    endloop
  endfacet
  facet normal 0 0 1
    outer loop
      vertex 99.30251153792538 41.598956607735325 2.6
      vertex 99.54638258137904 44.0750208645242 2.6
      vertex 99.30251153792538 44.00104339226467 2.6
    endloop
  endfacet
  facet normal 0 0 1
    outer loop
      vertex 99.54638258137904 41.524979135475796 2.6
      vertex 99.8 44.099999999999994 2.6
      vertex 99.54638258137904 44.0750208645242 2.6
    endloop
  endfacet
  facet normal 0 0 1
    outer loop
      vertex 99.8 41.5 2.6
      vertex 100.05361741862096 44.0750208645242 2.6
      vertex 99.8 44.099999999999994 2.6
    endloop
  endfacet
  facet normal 0 0 1
    outer loop
      vertex 100.05361741862096 41.524979135475796 2.6
      vertex 100.29748846207461 44.00104339226467 2.6
      vertex 100.05361741862096 44.0750208645242 2.6
    endloop
  endfacet
  facet normal 0 0 1
    outer loop
      vertex 101.07502086452419 42.54638258137903 2.6
      vertex 101.1 42.8 2.6
      vertex 101.07502086452419 43.053617418620966 2.6
    endloop
  endfacet
  facet normal 0 0 1
    outer loop
      vertex 100.8809104959933 42.077758697074515 2.6
      vertex 101.00104339226468 43.29748846207461 2.6
      vertex 100.8809104959933 43.52224130292548 2.6
    endloop
  endfacet
  facet normal 0 0 1
    outer loop
      vertex 100.71923881554251 41.880761184457484 2.6
      vertex 100.8809104959933 43.52224130292548 2.6
      vertex 100.71923881554251 43.71923881554251 2.6
    endloop
  endfacet
  facet normal 0 0 1
    outer loop
      vertex 101.00104339226468 42.30251153792538 2.6
      vertex 101.07502086452419 43.053617418620966 2.6
      vertex 101.00104339226468 43.29748846207461 2.6
    endloop
  endfacet
  facet normal 0 0 1
    outer loop
      vertex 100.29748846207461 41.598956607735325 2.6
      vertex 100.52224130292548 43.880910495993305 2.6
      vertex 100.29748846207461 44.00104339226467 2.6
    endloop
  endfacet
  facet normal 0 0 1
    outer loop
      vertex 100.52224130292548 41.71908950400669 2.6
      vertex 100.71923881554251 43.71923881554251 2.6
      vertex 100.52224130292548 43.880910495993305 2.6
    endloop
  endfacet
  facet normal 0.47139673682599564 0.881921264348356 0
    outer loop
      vertex 99.07775869707451 41.71908950400669 2.6
      vertex 99.07775869707451 41.71908950400669 7
      vertex 99.30251153792538 41.598956607735325 2.6
    endloop
  endfacet
  facet normal 0.7730104533627453 0.6343932841636353 -8.438744660226018e-19
    outer loop
      vertex 98.88076118445748 41.880761184457484 2.6
      vertex 98.71908950400669 42.077758697074515 2.6
      vertex 98.71908950400669 42.077758697074515 7
    endloop
  endfacet
  facet normal 0.8819212643483445 0.4713967368260174 1.203858233041948e-18
    outer loop
      vertex 98.71908950400669 42.077758697074515 2.6
      vertex 98.59895660773532 42.30251153792538 2.6
      vertex 98.59895660773532 42.30251153792538 7
    endloop
  endfacet
  facet normal 0.6343932841636353 0.7730104533627453 0
    outer loop
      vertex 98.88076118445748 41.880761184457484 2.6
      vertex 98.88076118445748 41.880761184457484 7
      vertex 99.07775869707451 41.71908950400669 2.6
    endloop
  endfacet
  facet normal 0.9569403357322207 0.29028467725442336 -8.983210904627004e-19
    outer loop
      vertex 98.59895660773532 42.30251153792538 2.6
      vertex 98.5249791354758 42.54638258137903 2.6
      vertex 98.5249791354758 42.54638258137903 7
    endloop
  endfacet
  facet normal 0.29028467725446677 0.9569403357322076 9.530022983770353e-19
    outer loop
      vertex 99.54638258137904 41.524979135475796 2.6
      vertex 99.30251153792538 41.598956607735325 2.6
      vertex 99.30251153792538 41.598956607735325 7
    endloop
  endfacet
  facet normal 0.09801714032954523 0.9951847266721985 0
    outer loop
      vertex 99.54638258137904 41.524979135475796 2.6
      vertex 99.54638258137904 41.524979135475796 7
      vertex 99.8 41.5 2.6
    endloop
  endfacet
  facet normal -0.09801714032954523 0.9951847266721985 0
    outer loop
      vertex 99.8 41.5 2.6
      vertex 99.8 41.5 7
      vertex 100.05361741862096 41.524979135475796 2.6
    endloop
  endfacet
  facet normal -0.29028467725446677 0.9569403357322076 0
    outer loop
      vertex 100.05361741862096 41.524979135475796 2.6
      vertex 100.05361741862096 41.524979135475796 7
      vertex 100.29748846207461 41.598956607735325 2.6
    endloop
  endfacet
  facet normal -0.47139673682599564 0.881921264348356 0
    outer loop
      vertex 100.29748846207461 41.598956607735325 2.6
      vertex 100.29748846207461 41.598956607735325 7
      vertex 100.52224130292548 41.71908950400669 2.6
    endloop
  endfacet
  facet normal -0.6343932841636353 0.7730104533627453 0
    outer loop
      vertex 100.52224130292548 41.71908950400669 2.6
      vertex 100.52224130292548 41.71908950400669 7
      vertex 100.71923881554251 41.880761184457484 2.6
    endloop
  endfacet
  facet normal -0.7730104533627453 0.6343932841636353 0
    outer loop
      vertex 100.71923881554251 41.880761184457484 2.6
      vertex 100.71923881554251 41.880761184457484 7
      vertex 100.8809104959933 42.077758697074515 2.6
    endloop
  endfacet
  facet normal -0.8819212643483445 0.4713967368260174 0
    outer loop
      vertex 100.8809104959933 42.077758697074515 2.6
      vertex 100.8809104959933 42.077758697074515 7
      vertex 101.00104339226468 42.30251153792538 2.6
    endloop
  endfacet
  facet normal -0.9569403357322207 0.29028467725442336 0
    outer loop
      vertex 101.00104339226468 42.30251153792538 2.6
      vertex 101.00104339226468 42.30251153792538 7
      vertex 101.07502086452419 42.54638258137903 2.6
    endloop
  endfacet
  facet normal -0.9951847266721959 0.09801714032957011 0
    outer loop
      vertex 101.07502086452419 42.54638258137903 2.6
      vertex 101.07502086452419 42.54638258137903 7
      vertex 101.1 42.8 2.6
    endloop
  endfacet
  facet normal 0.6343932841636353 0.7730104533627453 0
    outer loop
      vertex 99.07775869707451 41.71908950400669 2.6
      vertex 98.88076118445748 41.880761184457484 7
      vertex 99.07775869707451 41.71908950400669 7
    endloop
  endfacet
  facet normal 0.47139673682599564 0.881921264348356 0
    outer loop
      vertex 99.30251153792538 41.598956607735325 2.6
      vertex 99.07775869707451 41.71908950400669 7
      vertex 99.30251153792538 41.598956607735325 7
    endloop
  endfacet
  facet normal 0.8819212643483445 0.4713967368260174 0
    outer loop
      vertex 98.71908950400669 42.077758697074515 2.6
      vertex 98.59895660773532 42.30251153792538 7
      vertex 98.71908950400669 42.077758697074515 7
    endloop
  endfacet
  facet normal 0.7730104533627453 0.6343932841636353 0
    outer loop
      vertex 98.88076118445748 41.880761184457484 2.6
      vertex 98.71908950400669 42.077758697074515 7
      vertex 98.88076118445748 41.880761184457484 7
    endloop
  endfacet
  facet normal 0.9569403357322207 0.29028467725442336 0
    outer loop
      vertex 98.59895660773532 42.30251153792538 2.6
      vertex 98.5249791354758 42.54638258137903 7
      vertex 98.59895660773532 42.30251153792538 7
    endloop
  endfacet
  facet normal 0.9951847266721959 0.09801714032957011 0
    outer loop
      vertex 98.5249791354758 42.54638258137903 2.6
      vertex 98.5 42.8 7
      vertex 98.5249791354758 42.54638258137903 7
    endloop
  endfacet
  facet normal 0.29028467725446677 0.9569403357322076 0
    outer loop
      vertex 99.54638258137904 41.524979135475796 2.6
      vertex 99.30251153792538 41.598956607735325 7
      vertex 99.54638258137904 41.524979135475796 7
    endloop
  endfacet
  facet normal 0.09801714032954523 0.9951847266721985 0
    outer loop
      vertex 99.8 41.5 2.6
      vertex 99.54638258137904 41.524979135475796 7
      vertex 99.8 41.5 7
    endloop
  endfacet
  facet normal -0.09801714032954523 0.9951847266721985 0
    outer loop
      vertex 100.05361741862096 41.524979135475796 2.6
      vertex 99.8 41.5 7
      vertex 100.05361741862096 41.524979135475796 7
    endloop
  endfacet
  facet normal -0.29028467725446677 0.9569403357322076 0
    outer loop
      vertex 100.29748846207461 41.598956607735325 2.6
      vertex 100.05361741862096 41.524979135475796 7
      vertex 100.29748846207461 41.598956607735325 7
    endloop
  endfacet
  facet normal -0.47139673682599564 0.881921264348356 0
    outer loop
      vertex 100.52224130292548 41.71908950400669 2.6
      vertex 100.29748846207461 41.598956607735325 7
      vertex 100.52224130292548 41.71908950400669 7
    endloop
  endfacet
  facet normal -0.6343932841636353 0.7730104533627453 0
    outer loop
      vertex 100.71923881554251 41.880761184457484 2.6
      vertex 100.52224130292548 41.71908950400669 7
      vertex 100.71923881554251 41.880761184457484 7
    endloop
  endfacet
  facet normal -0.7730104533627453 0.6343932841636353 0
    outer loop
      vertex 100.8809104959933 42.077758697074515 2.6
      vertex 100.71923881554251 41.880761184457484 7
      vertex 100.8809104959933 42.077758697074515 7
    endloop
  endfacet
  facet normal -0.8819212643483445 0.4713967368260174 0
    outer loop
      vertex 101.00104339226468 42.30251153792538 2.6
      vertex 100.8809104959933 42.077758697074515 7
      vertex 101.00104339226468 42.30251153792538 7
    endloop
  endfacet
  facet normal -0.9569403357322207 0.29028467725442336 0
    outer loop
      vertex 101.07502086452419 42.54638258137903 2.6
      vertex 101.00104339226468 42.30251153792538 7
      vertex 101.07502086452419 42.54638258137903 7
    endloop
  endfacet
  facet normal 0.9951847266721959 0.09801714032957011 3.831373498284361e-19
    outer loop
      vertex 98.5249791354758 42.54638258137903 2.6
      vertex 98.5 42.8 2.6
      vertex 98.5 42.8 7
    endloop
  endfacet
  facet normal 0.9951847266721959 -0.09801714032957011 -3.831373498284361e-19
    outer loop
      vertex 98.5 42.8 2.6
      vertex 98.5249791354758 43.053617418620966 2.6
      vertex 98.5249791354758 43.053617418620966 7
    endloop
  endfacet
  facet normal 0.9569403357322207 -0.29028467725442336 8.983210904627004e-19
    outer loop
      vertex 98.5249791354758 43.053617418620966 2.6
      vertex 98.59895660773532 43.29748846207461 2.6
      vertex 98.59895660773532 43.29748846207461 7
    endloop
  endfacet
  facet normal 0.8819212643483445 -0.4713967368260174 -1.203858233041948e-18
    outer loop
      vertex 98.59895660773532 43.29748846207461 2.6
      vertex 98.71908950400669 43.52224130292548 2.6
      vertex 98.71908950400669 43.52224130292548 7
    endloop
  endfacet
  facet normal 0.7730104533627453 -0.6343932841636353 8.438744660226018e-19
    outer loop
      vertex 98.71908950400669 43.52224130292548 2.6
      vertex 98.88076118445748 43.71923881554251 2.6
      vertex 98.88076118445748 43.71923881554251 7
    endloop
  endfacet
  facet normal 0.6343932841636353 -0.7730104533627453 8.438744660226018e-19
    outer loop
      vertex 98.88076118445748 43.71923881554251 2.6
      vertex 99.07775869707451 43.880910495993305 2.6
      vertex 99.07775869707451 43.880910495993305 7
    endloop
  endfacet
  facet normal 0.47139673682599564 -0.881921264348356 9.811285002053845e-19
    outer loop
      vertex 99.07775869707451 43.880910495993305 2.6
      vertex 99.30251153792538 44.00104339226467 2.6
      vertex 99.30251153792538 44.00104339226467 7
    endloop
  endfacet
  facet normal -0.9951847266721959 -0.09801714032957011 0
    outer loop
      vertex 101.1 42.8 2.6
      vertex 101.1 42.8 7
      vertex 101.07502086452419 43.053617418620966 2.6
    endloop
  endfacet
  facet normal -0.9569403357322207 -0.29028467725442336 0
    outer loop
      vertex 101.07502086452419 43.053617418620966 2.6
      vertex 101.07502086452419 43.053617418620966 7
      vertex 101.00104339226468 43.29748846207461 2.6
    endloop
  endfacet
  facet normal -0.8819212643483445 -0.4713967368260174 1.203858233041948e-18
    outer loop
      vertex 100.8809104959933 43.52224130292548 2.6
      vertex 101.00104339226468 43.29748846207461 2.6
      vertex 101.00104339226468 43.29748846207461 7
    endloop
  endfacet
  facet normal 0.29028467725446677 -0.9569403357322076 -9.530022983770353e-19
    outer loop
      vertex 99.30251153792538 44.00104339226467 2.6
      vertex 99.54638258137904 44.0750208645242 2.6
      vertex 99.54638258137904 44.0750208645242 7
    endloop
  endfacet
  facet normal 0.09801714032954523 -0.9951847266721985 1.8697006532677624e-19
    outer loop
      vertex 99.54638258137904 44.0750208645242 2.6
      vertex 99.8 44.099999999999994 2.6
      vertex 99.8 44.099999999999994 7
    endloop
  endfacet
  facet normal -0.09801714032954523 -0.9951847266721985 -1.8697006532677624e-19
    outer loop
      vertex 99.8 44.099999999999994 2.6
      vertex 100.05361741862096 44.0750208645242 2.6
      vertex 100.05361741862096 44.0750208645242 7
    endloop
  endfacet
  facet normal -0.29028467725446677 -0.9569403357322076 9.530022983770353e-19
    outer loop
      vertex 100.05361741862096 44.0750208645242 2.6
      vertex 100.29748846207461 44.00104339226467 2.6
      vertex 100.29748846207461 44.00104339226467 7
    endloop
  endfacet
  facet normal -0.47139673682599564 -0.881921264348356 0
    outer loop
      vertex 100.52224130292548 43.880910495993305 2.6
      vertex 100.52224130292548 43.880910495993305 7
      vertex 100.29748846207461 44.00104339226467 2.6
    endloop
  endfacet
  facet normal -0.6343932841636353 -0.7730104533627453 0
    outer loop
      vertex 100.71923881554251 43.71923881554251 2.6
      vertex 100.71923881554251 43.71923881554251 7
      vertex 100.52224130292548 43.880910495993305 2.6
    endloop
  endfacet
  facet normal -0.7730104533627453 -0.6343932841636353 0
    outer loop
      vertex 100.8809104959933 43.52224130292548 2.6
      vertex 100.8809104959933 43.52224130292548 7
      vertex 100.71923881554251 43.71923881554251 2.6
    endloop
  endfacet
  facet normal 0.9951847266721959 -0.09801714032957011 0
    outer loop
      vertex 98.5 42.8 2.6
      vertex 98.5249791354758 43.053617418620966 7
      vertex 98.5 42.8 7
    endloop
  endfacet
  facet normal 0.9569403357322207 -0.29028467725442336 0
    outer loop
      vertex 98.5249791354758 43.053617418620966 2.6
      vertex 98.59895660773532 43.29748846207461 7
      vertex 98.5249791354758 43.053617418620966 7
    endloop
  endfacet
  facet normal 0.8819212643483445 -0.4713967368260174 0
    outer loop
      vertex 98.59895660773532 43.29748846207461 2.6
      vertex 98.71908950400669 43.52224130292548 7
      vertex 98.59895660773532 43.29748846207461 7
    endloop
  endfacet
  facet normal 0.7730104533627453 -0.6343932841636353 0
    outer loop
      vertex 98.71908950400669 43.52224130292548 2.6
      vertex 98.88076118445748 43.71923881554251 7
      vertex 98.71908950400669 43.52224130292548 7
    endloop
  endfacet
  facet normal 0.6343932841636353 -0.7730104533627453 0
    outer loop
      vertex 98.88076118445748 43.71923881554251 2.6
      vertex 99.07775869707451 43.880910495993305 7
      vertex 98.88076118445748 43.71923881554251 7
    endloop
  endfacet
  facet normal 0.47139673682599564 -0.881921264348356 0
    outer loop
      vertex 99.07775869707451 43.880910495993305 2.6
      vertex 99.30251153792538 44.00104339226467 7
      vertex 99.07775869707451 43.880910495993305 7
    endloop
  endfacet
  facet normal -0.9951847266721959 0.09801714032957011 0
    outer loop
      vertex 101.1 42.8 2.6
      vertex 101.07502086452419 42.54638258137903 7
      vertex 101.1 42.8 7
    endloop
  endfacet
  facet normal -0.9951847266721959 -0.09801714032957011 0
    outer loop
      vertex 101.07502086452419 43.053617418620966 2.6
      vertex 101.1 42.8 7
      vertex 101.07502086452419 43.053617418620966 7
    endloop
  endfacet
  facet normal -0.9569403357322207 -0.29028467725442336 0
    outer loop
      vertex 101.00104339226468 43.29748846207461 2.6
      vertex 101.07502086452419 43.053617418620966 7
      vertex 101.00104339226468 43.29748846207461 7
    endloop
  endfacet
  facet normal -0.8819212643483445 -0.4713967368260174 0
    outer loop
      vertex 100.8809104959933 43.52224130292548 2.6
      vertex 101.00104339226468 43.29748846207461 7
      vertex 100.8809104959933 43.52224130292548 7
    endloop
  endfacet
  facet normal 0.29028467725446677 -0.9569403357322076 0
    outer loop
      vertex 99.30251153792538 44.00104339226467 2.6
      vertex 99.54638258137904 44.0750208645242 7
      vertex 99.30251153792538 44.00104339226467 7
    endloop
  endfacet
  facet normal 0.09801714032954523 -0.9951847266721985 0
    outer loop
      vertex 99.54638258137904 44.0750208645242 2.6
      vertex 99.8 44.099999999999994 7
      vertex 99.54638258137904 44.0750208645242 7
    endloop
  endfacet
  facet normal -0.09801714032954523 -0.9951847266721985 0
    outer loop
      vertex 99.8 44.099999999999994 2.6
      vertex 100.05361741862096 44.0750208645242 7
      vertex 99.8 44.099999999999994 7
    endloop
  endfacet
  facet normal -0.29028467725446677 -0.9569403357322076 0
    outer loop
      vertex 100.05361741862096 44.0750208645242 2.6
      vertex 100.29748846207461 44.00104339226467 7
      vertex 100.05361741862096 44.0750208645242 7
    endloop
  endfacet
  facet normal -0.6343932841636353 -0.7730104533627453 0
    outer loop
      vertex 100.52224130292548 43.880910495993305 2.6
      vertex 100.71923881554251 43.71923881554251 7
      vertex 100.52224130292548 43.880910495993305 7
    endloop
  endfacet
  facet normal -0.7730104533627453 -0.6343932841636353 0
    outer loop
      vertex 100.71923881554251 43.71923881554251 2.6
      vertex 100.8809104959933 43.52224130292548 7
      vertex 100.71923881554251 43.71923881554251 7
    endloop
  endfacet
  facet normal -0.47139673682599564 -0.881921264348356 0
    outer loop
      vertex 100.29748846207461 44.00104339226467 2.6
      vertex 100.52224130292548 43.880910495993305 7
      vertex 100.29748846207461 44.00104339226467 7
    endloop
  endfacet
  facet normal 0 0 1
    outer loop
      vertex 5.0025115379253835 4.298956607735327 37.6
      vertex 5.2463825813790335 4.224979135475801 37.6
      vertex 5.2463825813790335 6.775020864524199 37.6
    endloop
  endfacet
  facet normal 0 0 1
    outer loop
      vertex 5.2463825813790335 4.224979135475801 37.6
      vertex 5.5 4.2 37.6
      vertex 5.5 6.8 37.6
    endloop
  endfacet
  facet normal 0 0 1
    outer loop
      vertex 5.5 4.2 37.6
      vertex 5.7536174186209665 4.224979135475801 37.6
      vertex 5.7536174186209665 6.775020864524199 37.6
    endloop
  endfacet
  facet normal 0 0 1
    outer loop
      vertex 5.7536174186209665 4.224979135475801 37.6
      vertex 5.9974884620746165 4.298956607735327 37.6
      vertex 5.9974884620746165 6.701043392264673 37.6
    endloop
  endfacet
  facet normal 0 0 1
    outer loop
      vertex 5.9974884620746165 4.298956607735327 37.6
      vertex 6.222241302925482 4.419089504006691 37.6
      vertex 6.222241302925482 6.580910495993309 37.6
    endloop
  endfacet
  facet normal 0 0 1
    outer loop
      vertex 4.419089504006691 4.777758697074518 37.6
      vertex 4.419089504006691 6.222241302925482 37.6
      vertex 4.298956607735327 5.0025115379253835 37.6
    endloop
  endfacet
  facet normal 0 0 1
    outer loop
      vertex 4.298956607735327 5.0025115379253835 37.6
      vertex 4.298956607735327 5.9974884620746165 37.6
      vertex 4.224979135475801 5.2463825813790335 37.6
    endloop
  endfacet
  facet normal 0 0 1
    outer loop
      vertex 4.224979135475801 5.2463825813790335 37.6
      vertex 4.224979135475801 5.7536174186209665 37.6
      vertex 4.2 5.5 37.6
    endloop
  endfacet
  facet normal 0 0 1
    outer loop
      vertex 4.580761184457488 4.580761184457488 37.6
      vertex 4.580761184457488 6.419238815542512 37.6
      vertex 4.419089504006691 4.777758697074518 37.6
    endloop
  endfacet
  facet normal 0 0 1
    outer loop
      vertex 4.580761184457488 4.580761184457488 37.6
      vertex 4.777758697074518 4.419089504006691 37.6
      vertex 4.777758697074518 6.580910495993309 37.6
    endloop
  endfacet
  facet normal 0 0 1
    outer loop
      vertex 4.224979135475801 5.2463825813790335 37.6
      vertex 4.298956607735327 5.9974884620746165 37.6
      vertex 4.224979135475801 5.7536174186209665 37.6
    endloop
  endfacet
  facet normal 0 0 1
    outer loop
      vertex 4.298956607735327 5.0025115379253835 37.6
      vertex 4.419089504006691 6.222241302925482 37.6
      vertex 4.298956607735327 5.9974884620746165 37.6
    endloop
  endfacet
  facet normal 0 0 1
    outer loop
      vertex 4.419089504006691 4.777758697074518 37.6
      vertex 4.580761184457488 6.419238815542512 37.6
      vertex 4.419089504006691 6.222241302925482 37.6
    endloop
  endfacet
  facet normal 0 0 1
    outer loop
      vertex 4.580761184457488 4.580761184457488 37.6
      vertex 4.777758697074518 6.580910495993309 37.6
      vertex 4.580761184457488 6.419238815542512 37.6
    endloop
  endfacet
  facet normal 0 0 1
    outer loop
      vertex 4.777758697074518 4.419089504006691 37.6
      vertex 5.0025115379253835 6.701043392264673 37.6
      vertex 4.777758697074518 6.580910495993309 37.6
    endloop
  endfacet
  facet normal 0 0 1
    outer loop
      vertex 5.0025115379253835 4.298956607735327 37.6
      vertex 5.0025115379253835 6.701043392264673 37.6
      vertex 4.777758697074518 4.419089504006691 37.6
    endloop
  endfacet
  facet normal 0 0 1
    outer loop
      vertex 5.0025115379253835 4.298956607735327 37.6
      vertex 5.2463825813790335 6.775020864524199 37.6
      vertex 5.0025115379253835 6.701043392264673 37.6
    endloop
  endfacet
  facet normal 0 0 1
    outer loop
      vertex 5.2463825813790335 4.224979135475801 37.6
      vertex 5.5 6.8 37.6
      vertex 5.2463825813790335 6.775020864524199 37.6
    endloop
  endfacet
  facet normal 0 0 1
    outer loop
      vertex 5.5 4.2 37.6
      vertex 5.7536174186209665 6.775020864524199 37.6
      vertex 5.5 6.8 37.6
    endloop
  endfacet
  facet normal 0 0 1
    outer loop
      vertex 5.7536174186209665 4.224979135475801 37.6
      vertex 5.9974884620746165 6.701043392264673 37.6
      vertex 5.7536174186209665 6.775020864524199 37.6
    endloop
  endfacet
  facet normal 0 0 1
    outer loop
      vertex 6.222241302925482 4.419089504006691 37.6
      vertex 6.419238815542512 4.580761184457488 37.6
      vertex 6.419238815542512 6.419238815542512 37.6
    endloop
  endfacet
  facet normal 0 0 1
    outer loop
      vertex 6.419238815542512 4.580761184457488 37.6
      vertex 6.580910495993309 4.777758697074518 37.6
      vertex 6.580910495993309 6.222241302925482 37.6
    endloop
  endfacet
  facet normal 0 0 1
    outer loop
      vertex 6.580910495993309 4.777758697074518 37.6
      vertex 6.701043392264673 5.0025115379253835 37.6
      vertex 6.701043392264673 5.9974884620746165 37.6
    endloop
  endfacet
  facet normal 0 0 1
    outer loop
      vertex 6.701043392264673 5.0025115379253835 37.6
      vertex 6.775020864524199 5.2463825813790335 37.6
      vertex 6.775020864524199 5.7536174186209665 37.6
    endloop
  endfacet
  facet normal 0 0 1
    outer loop
      vertex 6.775020864524199 5.2463825813790335 37.6
      vertex 6.8 5.5 37.6
      vertex 6.775020864524199 5.7536174186209665 37.6
    endloop
  endfacet
  facet normal 0 0 1
    outer loop
      vertex 5.9974884620746165 4.298956607735327 37.6
      vertex 6.222241302925482 6.580910495993309 37.6
      vertex 5.9974884620746165 6.701043392264673 37.6
    endloop
  endfacet
  facet normal 0 0 1
    outer loop
      vertex 6.222241302925482 4.419089504006691 37.6
      vertex 6.419238815542512 6.419238815542512 37.6
      vertex 6.222241302925482 6.580910495993309 37.6
    endloop
  endfacet
  facet normal 0 0 1
    outer loop
      vertex 6.419238815542512 4.580761184457488 37.6
      vertex 6.580910495993309 6.222241302925482 37.6
      vertex 6.419238815542512 6.419238815542512 37.6
    endloop
  endfacet
  facet normal 0 0 1
    outer loop
      vertex 6.701043392264673 5.0025115379253835 37.6
      vertex 6.775020864524199 5.7536174186209665 37.6
      vertex 6.701043392264673 5.9974884620746165 37.6
    endloop
  endfacet
  facet normal 0 0 1
    outer loop
      vertex 6.580910495993309 4.777758697074518 37.6
      vertex 6.701043392264673 5.9974884620746165 37.6
      vertex 6.580910495993309 6.222241302925482 37.6
    endloop
  endfacet
  facet normal 0.09801714032956077 0.9951847266721969 0
    outer loop
      vertex 5.2463825813790335 4.224979135475801 37.6
      vertex 5.2463825813790335 4.224979135475801 49.6
      vertex 5.5 4.2 37.6
    endloop
  endfacet
  facet normal -0.09801714032956077 0.9951847266721969 0
    outer loop
      vertex 5.5 4.2 37.6
      vertex 5.5 4.2 49.6
      vertex 5.7536174186209665 4.224979135475801 37.6
    endloop
  endfacet
  facet normal -0.2902846772544623 0.9569403357322088 0
    outer loop
      vertex 5.7536174186209665 4.224979135475801 37.6
      vertex 5.7536174186209665 4.224979135475801 49.6
      vertex 5.9974884620746165 4.298956607735327 37.6
    endloop
  endfacet
  facet normal 0.4713967368259973 0.8819212643483552 5.46480130509346e-19
    outer loop
      vertex 5.0025115379253835 4.298956607735327 37.6
      vertex 4.777758697074518 4.419089504006691 37.6
      vertex 4.777758697074518 4.419089504006691 49.6
    endloop
  endfacet
  facet normal 0.6343932841636449 0.7730104533627374 0
    outer loop
      vertex 4.580761184457488 4.580761184457488 37.6
      vertex 4.580761184457488 4.580761184457488 49.6
      vertex 4.777758697074518 4.419089504006691 37.6
    endloop
  endfacet
  facet normal 0.8819212643483552 0.4713967368259973 5.46480130509346e-19
    outer loop
      vertex 4.419089504006691 4.777758697074518 37.6
      vertex 4.298956607735327 5.0025115379253835 37.6
      vertex 4.298956607735327 5.0025115379253835 49.6
    endloop
  endfacet
  facet normal 0.7730104533627374 0.6343932841636449 -8.97305219008407e-19
    outer loop
      vertex 4.580761184457488 4.580761184457488 37.6
      vertex 4.419089504006691 4.777758697074518 37.6
      vertex 4.419089504006691 4.777758697074518 49.6
    endloop
  endfacet
  facet normal 0.2902846772544623 0.9569403357322088 0
    outer loop
      vertex 5.0025115379253835 4.298956607735327 37.6
      vertex 5.0025115379253835 4.298956607735327 49.6
      vertex 5.2463825813790335 4.224979135475801 37.6
    endloop
  endfacet
  facet normal -0.4713967368259973 0.8819212643483552 0
    outer loop
      vertex 5.9974884620746165 4.298956607735327 37.6
      vertex 5.9974884620746165 4.298956607735327 49.6
      vertex 6.222241302925482 4.419089504006691 37.6
    endloop
  endfacet
  facet normal -0.6343932841636449 0.7730104533627374 0
    outer loop
      vertex 6.222241302925482 4.419089504006691 37.6
      vertex 6.222241302925482 4.419089504006691 49.6
      vertex 6.419238815542512 4.580761184457488 37.6
    endloop
  endfacet
  facet normal -0.7730104533627374 0.6343932841636449 0
    outer loop
      vertex 6.419238815542512 4.580761184457488 37.6
      vertex 6.419238815542512 4.580761184457488 49.6
      vertex 6.580910495993309 4.777758697074518 37.6
    endloop
  endfacet
  facet normal -0.8819212643483552 0.4713967368259973 0
    outer loop
      vertex 6.580910495993309 4.777758697074518 37.6
      vertex 6.580910495993309 4.777758697074518 49.6
      vertex 6.701043392264673 5.0025115379253835 37.6
    endloop
  endfacet
  facet normal -0.9569403357322088 0.2902846772544623 0
    outer loop
      vertex 6.701043392264673 5.0025115379253835 37.6
      vertex 6.701043392264673 5.0025115379253835 49.6
      vertex 6.775020864524199 5.2463825813790335 37.6
    endloop
  endfacet
  facet normal 0.9569403357322088 0.2902846772544623 5.2695002062322036e-20
    outer loop
      vertex 4.298956607735327 5.0025115379253835 37.6
      vertex 4.224979135475801 5.2463825813790335 37.6
      vertex 4.224979135475801 5.2463825813790335 49.6
    endloop
  endfacet
  facet normal 0.9951847266721969 0.09801714032956077 9.754697929657253e-20
    outer loop
      vertex 4.224979135475801 5.2463825813790335 37.6
      vertex 4.2 5.5 37.6
      vertex 4.2 5.5 49.6
    endloop
  endfacet
  facet normal 0.9951847266721969 -0.09801714032956077 -9.754697929657253e-20
    outer loop
      vertex 4.2 5.5 37.6
      vertex 4.224979135475801 5.7536174186209665 37.6
      vertex 4.224979135475801 5.7536174186209665 49.6
    endloop
  endfacet
  facet normal 0.9569403357322088 -0.2902846772544623 -5.2695002062322036e-20
    outer loop
      vertex 4.224979135475801 5.7536174186209665 37.6
      vertex 4.298956607735327 5.9974884620746165 37.6
      vertex 4.298956607735327 5.9974884620746165 49.6
    endloop
  endfacet
  facet normal 0.8819212643483552 -0.4713967368259973 -5.46480130509346e-19
    outer loop
      vertex 4.298956607735327 5.9974884620746165 37.6
      vertex 4.419089504006691 6.222241302925482 37.6
      vertex 4.419089504006691 6.222241302925482 49.6
    endloop
  endfacet
  facet normal 0.7730104533627374 -0.6343932841636449 8.97305219008407e-19
    outer loop
      vertex 4.419089504006691 6.222241302925482 37.6
      vertex 4.580761184457488 6.419238815542512 37.6
      vertex 4.580761184457488 6.419238815542512 49.6
    endloop
  endfacet
  facet normal 0.6343932841636449 -0.7730104533627374 8.97305219008407e-19
    outer loop
      vertex 4.580761184457488 6.419238815542512 37.6
      vertex 4.777758697074518 6.580910495993309 37.6
      vertex 4.777758697074518 6.580910495993309 49.6
    endloop
  endfacet
  facet normal 0.4713967368259973 -0.8819212643483552 -5.46480130509346e-19
    outer loop
      vertex 4.777758697074518 6.580910495993309 37.6
      vertex 5.0025115379253835 6.701043392264673 37.6
      vertex 5.0025115379253835 6.701043392264673 49.6
    endloop
  endfacet
  facet normal 0.2902846772544623 -0.9569403357322088 -5.2695002062322036e-20
    outer loop
      vertex 5.0025115379253835 6.701043392264673 37.6
      vertex 5.2463825813790335 6.775020864524199 37.6
      vertex 5.2463825813790335 6.775020864524199 49.6
    endloop
  endfacet
  facet normal 0.09801714032956077 -0.9951847266721969 -9.754697929657253e-20
    outer loop
      vertex 5.2463825813790335 6.775020864524199 37.6
      vertex 5.5 6.8 37.6
      vertex 5.5 6.8 49.6
    endloop
  endfacet
  facet normal -0.09801714032956077 -0.9951847266721969 9.754697929657253e-20
    outer loop
      vertex 5.5 6.8 37.6
      vertex 5.7536174186209665 6.775020864524199 37.6
      vertex 5.7536174186209665 6.775020864524199 49.6
    endloop
  endfacet
  facet normal -0.9951847266721969 0.09801714032956077 0
    outer loop
      vertex 6.775020864524199 5.2463825813790335 37.6
      vertex 6.775020864524199 5.2463825813790335 49.6
      vertex 6.8 5.5 37.6
    endloop
  endfacet
  facet normal -0.9951847266721969 -0.09801714032956077 0
    outer loop
      vertex 6.8 5.5 37.6
      vertex 6.8 5.5 49.6
      vertex 6.775020864524199 5.7536174186209665 37.6
    endloop
  endfacet
  facet normal -0.9569403357322088 -0.2902846772544623 0
    outer loop
      vertex 6.775020864524199 5.7536174186209665 37.6
      vertex 6.775020864524199 5.7536174186209665 49.6
      vertex 6.701043392264673 5.9974884620746165 37.6
    endloop
  endfacet
  facet normal -0.8819212643483552 -0.4713967368259973 0
    outer loop
      vertex 6.701043392264673 5.9974884620746165 37.6
      vertex 6.701043392264673 5.9974884620746165 49.6
      vertex 6.580910495993309 6.222241302925482 37.6
    endloop
  endfacet
  facet normal -0.7730104533627374 -0.6343932841636449 -8.97305219008407e-19
    outer loop
      vertex 6.419238815542512 6.419238815542512 37.6
      vertex 6.580910495993309 6.222241302925482 37.6
      vertex 6.580910495993309 6.222241302925482 49.6
    endloop
  endfacet
  facet normal -0.2902846772544623 -0.9569403357322088 5.2695002062322036e-20
    outer loop
      vertex 5.7536174186209665 6.775020864524199 37.6
      vertex 5.9974884620746165 6.701043392264673 37.6
      vertex 5.9974884620746165 6.701043392264673 49.6
    endloop
  endfacet
  facet normal -0.4713967368259973 -0.8819212643483552 5.46480130509346e-19
    outer loop
      vertex 5.9974884620746165 6.701043392264673 37.6
      vertex 6.222241302925482 6.580910495993309 37.6
      vertex 6.222241302925482 6.580910495993309 49.6
    endloop
  endfacet
  facet normal -0.6343932841636449 -0.7730104533627374 -8.97305219008407e-19
    outer loop
      vertex 6.222241302925482 6.580910495993309 37.6
      vertex 6.419238815542512 6.419238815542512 37.6
      vertex 6.419238815542512 6.419238815542512 49.6
    endloop
  endfacet
  facet normal 0.2902846772544623 0.9569403357322088 0
    outer loop
      vertex 5.2463825813790335 4.224979135475801 37.6
      vertex 5.0025115379253835 4.298956607735327 49.6
      vertex 5.2463825813790335 4.224979135475801 49.6
    endloop
  endfacet
  facet normal 0.09801714032956077 0.9951847266721969 0
    outer loop
      vertex 5.5 4.2 37.6
      vertex 5.2463825813790335 4.224979135475801 49.6
      vertex 5.5 4.2 49.6
    endloop
  endfacet
  facet normal -0.09801714032956077 0.9951847266721969 0
    outer loop
      vertex 5.7536174186209665 4.224979135475801 37.6
      vertex 5.5 4.2 49.6
      vertex 5.7536174186209665 4.224979135475801 49.6
    endloop
  endfacet
  facet normal 0.6343932841636449 0.7730104533627374 0
    outer loop
      vertex 4.777758697074518 4.419089504006691 37.6
      vertex 4.580761184457488 4.580761184457488 49.6
      vertex 4.777758697074518 4.419089504006691 49.6
    endloop
  endfacet
  facet normal 0.7730104533627374 0.6343932841636449 0
    outer loop
      vertex 4.580761184457488 4.580761184457488 37.6
      vertex 4.419089504006691 4.777758697074518 49.6
      vertex 4.580761184457488 4.580761184457488 49.6
    endloop
  endfacet
  facet normal 0.8819212643483552 0.4713967368259973 0
    outer loop
      vertex 4.419089504006691 4.777758697074518 37.6
      vertex 4.298956607735327 5.0025115379253835 49.6
      vertex 4.419089504006691 4.777758697074518 49.6
    endloop
  endfacet
  facet normal 0.9569403357322088 0.2902846772544623 0
    outer loop
      vertex 4.298956607735327 5.0025115379253835 37.6
      vertex 4.224979135475801 5.2463825813790335 49.6
      vertex 4.298956607735327 5.0025115379253835 49.6
    endloop
  endfacet
  facet normal 0.4713967368259973 0.8819212643483552 0
    outer loop
      vertex 5.0025115379253835 4.298956607735327 37.6
      vertex 4.777758697074518 4.419089504006691 49.6
      vertex 5.0025115379253835 4.298956607735327 49.6
    endloop
  endfacet
  facet normal -0.2902846772544623 0.9569403357322088 0
    outer loop
      vertex 5.9974884620746165 4.298956607735327 37.6
      vertex 5.7536174186209665 4.224979135475801 49.6
      vertex 5.9974884620746165 4.298956607735327 49.6
    endloop
  endfacet
  facet normal -0.4713967368259973 0.8819212643483552 0
    outer loop
      vertex 6.222241302925482 4.419089504006691 37.6
      vertex 5.9974884620746165 4.298956607735327 49.6
      vertex 6.222241302925482 4.419089504006691 49.6
    endloop
  endfacet
  facet normal -0.6343932841636449 0.7730104533627374 0
    outer loop
      vertex 6.419238815542512 4.580761184457488 37.6
      vertex 6.222241302925482 4.419089504006691 49.6
      vertex 6.419238815542512 4.580761184457488 49.6
    endloop
  endfacet
  facet normal -0.7730104533627374 0.6343932841636449 0
    outer loop
      vertex 6.580910495993309 4.777758697074518 37.6
      vertex 6.419238815542512 4.580761184457488 49.6
      vertex 6.580910495993309 4.777758697074518 49.6
    endloop
  endfacet
  facet normal -0.8819212643483552 0.4713967368259973 0
    outer loop
      vertex 6.701043392264673 5.0025115379253835 37.6
      vertex 6.580910495993309 4.777758697074518 49.6
      vertex 6.701043392264673 5.0025115379253835 49.6
    endloop
  endfacet
  facet normal 0.9951847266721969 0.09801714032956077 0
    outer loop
      vertex 4.224979135475801 5.2463825813790335 37.6
      vertex 4.2 5.5 49.6
      vertex 4.224979135475801 5.2463825813790335 49.6
    endloop
  endfacet
  facet normal 0.9951847266721969 -0.09801714032956077 0
    outer loop
      vertex 4.2 5.5 37.6
      vertex 4.224979135475801 5.7536174186209665 49.6
      vertex 4.2 5.5 49.6
    endloop
  endfacet
  facet normal 0.9569403357322088 -0.2902846772544623 0
    outer loop
      vertex 4.224979135475801 5.7536174186209665 37.6
      vertex 4.298956607735327 5.9974884620746165 49.6
      vertex 4.224979135475801 5.7536174186209665 49.6
    endloop
  endfacet
  facet normal 0.8819212643483552 -0.4713967368259973 0
    outer loop
      vertex 4.298956607735327 5.9974884620746165 37.6
      vertex 4.419089504006691 6.222241302925482 49.6
      vertex 4.298956607735327 5.9974884620746165 49.6
    endloop
  endfacet
  facet normal 0.7730104533627374 -0.6343932841636449 0
    outer loop
      vertex 4.419089504006691 6.222241302925482 37.6
      vertex 4.580761184457488 6.419238815542512 49.6
      vertex 4.419089504006691 6.222241302925482 49.6
    endloop
  endfacet
  facet normal 0.6343932841636449 -0.7730104533627374 0
    outer loop
      vertex 4.580761184457488 6.419238815542512 37.6
      vertex 4.777758697074518 6.580910495993309 49.6
      vertex 4.580761184457488 6.419238815542512 49.6
    endloop
  endfacet
  facet normal 0.4713967368259973 -0.8819212643483552 0
    outer loop
      vertex 4.777758697074518 6.580910495993309 37.6
      vertex 5.0025115379253835 6.701043392264673 49.6
      vertex 4.777758697074518 6.580910495993309 49.6
    endloop
  endfacet
  facet normal 0.2902846772544623 -0.9569403357322088 0
    outer loop
      vertex 5.0025115379253835 6.701043392264673 37.6
      vertex 5.2463825813790335 6.775020864524199 49.6
      vertex 5.0025115379253835 6.701043392264673 49.6
    endloop
  endfacet
  facet normal 0.09801714032956077 -0.9951847266721969 0
    outer loop
      vertex 5.2463825813790335 6.775020864524199 37.6
      vertex 5.5 6.8 49.6
      vertex 5.2463825813790335 6.775020864524199 49.6
    endloop
  endfacet
  facet normal -0.09801714032956077 -0.9951847266721969 0
    outer loop
      vertex 5.5 6.8 37.6
      vertex 5.7536174186209665 6.775020864524199 49.6
      vertex 5.5 6.8 49.6
    endloop
  endfacet
  facet normal -0.2902846772544623 -0.9569403357322088 0
    outer loop
      vertex 5.7536174186209665 6.775020864524199 37.6
      vertex 5.9974884620746165 6.701043392264673 49.6
      vertex 5.7536174186209665 6.775020864524199 49.6
    endloop
  endfacet
  facet normal -0.9569403357322088 0.2902846772544623 0
    outer loop
      vertex 6.775020864524199 5.2463825813790335 37.6
      vertex 6.701043392264673 5.0025115379253835 49.6
      vertex 6.775020864524199 5.2463825813790335 49.6
    endloop
  endfacet
  facet normal -0.9951847266721969 0.09801714032956077 0
    outer loop
      vertex 6.8 5.5 37.6
      vertex 6.775020864524199 5.2463825813790335 49.6
      vertex 6.8 5.5 49.6
    endloop
  endfacet
  facet normal -0.9951847266721969 -0.09801714032956077 0
    outer loop
      vertex 6.775020864524199 5.7536174186209665 37.6
      vertex 6.8 5.5 49.6
      vertex 6.775020864524199 5.7536174186209665 49.6
    endloop
  endfacet
  facet normal -0.9569403357322088 -0.2902846772544623 0
    outer loop
      vertex 6.701043392264673 5.9974884620746165 37.6
      vertex 6.775020864524199 5.7536174186209665 49.6
      vertex 6.701043392264673 5.9974884620746165 49.6
    endloop
  endfacet
  facet normal -0.8819212643483552 -0.4713967368259973 0
    outer loop
      vertex 6.580910495993309 6.222241302925482 37.6
      vertex 6.701043392264673 5.9974884620746165 49.6
      vertex 6.580910495993309 6.222241302925482 49.6
    endloop
  endfacet
  facet normal -0.7730104533627374 -0.6343932841636449 0
    outer loop
      vertex 6.419238815542512 6.419238815542512 37.6
      vertex 6.580910495993309 6.222241302925482 49.6
      vertex 6.419238815542512 6.419238815542512 49.6
    endloop
  endfacet
  facet normal -0.6343932841636449 -0.7730104533627374 0
    outer loop
      vertex 6.222241302925482 6.580910495993309 37.6
      vertex 6.419238815542512 6.419238815542512 49.6
      vertex 6.222241302925482 6.580910495993309 49.6
    endloop
  endfacet
  facet normal -0.4713967368259973 -0.8819212643483552 0
    outer loop
      vertex 5.9974884620746165 6.701043392264673 37.6
      vertex 6.222241302925482 6.580910495993309 49.6
      vertex 5.9974884620746165 6.701043392264673 49.6
    endloop
  endfacet
  facet normal 0 0 1
    outer loop
      vertex 4.419089504006691 48.37775869707452 37.6
      vertex 4.419089504006691 49.822241302925484 37.6
      vertex 4.298956607735327 48.60251153792539 37.6
    endloop
  endfacet
  facet normal 0 0 1
    outer loop
      vertex 4.298956607735327 48.60251153792539 37.6
      vertex 4.298956607735327 49.597488462074615 37.6
      vertex 4.224979135475801 48.84638258137903 37.6
    endloop
  endfacet
  facet normal 0 0 1
    outer loop
      vertex 4.580761184457488 48.18076118445749 37.6
      vertex 4.777758697074518 48.01908950400669 37.6
      vertex 4.777758697074518 50.18091049599331 37.6
    endloop
  endfacet
  facet normal 0 0 1
    outer loop
      vertex 4.580761184457488 48.18076118445749 37.6
      vertex 4.580761184457488 50.019238815542515 37.6
      vertex 4.419089504006691 48.37775869707452 37.6
    endloop
  endfacet
  facet normal 0 0 1
    outer loop
      vertex 4.224979135475801 48.84638258137903 37.6
      vertex 4.224979135475801 49.35361741862097 37.6
      vertex 4.2 49.1 37.6
    endloop
  endfacet
  facet normal 0 0 1
    outer loop
      vertex 4.224979135475801 48.84638258137903 37.6
      vertex 4.298956607735327 49.597488462074615 37.6
      vertex 4.224979135475801 49.35361741862097 37.6
    endloop
  endfacet
  facet normal 0 0 1
    outer loop
      vertex 4.298956607735327 48.60251153792539 37.6
      vertex 4.419089504006691 49.822241302925484 37.6
      vertex 4.298956607735327 49.597488462074615 37.6
    endloop
  endfacet
  facet normal 0 0 1
    outer loop
      vertex 4.419089504006691 48.37775869707452 37.6
      vertex 4.580761184457488 50.019238815542515 37.6
      vertex 4.419089504006691 49.822241302925484 37.6
    endloop
  endfacet
  facet normal 0 0 1
    outer loop
      vertex 4.580761184457488 48.18076118445749 37.6
      vertex 4.777758697074518 50.18091049599331 37.6
      vertex 4.580761184457488 50.019238815542515 37.6
    endloop
  endfacet
  facet normal 0 0 1
    outer loop
      vertex 5.0025115379253835 47.89895660773533 37.6
      vertex 5.0025115379253835 50.301043392264674 37.6
      vertex 4.777758697074518 48.01908950400669 37.6
    endloop
  endfacet
  facet normal 0 0 1
    outer loop
      vertex 5.0025115379253835 47.89895660773533 37.6
      vertex 5.2463825813790335 47.8249791354758 37.6
      vertex 5.2463825813790335 50.3750208645242 37.6
    endloop
  endfacet
  facet normal 0 0 1
    outer loop
      vertex 5.2463825813790335 47.8249791354758 37.6
      vertex 5.5 47.800000000000004 37.6
      vertex 5.5 50.4 37.6
    endloop
  endfacet
  facet normal 0 0 1
    outer loop
      vertex 5.5 47.800000000000004 37.6
      vertex 5.7536174186209665 47.8249791354758 37.6
      vertex 5.7536174186209665 50.3750208645242 37.6
    endloop
  endfacet
  facet normal 0 0 1
    outer loop
      vertex 5.7536174186209665 47.8249791354758 37.6
      vertex 5.9974884620746165 47.89895660773533 37.6
      vertex 5.9974884620746165 50.301043392264674 37.6
    endloop
  endfacet
  facet normal 0 0 1
    outer loop
      vertex 5.9974884620746165 47.89895660773533 37.6
      vertex 6.222241302925482 48.01908950400669 37.6
      vertex 6.222241302925482 50.18091049599331 37.6
    endloop
  endfacet
  facet normal 0 0 1
    outer loop
      vertex 6.222241302925482 48.01908950400669 37.6
      vertex 6.419238815542512 48.18076118445749 37.6
      vertex 6.419238815542512 50.019238815542515 37.6
    endloop
  endfacet
  facet normal 0 0 1
    outer loop
      vertex 6.419238815542512 48.18076118445749 37.6
      vertex 6.580910495993309 48.37775869707452 37.6
      vertex 6.580910495993309 49.822241302925484 37.6
    endloop
  endfacet
  facet normal 0 0 1
    outer loop
      vertex 6.580910495993309 48.37775869707452 37.6
      vertex 6.701043392264673 48.60251153792539 37.6
      vertex 6.701043392264673 49.597488462074615 37.6
    endloop
  endfacet
  facet normal 0 0 1
    outer loop
      vertex 6.701043392264673 48.60251153792539 37.6
      vertex 6.775020864524199 48.84638258137903 37.6
      vertex 6.775020864524199 49.35361741862097 37.6
    endloop
  endfacet
  facet normal 0 0 1
    outer loop
      vertex 5.9974884620746165 47.89895660773533 37.6
      vertex 6.222241302925482 50.18091049599331 37.6
      vertex 5.9974884620746165 50.301043392264674 37.6
    endloop
  endfacet
  facet normal 0 0 1
    outer loop
      vertex 6.222241302925482 48.01908950400669 37.6
      vertex 6.419238815542512 50.019238815542515 37.6
      vertex 6.222241302925482 50.18091049599331 37.6
    endloop
  endfacet
  facet normal 0 0 1
    outer loop
      vertex 6.775020864524199 48.84638258137903 37.6
      vertex 6.8 49.1 37.6
      vertex 6.775020864524199 49.35361741862097 37.6
    endloop
  endfacet
  facet normal 0 0 1
    outer loop
      vertex 6.580910495993309 48.37775869707452 37.6
      vertex 6.701043392264673 49.597488462074615 37.6
      vertex 6.580910495993309 49.822241302925484 37.6
    endloop
  endfacet
  facet normal 0 0 1
    outer loop
      vertex 6.701043392264673 48.60251153792539 37.6
      vertex 6.775020864524199 49.35361741862097 37.6
      vertex 6.701043392264673 49.597488462074615 37.6
    endloop
  endfacet
  facet normal 0 0 1
    outer loop
      vertex 6.419238815542512 48.18076118445749 37.6
      vertex 6.580910495993309 49.822241302925484 37.6
      vertex 6.419238815542512 50.019238815542515 37.6
    endloop
  endfacet
  facet normal 0 0 1
    outer loop
      vertex 4.777758697074518 48.01908950400669 37.6
      vertex 5.0025115379253835 50.301043392264674 37.6
      vertex 4.777758697074518 50.18091049599331 37.6
    endloop
  endfacet
  facet normal 0 0 1
    outer loop
      vertex 5.0025115379253835 47.89895660773533 37.6
      vertex 5.2463825813790335 50.3750208645242 37.6
      vertex 5.0025115379253835 50.301043392264674 37.6
    endloop
  endfacet
  facet normal 0 0 1
    outer loop
      vertex 5.2463825813790335 47.8249791354758 37.6
      vertex 5.5 50.4 37.6
      vertex 5.2463825813790335 50.3750208645242 37.6
    endloop
  endfacet
  facet normal 0 0 1
    outer loop
      vertex 5.5 47.800000000000004 37.6
      vertex 5.7536174186209665 50.3750208645242 37.6
      vertex 5.5 50.4 37.6
    endloop
  endfacet
  facet normal 0 0 1
    outer loop
      vertex 5.7536174186209665 47.8249791354758 37.6
      vertex 5.9974884620746165 50.301043392264674 37.6
      vertex 5.7536174186209665 50.3750208645242 37.6
    endloop
  endfacet
  facet normal 0.47139673682600003 0.8819212643483538 -6.243572300504595e-20
    outer loop
      vertex 5.0025115379253835 47.89895660773533 37.6
      vertex 4.777758697074518 48.01908950400669 37.6
      vertex 4.777758697074518 48.01908950400669 49.6
    endloop
  endfacet
  facet normal 0.6343932841636387 0.7730104533627425 0
    outer loop
      vertex 4.580761184457488 48.18076118445749 37.6
      vertex 4.580761184457488 48.18076118445749 49.6
      vertex 4.777758697074518 48.01908950400669 37.6
    endloop
  endfacet
  facet normal 0.8819212643483575 0.4713967368259929 2.491687367731854e-19
    outer loop
      vertex 4.419089504006691 48.37775869707452 37.6
      vertex 4.298956607735327 48.60251153792539 37.6
      vertex 4.298956607735327 48.60251153792539 49.6
    endloop
  endfacet
  facet normal 0.7730104533627402 0.6343932841636415 4.914330040936232e-19
    outer loop
      vertex 4.580761184457488 48.18076118445749 37.6
      vertex 4.419089504006691 48.37775869707452 37.6
      vertex 4.419089504006691 48.37775869707452 49.6
    endloop
  endfacet
  facet normal 0.29028467725446866 0.9569403357322069 0
    outer loop
      vertex 5.0025115379253835 47.89895660773533 37.6
      vertex 5.0025115379253835 47.89895660773533 49.6
      vertex 5.2463825813790335 47.8249791354758 37.6
    endloop
  endfacet
  facet normal 0.09801714032954352 0.9951847266721986 0
    outer loop
      vertex 5.2463825813790335 47.8249791354758 37.6
      vertex 5.2463825813790335 47.8249791354758 49.6
      vertex 5.5 47.800000000000004 37.6
    endloop
  endfacet
  facet normal -0.09801714032954352 0.9951847266721986 0
    outer loop
      vertex 5.5 47.800000000000004 37.6
      vertex 5.5 47.800000000000004 49.6
      vertex 5.7536174186209665 47.8249791354758 37.6
    endloop
  endfacet
  facet normal -0.29028467725446866 0.9569403357322069 0
    outer loop
      vertex 5.7536174186209665 47.8249791354758 37.6
      vertex 5.7536174186209665 47.8249791354758 49.6
      vertex 5.9974884620746165 47.89895660773533 37.6
    endloop
  endfacet
  facet normal 0.956940335732207 0.29028467725446805 -3.6775281553719254e-19
    outer loop
      vertex 4.298956607735327 48.60251153792539 37.6
      vertex 4.224979135475801 48.84638258137903 37.6
      vertex 4.224979135475801 48.84638258137903 49.6
    endloop
  endfacet
  facet normal 0.9951847266721969 0.09801714032955976 -1.111734258764005e-19
    outer loop
      vertex 4.224979135475801 48.84638258137903 37.6
      vertex 4.2 49.1 37.6
      vertex 4.2 49.1 49.6
    endloop
  endfacet
  facet normal 0.9951847266721969 -0.09801714032955976 1.111734258764005e-19
    outer loop
      vertex 4.2 49.1 37.6
      vertex 4.224979135475801 49.35361741862097 37.6
      vertex 4.224979135475801 49.35361741862097 49.6
    endloop
  endfacet
  facet normal -0.47139673682600003 0.8819212643483538 0
    outer loop
      vertex 5.9974884620746165 47.89895660773533 37.6
      vertex 5.9974884620746165 47.89895660773533 49.6
      vertex 6.222241302925482 48.01908950400669 37.6
    endloop
  endfacet
  facet normal -0.6343932841636387 0.7730104533627425 0
    outer loop
      vertex 6.222241302925482 48.01908950400669 37.6
      vertex 6.222241302925482 48.01908950400669 49.6
      vertex 6.419238815542512 48.18076118445749 37.6
    endloop
  endfacet
  facet normal -0.7730104533627402 0.6343932841636415 0
    outer loop
      vertex 6.419238815542512 48.18076118445749 37.6
      vertex 6.419238815542512 48.18076118445749 49.6
      vertex 6.580910495993309 48.37775869707452 37.6
    endloop
  endfacet
  facet normal -0.8819212643483575 0.4713967368259929 0
    outer loop
      vertex 6.580910495993309 48.37775869707452 37.6
      vertex 6.580910495993309 48.37775869707452 49.6
      vertex 6.701043392264673 48.60251153792539 37.6
    endloop
  endfacet
  facet normal -0.956940335732207 0.29028467725446805 0
    outer loop
      vertex 6.701043392264673 48.60251153792539 37.6
      vertex 6.701043392264673 48.60251153792539 49.6
      vertex 6.775020864524199 48.84638258137903 37.6
    endloop
  endfacet
  facet normal -0.9951847266721969 0.09801714032955976 0
    outer loop
      vertex 6.775020864524199 48.84638258137903 37.6
      vertex 6.775020864524199 48.84638258137903 49.6
      vertex 6.8 49.1 37.6
    endloop
  endfacet
  facet normal -0.9951847266721969 -0.09801714032955976 0
    outer loop
      vertex 6.8 49.1 37.6
      vertex 6.8 49.1 49.6
      vertex 6.775020864524199 49.35361741862097 37.6
    endloop
  endfacet
  facet normal -0.956940335732207 -0.29028467725446805 0
    outer loop
      vertex 6.775020864524199 49.35361741862097 37.6
      vertex 6.775020864524199 49.35361741862097 49.6
      vertex 6.701043392264673 49.597488462074615 37.6
    endloop
  endfacet
  facet normal 0.956940335732207 -0.29028467725446805 3.6775281553719254e-19
    outer loop
      vertex 4.224979135475801 49.35361741862097 37.6
      vertex 4.298956607735327 49.597488462074615 37.6
      vertex 4.298956607735327 49.597488462074615 49.6
    endloop
  endfacet
  facet normal 0.8819212643483575 -0.4713967368259929 -2.491687367731854e-19
    outer loop
      vertex 4.298956607735327 49.597488462074615 37.6
      vertex 4.419089504006691 49.822241302925484 37.6
      vertex 4.419089504006691 49.822241302925484 49.6
    endloop
  endfacet
  facet normal 0.7730104533627402 -0.6343932841636415 -4.914330040936232e-19
    outer loop
      vertex 4.419089504006691 49.822241302925484 37.6
      vertex 4.580761184457488 50.019238815542515 37.6
      vertex 4.580761184457488 50.019238815542515 49.6
    endloop
  endfacet
  facet normal 0.6343932841636387 -0.7730104533627425 -5.708365914796076e-19
    outer loop
      vertex 4.580761184457488 50.019238815542515 37.6
      vertex 4.777758697074518 50.18091049599331 37.6
      vertex 4.777758697074518 50.18091049599331 49.6
    endloop
  endfacet
  facet normal 0.47139673682600003 -0.8819212643483538 6.243572300504595e-20
    outer loop
      vertex 4.777758697074518 50.18091049599331 37.6
      vertex 5.0025115379253835 50.301043392264674 37.6
      vertex 5.0025115379253835 50.301043392264674 49.6
    endloop
  endfacet
  facet normal 0.29028467725446866 -0.9569403357322069 -2.0928490353944494e-19
    outer loop
      vertex 5.0025115379253835 50.301043392264674 37.6
      vertex 5.2463825813790335 50.3750208645242 37.6
      vertex 5.2463825813790335 50.3750208645242 49.6
    endloop
  endfacet
  facet normal 0.09801714032954352 -0.9951847266721986 3.825712388085639e-20
    outer loop
      vertex 5.2463825813790335 50.3750208645242 37.6
      vertex 5.5 50.4 37.6
      vertex 5.5 50.4 49.6
    endloop
  endfacet
  facet normal -0.09801714032954352 -0.9951847266721986 0
    outer loop
      vertex 5.7536174186209665 50.3750208645242 37.6
      vertex 5.7536174186209665 50.3750208645242 49.6
      vertex 5.5 50.4 37.6
    endloop
  endfacet
  facet normal -0.8819212643483575 -0.4713967368259929 0
    outer loop
      vertex 6.701043392264673 49.597488462074615 37.6
      vertex 6.701043392264673 49.597488462074615 49.6
      vertex 6.580910495993309 49.822241302925484 37.6
    endloop
  endfacet
  facet normal -0.7730104533627402 -0.6343932841636415 0
    outer loop
      vertex 6.580910495993309 49.822241302925484 37.6
      vertex 6.580910495993309 49.822241302925484 49.6
      vertex 6.419238815542512 50.019238815542515 37.6
    endloop
  endfacet
  facet normal -0.29028467725446866 -0.9569403357322069 2.0928490353944494e-19
    outer loop
      vertex 5.7536174186209665 50.3750208645242 37.6
      vertex 5.9974884620746165 50.301043392264674 37.6
      vertex 5.9974884620746165 50.301043392264674 49.6
    endloop
  endfacet
  facet normal -0.47139673682600003 -0.8819212643483538 -6.243572300504595e-20
    outer loop
      vertex 5.9974884620746165 50.301043392264674 37.6
      vertex 6.222241302925482 50.18091049599331 37.6
      vertex 6.222241302925482 50.18091049599331 49.6
    endloop
  endfacet
  facet normal -0.6343932841636387 -0.7730104533627425 0
    outer loop
      vertex 6.419238815542512 50.019238815542515 37.6
      vertex 6.419238815542512 50.019238815542515 49.6
      vertex 6.222241302925482 50.18091049599331 37.6
    endloop
  endfacet
  facet normal 0.6343932841636387 0.7730104533627425 0
    outer loop
      vertex 4.777758697074518 48.01908950400669 37.6
      vertex 4.580761184457488 48.18076118445749 49.6
      vertex 4.777758697074518 48.01908950400669 49.6
    endloop
  endfacet
  facet normal 0.8819212643483575 0.4713967368259929 0
    outer loop
      vertex 4.419089504006691 48.37775869707452 37.6
      vertex 4.298956607735327 48.60251153792539 49.6
      vertex 4.419089504006691 48.37775869707452 49.6
    endloop
  endfacet
  facet normal 0.7730104533627402 0.6343932841636415 0
    outer loop
      vertex 4.580761184457488 48.18076118445749 37.6
      vertex 4.419089504006691 48.37775869707452 49.6
      vertex 4.580761184457488 48.18076118445749 49.6
    endloop
  endfacet
  facet normal 0.47139673682600003 0.8819212643483538 0
    outer loop
      vertex 5.0025115379253835 47.89895660773533 37.6
      vertex 4.777758697074518 48.01908950400669 49.6
      vertex 5.0025115379253835 47.89895660773533 49.6
    endloop
  endfacet
  facet normal 0.29028467725446866 0.9569403357322069 0
    outer loop
      vertex 5.2463825813790335 47.8249791354758 37.6
      vertex 5.0025115379253835 47.89895660773533 49.6
      vertex 5.2463825813790335 47.8249791354758 49.6
    endloop
  endfacet
  facet normal 0.09801714032954352 0.9951847266721986 0
    outer loop
      vertex 5.5 47.800000000000004 37.6
      vertex 5.2463825813790335 47.8249791354758 49.6
      vertex 5.5 47.800000000000004 49.6
    endloop
  endfacet
  facet normal -0.09801714032954352 0.9951847266721986 0
    outer loop
      vertex 5.7536174186209665 47.8249791354758 37.6
      vertex 5.5 47.800000000000004 49.6
      vertex 5.7536174186209665 47.8249791354758 49.6
    endloop
  endfacet
  facet normal 0.956940335732207 0.29028467725446805 0
    outer loop
      vertex 4.298956607735327 48.60251153792539 37.6
      vertex 4.224979135475801 48.84638258137903 49.6
      vertex 4.298956607735327 48.60251153792539 49.6
    endloop
  endfacet
  facet normal 0.9951847266721969 0.09801714032955976 0
    outer loop
      vertex 4.224979135475801 48.84638258137903 37.6
      vertex 4.2 49.1 49.6
      vertex 4.224979135475801 48.84638258137903 49.6
    endloop
  endfacet
  facet normal 0.9951847266721969 -0.09801714032955976 0
    outer loop
      vertex 4.2 49.1 37.6
      vertex 4.224979135475801 49.35361741862097 49.6
      vertex 4.2 49.1 49.6
    endloop
  endfacet
  facet normal 0.956940335732207 -0.29028467725446805 0
    outer loop
      vertex 4.224979135475801 49.35361741862097 37.6
      vertex 4.298956607735327 49.597488462074615 49.6
      vertex 4.224979135475801 49.35361741862097 49.6
    endloop
  endfacet
  facet normal -0.29028467725446866 0.9569403357322069 0
    outer loop
      vertex 5.9974884620746165 47.89895660773533 37.6
      vertex 5.7536174186209665 47.8249791354758 49.6
      vertex 5.9974884620746165 47.89895660773533 49.6
    endloop
  endfacet
  facet normal -0.47139673682600003 0.8819212643483538 0
    outer loop
      vertex 6.222241302925482 48.01908950400669 37.6
      vertex 5.9974884620746165 47.89895660773533 49.6
      vertex 6.222241302925482 48.01908950400669 49.6
    endloop
  endfacet
  facet normal -0.6343932841636387 0.7730104533627425 0
    outer loop
      vertex 6.419238815542512 48.18076118445749 37.6
      vertex 6.222241302925482 48.01908950400669 49.6
      vertex 6.419238815542512 48.18076118445749 49.6
    endloop
  endfacet
  facet normal -0.7730104533627402 0.6343932841636415 0
    outer loop
      vertex 6.580910495993309 48.37775869707452 37.6
      vertex 6.419238815542512 48.18076118445749 49.6
      vertex 6.580910495993309 48.37775869707452 49.6
    endloop
  endfacet
  facet normal -0.8819212643483575 0.4713967368259929 0
    outer loop
      vertex 6.701043392264673 48.60251153792539 37.6
      vertex 6.580910495993309 48.37775869707452 49.6
      vertex 6.701043392264673 48.60251153792539 49.6
    endloop
  endfacet
  facet normal -0.956940335732207 0.29028467725446805 0
    outer loop
      vertex 6.775020864524199 48.84638258137903 37.6
      vertex 6.701043392264673 48.60251153792539 49.6
      vertex 6.775020864524199 48.84638258137903 49.6
    endloop
  endfacet
  facet normal -0.9951847266721969 0.09801714032955976 0
    outer loop
      vertex 6.8 49.1 37.6
      vertex 6.775020864524199 48.84638258137903 49.6
      vertex 6.8 49.1 49.6
    endloop
  endfacet
  facet normal -0.9951847266721969 -0.09801714032955976 0
    outer loop
      vertex 6.775020864524199 49.35361741862097 37.6
      vertex 6.8 49.1 49.6
      vertex 6.775020864524199 49.35361741862097 49.6
    endloop
  endfacet
  facet normal 0.8819212643483575 -0.4713967368259929 0
    outer loop
      vertex 4.298956607735327 49.597488462074615 37.6
      vertex 4.419089504006691 49.822241302925484 49.6
      vertex 4.298956607735327 49.597488462074615 49.6
    endloop
  endfacet
  facet normal 0.7730104533627402 -0.6343932841636415 0
    outer loop
      vertex 4.419089504006691 49.822241302925484 37.6
      vertex 4.580761184457488 50.019238815542515 49.6
      vertex 4.419089504006691 49.822241302925484 49.6
    endloop
  endfacet
  facet normal 0.6343932841636387 -0.7730104533627425 0
    outer loop
      vertex 4.580761184457488 50.019238815542515 37.6
      vertex 4.777758697074518 50.18091049599331 49.6
      vertex 4.580761184457488 50.019238815542515 49.6
    endloop
  endfacet
  facet normal 0.47139673682600003 -0.8819212643483538 0
    outer loop
      vertex 4.777758697074518 50.18091049599331 37.6
      vertex 5.0025115379253835 50.301043392264674 49.6
      vertex 4.777758697074518 50.18091049599331 49.6
    endloop
  endfacet
  facet normal 0.29028467725446866 -0.9569403357322069 0
    outer loop
      vertex 5.0025115379253835 50.301043392264674 37.6
      vertex 5.2463825813790335 50.3750208645242 49.6
      vertex 5.0025115379253835 50.301043392264674 49.6
    endloop
  endfacet
  facet normal 0.09801714032954352 -0.9951847266721986 0
    outer loop
      vertex 5.2463825813790335 50.3750208645242 37.6
      vertex 5.5 50.4 49.6
      vertex 5.2463825813790335 50.3750208645242 49.6
    endloop
  endfacet
  facet normal -0.09801714032954352 -0.9951847266721986 0
    outer loop
      vertex 5.5 50.4 37.6
      vertex 5.7536174186209665 50.3750208645242 49.6
      vertex 5.5 50.4 49.6
    endloop
  endfacet
  facet normal -0.29028467725446866 -0.9569403357322069 0
    outer loop
      vertex 5.7536174186209665 50.3750208645242 37.6
      vertex 5.9974884620746165 50.301043392264674 49.6
      vertex 5.7536174186209665 50.3750208645242 49.6
    endloop
  endfacet
  facet normal -0.956940335732207 -0.29028467725446805 0
    outer loop
      vertex 6.701043392264673 49.597488462074615 37.6
      vertex 6.775020864524199 49.35361741862097 49.6
      vertex 6.701043392264673 49.597488462074615 49.6
    endloop
  endfacet
  facet normal -0.8819212643483575 -0.4713967368259929 0
    outer loop
      vertex 6.580910495993309 49.822241302925484 37.6
      vertex 6.701043392264673 49.597488462074615 49.6
      vertex 6.580910495993309 49.822241302925484 49.6
    endloop
  endfacet
  facet normal -0.47139673682600003 -0.8819212643483538 0
    outer loop
      vertex 5.9974884620746165 50.301043392264674 37.6
      vertex 6.222241302925482 50.18091049599331 49.6
      vertex 5.9974884620746165 50.301043392264674 49.6
    endloop
  endfacet
  facet normal -0.6343932841636387 -0.7730104533627425 0
    outer loop
      vertex 6.222241302925482 50.18091049599331 37.6
      vertex 6.419238815542512 50.019238815542515 49.6
      vertex 6.222241302925482 50.18091049599331 49.6
    endloop
  endfacet
  facet normal -0.7730104533627402 -0.6343932841636415 0
    outer loop
      vertex 6.419238815542512 50.019238815542515 37.6
      vertex 6.580910495993309 49.822241302925484 49.6
      vertex 6.419238815542512 50.019238815542515 49.6
    endloop
  endfacet
  facet normal 0 0 1
    outer loop
      vertex 118.60251153792538 4.298956607735327 37.6
      vertex 118.84638258137903 4.224979135475801 37.6
      vertex 118.84638258137903 6.775020864524199 37.6
    endloop
  endfacet
  facet normal 0 0 1
    outer loop
      vertex 118.84638258137903 4.224979135475801 37.6
      vertex 119.1 4.2 37.6
      vertex 119.1 6.8 37.6
    endloop
  endfacet
  facet normal 0 0 1
    outer loop
      vertex 119.1 4.2 37.6
      vertex 119.35361741862096 4.224979135475801 37.6
      vertex 119.35361741862096 6.775020864524199 37.6
    endloop
  endfacet
  facet normal 0 0 1
    outer loop
      vertex 119.35361741862096 4.224979135475801 37.6
      vertex 119.59748846207461 4.298956607735327 37.6
      vertex 119.59748846207461 6.701043392264673 37.6
    endloop
  endfacet
  facet normal 0 0 1
    outer loop
      vertex 119.59748846207461 4.298956607735327 37.6
      vertex 119.82224130292548 4.419089504006691 37.6
      vertex 119.82224130292548 6.580910495993309 37.6
    endloop
  endfacet
  facet normal 0 0 1
    outer loop
      vertex 118.18076118445748 4.580761184457488 37.6
      vertex 118.18076118445748 6.419238815542512 37.6
      vertex 118.01908950400669 4.777758697074518 37.6
    endloop
  endfacet
  facet normal 0 0 1
    outer loop
      vertex 117.89895660773531 5.0025115379253835 37.6
      vertex 117.89895660773531 5.9974884620746165 37.6
      vertex 117.8249791354758 5.2463825813790335 37.6
    endloop
  endfacet
  facet normal 0 0 1
    outer loop
      vertex 117.89895660773531 5.0025115379253835 37.6
      vertex 118.01908950400669 4.777758697074518 37.6
      vertex 118.01908950400669 6.222241302925482 37.6
    endloop
  endfacet
  facet normal 0 0 1
    outer loop
      vertex 117.8249791354758 5.2463825813790335 37.6
      vertex 117.8249791354758 5.7536174186209665 37.6
      vertex 117.8 5.5 37.6
    endloop
  endfacet
  facet normal 0 0 1
    outer loop
      vertex 118.18076118445748 4.580761184457488 37.6
      vertex 118.37775869707451 4.419089504006691 37.6
      vertex 118.37775869707451 6.580910495993309 37.6
    endloop
  endfacet
  facet normal 0 0 1
    outer loop
      vertex 118.37775869707451 4.419089504006691 37.6
      vertex 118.60251153792538 4.298956607735327 37.6
      vertex 118.60251153792538 6.701043392264673 37.6
    endloop
  endfacet
  facet normal 0 0 1
    outer loop
      vertex 117.8249791354758 5.2463825813790335 37.6
      vertex 117.89895660773531 5.9974884620746165 37.6
      vertex 117.8249791354758 5.7536174186209665 37.6
    endloop
  endfacet
  facet normal 0 0 1
    outer loop
      vertex 117.89895660773531 5.0025115379253835 37.6
      vertex 118.01908950400669 6.222241302925482 37.6
      vertex 117.89895660773531 5.9974884620746165 37.6
    endloop
  endfacet
  facet normal 0 0 1
    outer loop
      vertex 118.01908950400669 4.777758697074518 37.6
      vertex 118.18076118445748 6.419238815542512 37.6
      vertex 118.01908950400669 6.222241302925482 37.6
    endloop
  endfacet
  facet normal 0 0 1
    outer loop
      vertex 118.18076118445748 4.580761184457488 37.6
      vertex 118.37775869707451 6.580910495993309 37.6
      vertex 118.18076118445748 6.419238815542512 37.6
    endloop
  endfacet
  facet normal 0 0 1
    outer loop
      vertex 118.37775869707451 4.419089504006691 37.6
      vertex 118.60251153792538 6.701043392264673 37.6
      vertex 118.37775869707451 6.580910495993309 37.6
    endloop
  endfacet
  facet normal 0 0 1
    outer loop
      vertex 118.60251153792538 4.298956607735327 37.6
      vertex 118.84638258137903 6.775020864524199 37.6
      vertex 118.60251153792538 6.701043392264673 37.6
    endloop
  endfacet
  facet normal 0 0 1
    outer loop
      vertex 118.84638258137903 4.224979135475801 37.6
      vertex 119.1 6.8 37.6
      vertex 118.84638258137903 6.775020864524199 37.6
    endloop
  endfacet
  facet normal 0 0 1
    outer loop
      vertex 119.1 4.2 37.6
      vertex 119.35361741862096 6.775020864524199 37.6
      vertex 119.1 6.8 37.6
    endloop
  endfacet
  facet normal 0 0 1
    outer loop
      vertex 119.35361741862096 4.224979135475801 37.6
      vertex 119.59748846207461 6.701043392264673 37.6
      vertex 119.35361741862096 6.775020864524199 37.6
    endloop
  endfacet
  facet normal 0 0 1
    outer loop
      vertex 119.59748846207461 4.298956607735327 37.6
      vertex 119.82224130292548 6.580910495993309 37.6
      vertex 119.59748846207461 6.701043392264673 37.6
    endloop
  endfacet
  facet normal 0 0 1
    outer loop
      vertex 119.82224130292548 4.419089504006691 37.6
      vertex 120.01923881554251 4.580761184457488 37.6
      vertex 120.01923881554251 6.419238815542512 37.6
    endloop
  endfacet
  facet normal 0 0 1
    outer loop
      vertex 120.01923881554251 4.580761184457488 37.6
      vertex 120.1809104959933 4.777758697074518 37.6
      vertex 120.1809104959933 6.222241302925482 37.6
    endloop
  endfacet
  facet normal 0 0 1
    outer loop
      vertex 120.1809104959933 4.777758697074518 37.6
      vertex 120.30104339226467 5.0025115379253835 37.6
      vertex 120.30104339226467 5.9974884620746165 37.6
    endloop
  endfacet
  facet normal 0 0 1
    outer loop
      vertex 120.30104339226467 5.0025115379253835 37.6
      vertex 120.37502086452419 5.2463825813790335 37.6
      vertex 120.37502086452419 5.7536174186209665 37.6
    endloop
  endfacet
  facet normal 0 0 1
    outer loop
      vertex 120.37502086452419 5.2463825813790335 37.6
      vertex 120.39999999999999 5.5 37.6
      vertex 120.37502086452419 5.7536174186209665 37.6
    endloop
  endfacet
  facet normal 0 0 1
    outer loop
      vertex 120.01923881554251 4.580761184457488 37.6
      vertex 120.1809104959933 6.222241302925482 37.6
      vertex 120.01923881554251 6.419238815542512 37.6
    endloop
  endfacet
  facet normal 0 0 1
    outer loop
      vertex 119.82224130292548 4.419089504006691 37.6
      vertex 120.01923881554251 6.419238815542512 37.6
      vertex 119.82224130292548 6.580910495993309 37.6
    endloop
  endfacet
  facet normal 0 0 1
    outer loop
      vertex 120.30104339226467 5.0025115379253835 37.6
      vertex 120.37502086452419 5.7536174186209665 37.6
      vertex 120.30104339226467 5.9974884620746165 37.6
    endloop
  endfacet
  facet normal 0 0 1
    outer loop
      vertex 120.1809104959933 4.777758697074518 37.6
      vertex 120.30104339226467 5.9974884620746165 37.6
      vertex 120.1809104959933 6.222241302925482 37.6
    endloop
  endfacet
  facet normal 0.6343932841636415 0.7730104533627402 0
    outer loop
      vertex 118.18076118445748 4.580761184457488 37.6
      vertex 118.18076118445748 4.580761184457488 49.6
      vertex 118.37775869707451 4.419089504006691 37.6
    endloop
  endfacet
  facet normal 0.4713967368259929 0.8819212643483575 0
    outer loop
      vertex 118.37775869707451 4.419089504006691 37.6
      vertex 118.37775869707451 4.419089504006691 49.6
      vertex 118.60251153792538 4.298956607735327 37.6
    endloop
  endfacet
  facet normal 0.29028467725446033 0.9569403357322094 0
    outer loop
      vertex 118.60251153792538 4.298956607735327 37.6
      vertex 118.60251153792538 4.298956607735327 49.6
      vertex 118.84638258137903 4.224979135475801 37.6
    endloop
  endfacet
  facet normal 0.7730104533627425 0.6343932841636387 5.708365914796076e-19
    outer loop
      vertex 118.18076118445748 4.580761184457488 37.6
      vertex 118.01908950400669 4.777758697074518 37.6
      vertex 118.01908950400669 4.777758697074518 49.6
    endloop
  endfacet
  facet normal 0.8819212643483422 0.4713967368260217 0
    outer loop
      vertex 117.89895660773531 5.0025115379253835 37.6
      vertex 117.89895660773531 5.0025115379253835 49.6
      vertex 118.01908950400669 4.777758697074518 37.6
    endloop
  endfacet
  facet normal 0.09801714032956249 0.9951847266721968 0
    outer loop
      vertex 118.84638258137903 4.224979135475801 37.6
      vertex 118.84638258137903 4.224979135475801 49.6
      vertex 119.1 4.2 37.6
    endloop
  endfacet
  facet normal -0.09801714032956249 0.9951847266721968 0
    outer loop
      vertex 119.1 4.2 37.6
      vertex 119.1 4.2 49.6
      vertex 119.35361741862096 4.224979135475801 37.6
    endloop
  endfacet
  facet normal -0.29028467725446033 0.9569403357322094 0
    outer loop
      vertex 119.35361741862096 4.224979135475801 37.6
      vertex 119.35361741862096 4.224979135475801 49.6
      vertex 119.59748846207461 4.298956607735327 37.6
    endloop
  endfacet
  facet normal -0.4713967368259929 0.8819212643483575 0
    outer loop
      vertex 119.59748846207461 4.298956607735327 37.6
      vertex 119.59748846207461 4.298956607735327 49.6
      vertex 119.82224130292548 4.419089504006691 37.6
    endloop
  endfacet
  facet normal -0.6343932841636415 0.7730104533627402 0
    outer loop
      vertex 119.82224130292548 4.419089504006691 37.6
      vertex 119.82224130292548 4.419089504006691 49.6
      vertex 120.01923881554251 4.580761184457488 37.6
    endloop
  endfacet
  facet normal -0.7730104533627425 0.6343932841636387 0
    outer loop
      vertex 120.01923881554251 4.580761184457488 37.6
      vertex 120.01923881554251 4.580761184457488 49.6
      vertex 120.1809104959933 4.777758697074518 37.6
    endloop
  endfacet
  facet normal -0.8819212643483422 0.4713967368260217 0
    outer loop
      vertex 120.1809104959933 4.777758697074518 37.6
      vertex 120.1809104959933 4.777758697074518 49.6
      vertex 120.30104339226467 5.0025115379253835 37.6
    endloop
  endfacet
  facet normal -0.9569403357322225 0.2902846772544176 0
    outer loop
      vertex 120.30104339226467 5.0025115379253835 37.6
      vertex 120.30104339226467 5.0025115379253835 49.6
      vertex 120.37502086452419 5.2463825813790335 37.6
    endloop
  endfacet
  facet normal 0.9569403357322225 0.2902846772544176 9.106341778486446e-20
    outer loop
      vertex 117.89895660773531 5.0025115379253835 37.6
      vertex 117.8249791354758 5.2463825813790335 37.6
      vertex 117.8249791354758 5.2463825813790335 49.6
    endloop
  endfacet
  facet normal 0.9951847266721958 0.09801714032957114 6.557966859678924e-20
    outer loop
      vertex 117.8249791354758 5.2463825813790335 37.6
      vertex 117.8 5.5 37.6
      vertex 117.8 5.5 49.6
    endloop
  endfacet
  facet normal 0.9951847266721958 -0.09801714032957114 -6.557966859678924e-20
    outer loop
      vertex 117.8 5.5 37.6
      vertex 117.8249791354758 5.7536174186209665 37.6
      vertex 117.8249791354758 5.7536174186209665 49.6
    endloop
  endfacet
  facet normal 0.9569403357322225 -0.2902846772544176 -9.106341778486446e-20
    outer loop
      vertex 117.8249791354758 5.7536174186209665 37.6
      vertex 117.89895660773531 5.9974884620746165 37.6
      vertex 117.89895660773531 5.9974884620746165 49.6
    endloop
  endfacet
  facet normal 0.8819212643483422 -0.4713967368260217 3.957716468705524e-19
    outer loop
      vertex 117.89895660773531 5.9974884620746165 37.6
      vertex 118.01908950400669 6.222241302925482 37.6
      vertex 118.01908950400669 6.222241302925482 49.6
    endloop
  endfacet
  facet normal 0.7730104533627425 -0.6343932841636387 -5.708365914796076e-19
    outer loop
      vertex 118.01908950400669 6.222241302925482 37.6
      vertex 118.18076118445748 6.419238815542512 37.6
      vertex 118.18076118445748 6.419238815542512 49.6
    endloop
  endfacet
  facet normal 0.6343932841636415 -0.7730104533627402 -4.914330040936232e-19
    outer loop
      vertex 118.18076118445748 6.419238815542512 37.6
      vertex 118.37775869707451 6.580910495993309 37.6
      vertex 118.37775869707451 6.580910495993309 49.6
    endloop
  endfacet
  facet normal 0.4713967368259929 -0.8819212643483575 -2.491687367731854e-19
    outer loop
      vertex 118.37775869707451 6.580910495993309 37.6
      vertex 118.60251153792538 6.701043392264673 37.6
      vertex 118.60251153792538 6.701043392264673 49.6
    endloop
  endfacet
  facet normal -0.9951847266721958 0.09801714032957114 0
    outer loop
      vertex 120.37502086452419 5.2463825813790335 37.6
      vertex 120.37502086452419 5.2463825813790335 49.6
      vertex 120.39999999999999 5.5 37.6
    endloop
  endfacet
  facet normal -0.9951847266721958 -0.09801714032957114 6.557966859678924e-20
    outer loop
      vertex 120.37502086452419 5.7536174186209665 37.6
      vertex 120.39999999999999 5.5 37.6
      vertex 120.39999999999999 5.5 49.6
    endloop
  endfacet
  facet normal -0.9569403357322225 -0.2902846772544176 0
    outer loop
      vertex 120.37502086452419 5.7536174186209665 37.6
      vertex 120.37502086452419 5.7536174186209665 49.6
      vertex 120.30104339226467 5.9974884620746165 37.6
    endloop
  endfacet
  facet normal 0.29028467725446033 -0.9569403357322094 -1.9284427459548983e-19
    outer loop
      vertex 118.60251153792538 6.701043392264673 37.6
      vertex 118.84638258137903 6.775020864524199 37.6
      vertex 118.84638258137903 6.775020864524199 49.6
    endloop
  endfacet
  facet normal 0.09801714032956249 -0.9951847266721968 -6.724841256406226e-20
    outer loop
      vertex 118.84638258137903 6.775020864524199 37.6
      vertex 119.1 6.8 37.6
      vertex 119.1 6.8 49.6
    endloop
  endfacet
  facet normal -0.09801714032956249 -0.9951847266721968 6.724841256406226e-20
    outer loop
      vertex 119.1 6.8 37.6
      vertex 119.35361741862096 6.775020864524199 37.6
      vertex 119.35361741862096 6.775020864524199 49.6
    endloop
  endfacet
  facet normal -0.29028467725446033 -0.9569403357322094 1.9284427459548983e-19
    outer loop
      vertex 119.35361741862096 6.775020864524199 37.6
      vertex 119.59748846207461 6.701043392264673 37.6
      vertex 119.59748846207461 6.701043392264673 49.6
    endloop
  endfacet
  facet normal -0.7730104533627425 -0.6343932841636387 0
    outer loop
      vertex 120.1809104959933 6.222241302925482 37.6
      vertex 120.1809104959933 6.222241302925482 49.6
      vertex 120.01923881554251 6.419238815542512 37.6
    endloop
  endfacet
  facet normal -0.8819212643483422 -0.4713967368260217 0
    outer loop
      vertex 120.30104339226467 5.9974884620746165 37.6
      vertex 120.30104339226467 5.9974884620746165 49.6
      vertex 120.1809104959933 6.222241302925482 37.6
    endloop
  endfacet
  facet normal -0.6343932841636415 -0.7730104533627402 4.914330040936232e-19
    outer loop
      vertex 119.82224130292548 6.580910495993309 37.6
      vertex 120.01923881554251 6.419238815542512 37.6
      vertex 120.01923881554251 6.419238815542512 49.6
    endloop
  endfacet
  facet normal -0.4713967368259929 -0.8819212643483575 0
    outer loop
      vertex 119.82224130292548 6.580910495993309 37.6
      vertex 119.82224130292548 6.580910495993309 49.6
      vertex 119.59748846207461 6.701043392264673 37.6
    endloop
  endfacet
  facet normal 0.7730104533627425 0.6343932841636387 0
    outer loop
      vertex 118.18076118445748 4.580761184457488 37.6
      vertex 118.01908950400669 4.777758697074518 49.6
      vertex 118.18076118445748 4.580761184457488 49.6
    endloop
  endfacet
  facet normal 0.6343932841636415 0.7730104533627402 0
    outer loop
      vertex 118.37775869707451 4.419089504006691 37.6
      vertex 118.18076118445748 4.580761184457488 49.6
      vertex 118.37775869707451 4.419089504006691 49.6
    endloop
  endfacet
  facet normal 0.4713967368259929 0.8819212643483575 0
    outer loop
      vertex 118.60251153792538 4.298956607735327 37.6
      vertex 118.37775869707451 4.419089504006691 49.6
      vertex 118.60251153792538 4.298956607735327 49.6
    endloop
  endfacet
  facet normal 0.8819212643483422 0.4713967368260217 0
    outer loop
      vertex 118.01908950400669 4.777758697074518 37.6
      vertex 117.89895660773531 5.0025115379253835 49.6
      vertex 118.01908950400669 4.777758697074518 49.6
    endloop
  endfacet
  facet normal 0.9569403357322225 0.2902846772544176 0
    outer loop
      vertex 117.89895660773531 5.0025115379253835 37.6
      vertex 117.8249791354758 5.2463825813790335 49.6
      vertex 117.89895660773531 5.0025115379253835 49.6
    endloop
  endfacet
  facet normal 0.29028467725446033 0.9569403357322094 0
    outer loop
      vertex 118.84638258137903 4.224979135475801 37.6
      vertex 118.60251153792538 4.298956607735327 49.6
      vertex 118.84638258137903 4.224979135475801 49.6
    endloop
  endfacet
  facet normal 0.09801714032956249 0.9951847266721968 0
    outer loop
      vertex 119.1 4.2 37.6
      vertex 118.84638258137903 4.224979135475801 49.6
      vertex 119.1 4.2 49.6
    endloop
  endfacet
  facet normal -0.09801714032956249 0.9951847266721968 0
    outer loop
      vertex 119.35361741862096 4.224979135475801 37.6
      vertex 119.1 4.2 49.6
      vertex 119.35361741862096 4.224979135475801 49.6
    endloop
  endfacet
  facet normal -0.29028467725446033 0.9569403357322094 0
    outer loop
      vertex 119.59748846207461 4.298956607735327 37.6
      vertex 119.35361741862096 4.224979135475801 49.6
      vertex 119.59748846207461 4.298956607735327 49.6
    endloop
  endfacet
  facet normal -0.4713967368259929 0.8819212643483575 0
    outer loop
      vertex 119.82224130292548 4.419089504006691 37.6
      vertex 119.59748846207461 4.298956607735327 49.6
      vertex 119.82224130292548 4.419089504006691 49.6
    endloop
  endfacet
  facet normal -0.6343932841636415 0.7730104533627402 0
    outer loop
      vertex 120.01923881554251 4.580761184457488 37.6
      vertex 119.82224130292548 4.419089504006691 49.6
      vertex 120.01923881554251 4.580761184457488 49.6
    endloop
  endfacet
  facet normal -0.7730104533627425 0.6343932841636387 0
    outer loop
      vertex 120.1809104959933 4.777758697074518 37.6
      vertex 120.01923881554251 4.580761184457488 49.6
      vertex 120.1809104959933 4.777758697074518 49.6
    endloop
  endfacet
  facet normal -0.8819212643483422 0.4713967368260217 0
    outer loop
      vertex 120.30104339226467 5.0025115379253835 37.6
      vertex 120.1809104959933 4.777758697074518 49.6
      vertex 120.30104339226467 5.0025115379253835 49.6
    endloop
  endfacet
  facet normal 0.9951847266721958 0.09801714032957114 0
    outer loop
      vertex 117.8249791354758 5.2463825813790335 37.6
      vertex 117.8 5.5 49.6
      vertex 117.8249791354758 5.2463825813790335 49.6
    endloop
  endfacet
  facet normal 0.9951847266721958 -0.09801714032957114 0
    outer loop
      vertex 117.8 5.5 37.6
      vertex 117.8249791354758 5.7536174186209665 49.6
      vertex 117.8 5.5 49.6
    endloop
  endfacet
  facet normal 0.9569403357322225 -0.2902846772544176 0
    outer loop
      vertex 117.8249791354758 5.7536174186209665 37.6
      vertex 117.89895660773531 5.9974884620746165 49.6
      vertex 117.8249791354758 5.7536174186209665 49.6
    endloop
  endfacet
  facet normal 0.8819212643483422 -0.4713967368260217 0
    outer loop
      vertex 117.89895660773531 5.9974884620746165 37.6
      vertex 118.01908950400669 6.222241302925482 49.6
      vertex 117.89895660773531 5.9974884620746165 49.6
    endloop
  endfacet
  facet normal 0.7730104533627425 -0.6343932841636387 0
    outer loop
      vertex 118.01908950400669 6.222241302925482 37.6
      vertex 118.18076118445748 6.419238815542512 49.6
      vertex 118.01908950400669 6.222241302925482 49.6
    endloop
  endfacet
  facet normal 0.6343932841636415 -0.7730104533627402 0
    outer loop
      vertex 118.18076118445748 6.419238815542512 37.6
      vertex 118.37775869707451 6.580910495993309 49.6
      vertex 118.18076118445748 6.419238815542512 49.6
    endloop
  endfacet
  facet normal 0.4713967368259929 -0.8819212643483575 0
    outer loop
      vertex 118.37775869707451 6.580910495993309 37.6
      vertex 118.60251153792538 6.701043392264673 49.6
      vertex 118.37775869707451 6.580910495993309 49.6
    endloop
  endfacet
  facet normal 0.29028467725446033 -0.9569403357322094 0
    outer loop
      vertex 118.60251153792538 6.701043392264673 37.6
      vertex 118.84638258137903 6.775020864524199 49.6
      vertex 118.60251153792538 6.701043392264673 49.6
    endloop
  endfacet
  facet normal -0.9569403357322225 0.2902846772544176 0
    outer loop
      vertex 120.37502086452419 5.2463825813790335 37.6
      vertex 120.30104339226467 5.0025115379253835 49.6
      vertex 120.37502086452419 5.2463825813790335 49.6
    endloop
  endfacet
  facet normal -0.9951847266721958 0.09801714032957114 0
    outer loop
      vertex 120.39999999999999 5.5 37.6
      vertex 120.37502086452419 5.2463825813790335 49.6
      vertex 120.39999999999999 5.5 49.6
    endloop
  endfacet
  facet normal -0.9951847266721958 -0.09801714032957114 0
    outer loop
      vertex 120.37502086452419 5.7536174186209665 37.6
      vertex 120.39999999999999 5.5 49.6
      vertex 120.37502086452419 5.7536174186209665 49.6
    endloop
  endfacet
  facet normal -0.9569403357322225 -0.2902846772544176 0
    outer loop
      vertex 120.30104339226467 5.9974884620746165 37.6
      vertex 120.37502086452419 5.7536174186209665 49.6
      vertex 120.30104339226467 5.9974884620746165 49.6
    endloop
  endfacet
  facet normal 0.09801714032956249 -0.9951847266721968 0
    outer loop
      vertex 118.84638258137903 6.775020864524199 37.6
      vertex 119.1 6.8 49.6
      vertex 118.84638258137903 6.775020864524199 49.6
    endloop
  endfacet
  facet normal -0.09801714032956249 -0.9951847266721968 0
    outer loop
      vertex 119.1 6.8 37.6
      vertex 119.35361741862096 6.775020864524199 49.6
      vertex 119.1 6.8 49.6
    endloop
  endfacet
  facet normal -0.29028467725446033 -0.9569403357322094 0
    outer loop
      vertex 119.35361741862096 6.775020864524199 37.6
      vertex 119.59748846207461 6.701043392264673 49.6
      vertex 119.35361741862096 6.775020864524199 49.6
    endloop
  endfacet
  facet normal -0.4713967368259929 -0.8819212643483575 0
    outer loop
      vertex 119.59748846207461 6.701043392264673 37.6
      vertex 119.82224130292548 6.580910495993309 49.6
      vertex 119.59748846207461 6.701043392264673 49.6
    endloop
  endfacet
  facet normal -0.7730104533627425 -0.6343932841636387 0
    outer loop
      vertex 120.01923881554251 6.419238815542512 37.6
      vertex 120.1809104959933 6.222241302925482 49.6
      vertex 120.01923881554251 6.419238815542512 49.6
    endloop
  endfacet
  facet normal -0.8819212643483422 -0.4713967368260217 0
    outer loop
      vertex 120.1809104959933 6.222241302925482 37.6
      vertex 120.30104339226467 5.9974884620746165 49.6
      vertex 120.1809104959933 6.222241302925482 49.6
    endloop
  endfacet
  facet normal -0.6343932841636415 -0.7730104533627402 0
    outer loop
      vertex 119.82224130292548 6.580910495993309 37.6
      vertex 120.01923881554251 6.419238815542512 49.6
      vertex 119.82224130292548 6.580910495993309 49.6
    endloop
  endfacet
  facet normal 0 0 1
    outer loop
      vertex 117.89895660773531 48.60251153792539 37.6
      vertex 118.01908950400669 48.37775869707452 37.6
      vertex 118.01908950400669 49.822241302925484 37.6
    endloop
  endfacet
  facet normal 0 0 1
    outer loop
      vertex 117.89895660773531 48.60251153792539 37.6
      vertex 117.89895660773531 49.597488462074615 37.6
      vertex 117.8249791354758 48.84638258137903 37.6
    endloop
  endfacet
  facet normal 0 0 1
    outer loop
      vertex 118.18076118445748 48.18076118445749 37.6
      vertex 118.18076118445748 50.019238815542515 37.6
      vertex 118.01908950400669 48.37775869707452 37.6
    endloop
  endfacet
  facet normal 0 0 1
    outer loop
      vertex 118.37775869707451 48.01908950400669 37.6
      vertex 118.37775869707451 50.18091049599331 37.6
      vertex 118.18076118445748 48.18076118445749 37.6
    endloop
  endfacet
  facet normal 0 0 1
    outer loop
      vertex 118.60251153792538 47.89895660773533 37.6
      vertex 118.60251153792538 50.301043392264674 37.6
      vertex 118.37775869707451 48.01908950400669 37.6
    endloop
  endfacet
  facet normal 0 0 1
    outer loop
      vertex 117.8249791354758 48.84638258137903 37.6
      vertex 117.8249791354758 49.35361741862097 37.6
      vertex 117.8 49.1 37.6
    endloop
  endfacet
  facet normal 0 0 1
    outer loop
      vertex 117.8249791354758 48.84638258137903 37.6
      vertex 117.89895660773531 49.597488462074615 37.6
      vertex 117.8249791354758 49.35361741862097 37.6
    endloop
  endfacet
  facet normal 0 0 1
    outer loop
      vertex 117.89895660773531 48.60251153792539 37.6
      vertex 118.01908950400669 49.822241302925484 37.6
      vertex 117.89895660773531 49.597488462074615 37.6
    endloop
  endfacet
  facet normal 0 0 1
    outer loop
      vertex 118.01908950400669 48.37775869707452 37.6
      vertex 118.18076118445748 50.019238815542515 37.6
      vertex 118.01908950400669 49.822241302925484 37.6
    endloop
  endfacet
  facet normal 0 0 1
    outer loop
      vertex 118.18076118445748 48.18076118445749 37.6
      vertex 118.37775869707451 50.18091049599331 37.6
      vertex 118.18076118445748 50.019238815542515 37.6
    endloop
  endfacet
  facet normal 0 0 1
    outer loop
      vertex 118.60251153792538 47.89895660773533 37.6
      vertex 118.84638258137903 47.8249791354758 37.6
      vertex 118.84638258137903 50.3750208645242 37.6
    endloop
  endfacet
  facet normal 0 0 1
    outer loop
      vertex 118.84638258137903 47.8249791354758 37.6
      vertex 119.1 47.800000000000004 37.6
      vertex 119.1 50.4 37.6
    endloop
  endfacet
  facet normal 0 0 1
    outer loop
      vertex 119.1 47.800000000000004 37.6
      vertex 119.35361741862096 47.8249791354758 37.6
      vertex 119.35361741862096 50.3750208645242 37.6
    endloop
  endfacet
  facet normal 0 0 1
    outer loop
      vertex 119.35361741862096 47.8249791354758 37.6
      vertex 119.59748846207461 47.89895660773533 37.6
      vertex 119.59748846207461 50.301043392264674 37.6
    endloop
  endfacet
  facet normal 0 0 1
    outer loop
      vertex 119.59748846207461 47.89895660773533 37.6
      vertex 119.82224130292548 50.18091049599331 37.6
      vertex 119.59748846207461 50.301043392264674 37.6
    endloop
  endfacet
  facet normal 0 0 1
    outer loop
      vertex 119.59748846207461 47.89895660773533 37.6
      vertex 119.82224130292548 48.01908950400669 37.6
      vertex 119.82224130292548 50.18091049599331 37.6
    endloop
  endfacet
  facet normal 0 0 1
    outer loop
      vertex 119.82224130292548 48.01908950400669 37.6
      vertex 120.01923881554251 48.18076118445749 37.6
      vertex 120.01923881554251 50.019238815542515 37.6
    endloop
  endfacet
  facet normal 0 0 1
    outer loop
      vertex 120.01923881554251 48.18076118445749 37.6
      vertex 120.1809104959933 48.37775869707452 37.6
      vertex 120.1809104959933 49.822241302925484 37.6
    endloop
  endfacet
  facet normal 0 0 1
    outer loop
      vertex 120.1809104959933 48.37775869707452 37.6
      vertex 120.30104339226467 48.60251153792539 37.6
      vertex 120.30104339226467 49.597488462074615 37.6
    endloop
  endfacet
  facet normal 0 0 1
    outer loop
      vertex 120.30104339226467 48.60251153792539 37.6
      vertex 120.37502086452419 48.84638258137903 37.6
      vertex 120.37502086452419 49.35361741862097 37.6
    endloop
  endfacet
  facet normal 0 0 1
    outer loop
      vertex 119.82224130292548 48.01908950400669 37.6
      vertex 120.01923881554251 50.019238815542515 37.6
      vertex 119.82224130292548 50.18091049599331 37.6
    endloop
  endfacet
  facet normal 0 0 1
    outer loop
      vertex 120.01923881554251 48.18076118445749 37.6
      vertex 120.1809104959933 49.822241302925484 37.6
      vertex 120.01923881554251 50.019238815542515 37.6
    endloop
  endfacet
  facet normal 0 0 1
    outer loop
      vertex 120.37502086452419 48.84638258137903 37.6
      vertex 120.39999999999999 49.1 37.6
      vertex 120.37502086452419 49.35361741862097 37.6
    endloop
  endfacet
  facet normal 0 0 1
    outer loop
      vertex 120.30104339226467 48.60251153792539 37.6
      vertex 120.37502086452419 49.35361741862097 37.6
      vertex 120.30104339226467 49.597488462074615 37.6
    endloop
  endfacet
  facet normal 0 0 1
    outer loop
      vertex 120.1809104959933 48.37775869707452 37.6
      vertex 120.30104339226467 49.597488462074615 37.6
      vertex 120.1809104959933 49.822241302925484 37.6
    endloop
  endfacet
  facet normal 0 0 1
    outer loop
      vertex 118.37775869707451 48.01908950400669 37.6
      vertex 118.60251153792538 50.301043392264674 37.6
      vertex 118.37775869707451 50.18091049599331 37.6
    endloop
  endfacet
  facet normal 0 0 1
    outer loop
      vertex 118.60251153792538 47.89895660773533 37.6
      vertex 118.84638258137903 50.3750208645242 37.6
      vertex 118.60251153792538 50.301043392264674 37.6
    endloop
  endfacet
  facet normal 0 0 1
    outer loop
      vertex 118.84638258137903 47.8249791354758 37.6
      vertex 119.1 50.4 37.6
      vertex 118.84638258137903 50.3750208645242 37.6
    endloop
  endfacet
  facet normal 0 0 1
    outer loop
      vertex 119.1 47.800000000000004 37.6
      vertex 119.35361741862096 50.3750208645242 37.6
      vertex 119.1 50.4 37.6
    endloop
  endfacet
  facet normal 0 0 1
    outer loop
      vertex 119.35361741862096 47.8249791354758 37.6
      vertex 119.59748846207461 50.301043392264674 37.6
      vertex 119.35361741862096 50.3750208645242 37.6
    endloop
  endfacet
  facet normal 0.6343932841636353 0.7730104533627454 -3.094206375416207e-19
    outer loop
      vertex 118.37775869707451 48.01908950400669 37.6
      vertex 118.18076118445748 48.18076118445749 37.6
      vertex 118.18076118445748 48.18076118445749 49.6
    endloop
  endfacet
  facet normal 0.47139673682599564 0.881921264348356 -3.597471167419743e-19
    outer loop
      vertex 118.60251153792538 47.89895660773533 37.6
      vertex 118.37775869707451 48.01908950400669 37.6
      vertex 118.37775869707451 48.01908950400669 49.6
    endloop
  endfacet
  facet normal 0.2902846772544667 0.9569403357322076 0
    outer loop
      vertex 118.60251153792538 47.89895660773533 37.6
      vertex 118.60251153792538 47.89895660773533 49.6
      vertex 118.84638258137903 47.8249791354758 37.6
    endloop
  endfacet
  facet normal 0.7730104533627454 0.6343932841636353 -3.094206375416207e-19
    outer loop
      vertex 118.18076118445748 48.18076118445749 37.6
      vertex 118.01908950400669 48.37775869707452 37.6
      vertex 118.01908950400669 48.37775869707452 49.6
    endloop
  endfacet
  facet normal 0.8819212643483445 0.47139673682601735 0
    outer loop
      vertex 117.89895660773531 48.60251153792539 37.6
      vertex 117.89895660773531 48.60251153792539 49.6
      vertex 118.01908950400669 48.37775869707452 37.6
    endloop
  endfacet
  facet normal 0.9569403357322207 0.2902846772544234 -3.2938439983632353e-19
    outer loop
      vertex 117.89895660773531 48.60251153792539 37.6
      vertex 117.8249791354758 48.84638258137903 37.6
      vertex 117.8249791354758 48.84638258137903 49.6
    endloop
  endfacet
  facet normal 0.9951847266721959 0.09801714032957011 1.4048369493709323e-19
    outer loop
      vertex 117.8249791354758 48.84638258137903 37.6
      vertex 117.8 49.1 37.6
      vertex 117.8 49.1 49.6
    endloop
  endfacet
  facet normal 0.9951847266721959 -0.09801714032957011 -1.4048369493709323e-19
    outer loop
      vertex 117.8 49.1 37.6
      vertex 117.8249791354758 49.35361741862097 37.6
      vertex 117.8249791354758 49.35361741862097 49.6
    endloop
  endfacet
  facet normal 0.09801714032954521 0.9951847266721984 0
    outer loop
      vertex 118.84638258137903 47.8249791354758 37.6
      vertex 118.84638258137903 47.8249791354758 49.6
      vertex 119.1 47.800000000000004 37.6
    endloop
  endfacet
  facet normal -0.09801714032954521 0.9951847266721984 0
    outer loop
      vertex 119.1 47.800000000000004 37.6
      vertex 119.1 47.800000000000004 49.6
      vertex 119.35361741862096 47.8249791354758 37.6
    endloop
  endfacet
  facet normal -0.2902846772544667 0.9569403357322076 0
    outer loop
      vertex 119.35361741862096 47.8249791354758 37.6
      vertex 119.35361741862096 47.8249791354758 49.6
      vertex 119.59748846207461 47.89895660773533 37.6
    endloop
  endfacet
  facet normal -0.47139673682599564 0.881921264348356 0
    outer loop
      vertex 119.59748846207461 47.89895660773533 37.6
      vertex 119.59748846207461 47.89895660773533 49.6
      vertex 119.82224130292548 48.01908950400669 37.6
    endloop
  endfacet
  facet normal -0.6343932841636353 0.7730104533627454 0
    outer loop
      vertex 119.82224130292548 48.01908950400669 37.6
      vertex 119.82224130292548 48.01908950400669 49.6
      vertex 120.01923881554251 48.18076118445749 37.6
    endloop
  endfacet
  facet normal -0.7730104533627454 0.6343932841636353 0
    outer loop
      vertex 120.01923881554251 48.18076118445749 37.6
      vertex 120.01923881554251 48.18076118445749 49.6
      vertex 120.1809104959933 48.37775869707452 37.6
    endloop
  endfacet
  facet normal -0.8819212643483445 0.47139673682601735 0
    outer loop
      vertex 120.1809104959933 48.37775869707452 37.6
      vertex 120.1809104959933 48.37775869707452 49.6
      vertex 120.30104339226467 48.60251153792539 37.6
    endloop
  endfacet
  facet normal -0.9569403357322207 0.2902846772544234 0
    outer loop
      vertex 120.30104339226467 48.60251153792539 37.6
      vertex 120.30104339226467 48.60251153792539 49.6
      vertex 120.37502086452419 48.84638258137903 37.6
    endloop
  endfacet
  facet normal -0.9951847266721959 0.09801714032957011 0
    outer loop
      vertex 120.37502086452419 48.84638258137903 37.6
      vertex 120.37502086452419 48.84638258137903 49.6
      vertex 120.39999999999999 49.1 37.6
    endloop
  endfacet
  facet normal -0.9951847266721959 -0.09801714032957011 0
    outer loop
      vertex 120.39999999999999 49.1 37.6
      vertex 120.39999999999999 49.1 49.6
      vertex 120.37502086452419 49.35361741862097 37.6
    endloop
  endfacet
  facet normal -0.9569403357322207 -0.2902846772544234 0
    outer loop
      vertex 120.37502086452419 49.35361741862097 37.6
      vertex 120.37502086452419 49.35361741862097 49.6
      vertex 120.30104339226467 49.597488462074615 37.6
    endloop
  endfacet
  facet normal 0.9569403357322207 -0.2902846772544234 3.2938439983632353e-19
    outer loop
      vertex 117.8249791354758 49.35361741862097 37.6
      vertex 117.89895660773531 49.597488462074615 37.6
      vertex 117.89895660773531 49.597488462074615 49.6
    endloop
  endfacet
  facet normal 0.8819212643483445 -0.47139673682601735 -4.414146854487142e-19
    outer loop
      vertex 117.89895660773531 49.597488462074615 37.6
      vertex 118.01908950400669 49.822241302925484 37.6
      vertex 118.01908950400669 49.822241302925484 49.6
    endloop
  endfacet
  facet normal 0.7730104533627454 -0.6343932841636353 3.094206375416207e-19
    outer loop
      vertex 118.01908950400669 49.822241302925484 37.6
      vertex 118.18076118445748 50.019238815542515 37.6
      vertex 118.18076118445748 50.019238815542515 49.6
    endloop
  endfacet
  facet normal 0.6343932841636353 -0.7730104533627454 3.094206375416207e-19
    outer loop
      vertex 118.18076118445748 50.019238815542515 37.6
      vertex 118.37775869707451 50.18091049599331 37.6
      vertex 118.37775869707451 50.18091049599331 49.6
    endloop
  endfacet
  facet normal 0.47139673682599564 -0.881921264348356 3.597471167419743e-19
    outer loop
      vertex 118.37775869707451 50.18091049599331 37.6
      vertex 118.60251153792538 50.301043392264674 37.6
      vertex 118.60251153792538 50.301043392264674 49.6
    endloop
  endfacet
  facet normal -0.2902846772544667 -0.9569403357322076 3.4943417607157963e-19
    outer loop
      vertex 119.35361741862096 50.3750208645242 37.6
      vertex 119.59748846207461 50.301043392264674 37.6
      vertex 119.59748846207461 50.301043392264674 49.6
    endloop
  endfacet
  facet normal -0.7730104533627454 -0.6343932841636353 0
    outer loop
      vertex 120.1809104959933 49.822241302925484 37.6
      vertex 120.1809104959933 49.822241302925484 49.6
      vertex 120.01923881554251 50.019238815542515 37.6
    endloop
  endfacet
  facet normal -0.8819212643483445 -0.47139673682601735 0
    outer loop
      vertex 120.30104339226467 49.597488462074615 37.6
      vertex 120.30104339226467 49.597488462074615 49.6
      vertex 120.1809104959933 49.822241302925484 37.6
    endloop
  endfacet
  facet normal -0.6343932841636353 -0.7730104533627454 -3.094206375416207e-19
    outer loop
      vertex 119.82224130292548 50.18091049599331 37.6
      vertex 120.01923881554251 50.019238815542515 37.6
      vertex 120.01923881554251 50.019238815542515 49.6
    endloop
  endfacet
  facet normal -0.47139673682599564 -0.881921264348356 -3.597471167419743e-19
    outer loop
      vertex 119.59748846207461 50.301043392264674 37.6
      vertex 119.82224130292548 50.18091049599331 37.6
      vertex 119.82224130292548 50.18091049599331 49.6
    endloop
  endfacet
  facet normal 0.2902846772544667 -0.9569403357322076 -3.4943417607157963e-19
    outer loop
      vertex 118.60251153792538 50.301043392264674 37.6
      vertex 118.84638258137903 50.3750208645242 37.6
      vertex 118.84638258137903 50.3750208645242 49.6
    endloop
  endfacet
  facet normal 0.09801714032954521 -0.9951847266721984 6.855569061981795e-20
    outer loop
      vertex 118.84638258137903 50.3750208645242 37.6
      vertex 119.1 50.4 37.6
      vertex 119.1 50.4 49.6
    endloop
  endfacet
  facet normal -0.09801714032954521 -0.9951847266721984 0
    outer loop
      vertex 119.35361741862096 50.3750208645242 37.6
      vertex 119.35361741862096 50.3750208645242 49.6
      vertex 119.1 50.4 37.6
    endloop
  endfacet
  facet normal 0.47139673682599564 0.881921264348356 0
    outer loop
      vertex 118.60251153792538 47.89895660773533 37.6
      vertex 118.37775869707451 48.01908950400669 49.6
      vertex 118.60251153792538 47.89895660773533 49.6
    endloop
  endfacet
  facet normal 0.6343932841636353 0.7730104533627454 0
    outer loop
      vertex 118.37775869707451 48.01908950400669 37.6
      vertex 118.18076118445748 48.18076118445749 49.6
      vertex 118.37775869707451 48.01908950400669 49.6
    endloop
  endfacet
  facet normal 0.7730104533627454 0.6343932841636353 0
    outer loop
      vertex 118.18076118445748 48.18076118445749 37.6
      vertex 118.01908950400669 48.37775869707452 49.6
      vertex 118.18076118445748 48.18076118445749 49.6
    endloop
  endfacet
  facet normal 0.8819212643483445 0.47139673682601735 0
    outer loop
      vertex 118.01908950400669 48.37775869707452 37.6
      vertex 117.89895660773531 48.60251153792539 49.6
      vertex 118.01908950400669 48.37775869707452 49.6
    endloop
  endfacet
  facet normal 0.9569403357322207 0.2902846772544234 0
    outer loop
      vertex 117.89895660773531 48.60251153792539 37.6
      vertex 117.8249791354758 48.84638258137903 49.6
      vertex 117.89895660773531 48.60251153792539 49.6
    endloop
  endfacet
  facet normal 0.9951847266721959 0.09801714032957011 0
    outer loop
      vertex 117.8249791354758 48.84638258137903 37.6
      vertex 117.8 49.1 49.6
      vertex 117.8249791354758 48.84638258137903 49.6
    endloop
  endfacet
  facet normal 0.9951847266721959 -0.09801714032957011 0
    outer loop
      vertex 117.8 49.1 37.6
      vertex 117.8249791354758 49.35361741862097 49.6
      vertex 117.8 49.1 49.6
    endloop
  endfacet
  facet normal 0.9569403357322207 -0.2902846772544234 0
    outer loop
      vertex 117.8249791354758 49.35361741862097 37.6
      vertex 117.89895660773531 49.597488462074615 49.6
      vertex 117.8249791354758 49.35361741862097 49.6
    endloop
  endfacet
  facet normal 0.2902846772544667 0.9569403357322076 0
    outer loop
      vertex 118.84638258137903 47.8249791354758 37.6
      vertex 118.60251153792538 47.89895660773533 49.6
      vertex 118.84638258137903 47.8249791354758 49.6
    endloop
  endfacet
  facet normal 0.09801714032954521 0.9951847266721984 0
    outer loop
      vertex 119.1 47.800000000000004 37.6
      vertex 118.84638258137903 47.8249791354758 49.6
      vertex 119.1 47.800000000000004 49.6
    endloop
  endfacet
  facet normal -0.09801714032954521 0.9951847266721984 0
    outer loop
      vertex 119.35361741862096 47.8249791354758 37.6
      vertex 119.1 47.800000000000004 49.6
      vertex 119.35361741862096 47.8249791354758 49.6
    endloop
  endfacet
  facet normal -0.2902846772544667 0.9569403357322076 0
    outer loop
      vertex 119.59748846207461 47.89895660773533 37.6
      vertex 119.35361741862096 47.8249791354758 49.6
      vertex 119.59748846207461 47.89895660773533 49.6
    endloop
  endfacet
  facet normal -0.47139673682599564 0.881921264348356 0
    outer loop
      vertex 119.82224130292548 48.01908950400669 37.6
      vertex 119.59748846207461 47.89895660773533 49.6
      vertex 119.82224130292548 48.01908950400669 49.6
    endloop
  endfacet
  facet normal -0.6343932841636353 0.7730104533627454 0
    outer loop
      vertex 120.01923881554251 48.18076118445749 37.6
      vertex 119.82224130292548 48.01908950400669 49.6
      vertex 120.01923881554251 48.18076118445749 49.6
    endloop
  endfacet
  facet normal -0.7730104533627454 0.6343932841636353 0
    outer loop
      vertex 120.1809104959933 48.37775869707452 37.6
      vertex 120.01923881554251 48.18076118445749 49.6
      vertex 120.1809104959933 48.37775869707452 49.6
    endloop
  endfacet
  facet normal -0.8819212643483445 0.47139673682601735 0
    outer loop
      vertex 120.30104339226467 48.60251153792539 37.6
      vertex 120.1809104959933 48.37775869707452 49.6
      vertex 120.30104339226467 48.60251153792539 49.6
    endloop
  endfacet
  facet normal -0.9569403357322207 0.2902846772544234 0
    outer loop
      vertex 120.37502086452419 48.84638258137903 37.6
      vertex 120.30104339226467 48.60251153792539 49.6
      vertex 120.37502086452419 48.84638258137903 49.6
    endloop
  endfacet
  facet normal -0.9951847266721959 0.09801714032957011 0
    outer loop
      vertex 120.39999999999999 49.1 37.6
      vertex 120.37502086452419 48.84638258137903 49.6
      vertex 120.39999999999999 49.1 49.6
    endloop
  endfacet
  facet normal -0.9951847266721959 -0.09801714032957011 0
    outer loop
      vertex 120.37502086452419 49.35361741862097 37.6
      vertex 120.39999999999999 49.1 49.6
      vertex 120.37502086452419 49.35361741862097 49.6
    endloop
  endfacet
  facet normal 0.8819212643483445 -0.47139673682601735 0
    outer loop
      vertex 117.89895660773531 49.597488462074615 37.6
      vertex 118.01908950400669 49.822241302925484 49.6
      vertex 117.89895660773531 49.597488462074615 49.6
    endloop
  endfacet
  facet normal 0.7730104533627454 -0.6343932841636353 0
    outer loop
      vertex 118.01908950400669 49.822241302925484 37.6
      vertex 118.18076118445748 50.019238815542515 49.6
      vertex 118.01908950400669 49.822241302925484 49.6
    endloop
  endfacet
  facet normal 0.6343932841636353 -0.7730104533627454 0
    outer loop
      vertex 118.18076118445748 50.019238815542515 37.6
      vertex 118.37775869707451 50.18091049599331 49.6
      vertex 118.18076118445748 50.019238815542515 49.6
    endloop
  endfacet
  facet normal 0.47139673682599564 -0.881921264348356 0
    outer loop
      vertex 118.37775869707451 50.18091049599331 37.6
      vertex 118.60251153792538 50.301043392264674 49.6
      vertex 118.37775869707451 50.18091049599331 49.6
    endloop
  endfacet
  facet normal 0.2902846772544667 -0.9569403357322076 0
    outer loop
      vertex 118.60251153792538 50.301043392264674 37.6
      vertex 118.84638258137903 50.3750208645242 49.6
      vertex 118.60251153792538 50.301043392264674 49.6
    endloop
  endfacet
  facet normal -0.47139673682599564 -0.881921264348356 0
    outer loop
      vertex 119.59748846207461 50.301043392264674 37.6
      vertex 119.82224130292548 50.18091049599331 49.6
      vertex 119.59748846207461 50.301043392264674 49.6
    endloop
  endfacet
  facet normal -0.9569403357322207 -0.2902846772544234 0
    outer loop
      vertex 120.30104339226467 49.597488462074615 37.6
      vertex 120.37502086452419 49.35361741862097 49.6
      vertex 120.30104339226467 49.597488462074615 49.6
    endloop
  endfacet
  facet normal -0.8819212643483445 -0.47139673682601735 0
    outer loop
      vertex 120.1809104959933 49.822241302925484 37.6
      vertex 120.30104339226467 49.597488462074615 49.6
      vertex 120.1809104959933 49.822241302925484 49.6
    endloop
  endfacet
  facet normal -0.7730104533627454 -0.6343932841636353 0
    outer loop
      vertex 120.01923881554251 50.019238815542515 37.6
      vertex 120.1809104959933 49.822241302925484 49.6
      vertex 120.01923881554251 50.019238815542515 49.6
    endloop
  endfacet
  facet normal -0.6343932841636353 -0.7730104533627454 0
    outer loop
      vertex 119.82224130292548 50.18091049599331 37.6
      vertex 120.01923881554251 50.019238815542515 49.6
      vertex 119.82224130292548 50.18091049599331 49.6
    endloop
  endfacet
  facet normal 0.09801714032954521 -0.9951847266721984 0
    outer loop
      vertex 118.84638258137903 50.3750208645242 37.6
      vertex 119.1 50.4 49.6
      vertex 118.84638258137903 50.3750208645242 49.6
    endloop
  endfacet
  facet normal -0.09801714032954521 -0.9951847266721984 0
    outer loop
      vertex 119.1 50.4 37.6
      vertex 119.35361741862096 50.3750208645242 49.6
      vertex 119.1 50.4 49.6
    endloop
  endfacet
  facet normal -0.2902846772544667 -0.9569403357322076 0
    outer loop
      vertex 119.35361741862096 50.3750208645242 37.6
      vertex 119.59748846207461 50.301043392264674 49.6
      vertex 119.35361741862096 50.3750208645242 49.6
    endloop
  endfacet
  facet normal 1 0 0
    outer loop
      vertex 26.299999999999997 14.58 2
      vertex 26.299999999999997 14.58 0
      vertex 26.299999999999997 40.02 2
    endloop
  endfacet
  facet normal 0 1 0
    outer loop
      vertex 26.299999999999997 14.58 2
      vertex 98.3 14.58 2
      vertex 26.299999999999997 14.58 0
    endloop
  endfacet
  facet normal 1 0 0
    outer loop
      vertex 26.299999999999997 40.02 2
      vertex 26.299999999999997 14.58 0
      vertex 26.299999999999997 40.02 0
    endloop
  endfacet
  facet normal 0 -1 0
    outer loop
      vertex 94.54092758621827 40.02 2
      vertex 26.299999999999997 40.02 2
      vertex 26.299999999999997 40.02 0
    endloop
  endfacet
  facet normal 0 1 0
    outer loop
      vertex 98.3 14.58 2
      vertex 98.3 14.58 0
      vertex 26.299999999999997 14.58 0
    endloop
  endfacet
  facet normal -1 0 0
    outer loop
      vertex 98.3 14.58 0
      vertex 98.3 14.58 2
      vertex 98.3 40.02 0
    endloop
  endfacet
  facet normal 0 -1 0
    outer loop
      vertex 94.54092758621827 40.02 2
      vertex 26.299999999999997 40.02 0
      vertex 98.3 40.02 2
    endloop
  endfacet
  facet normal 0 -1 0
    outer loop
      vertex 98.3 40.02 2
      vertex 26.299999999999997 40.02 0
      vertex 98.3 40.02 0
    endloop
  endfacet
  facet normal -1 0 0
    outer loop
      vertex 98.3 40.02 0
      vertex 98.3 14.58 2
      vertex 98.3 40.02 2
    endloop
  endfacet
  facet normal 0 0 1
    outer loop
      vertex 122.6 33.8 19.5
      vertex 122.6 20.8 19.5
      vertex 124.6 20.8 19.5
    endloop
  endfacet
  facet normal 0 1 0
    outer loop
      vertex 124.6 20.8 49.6
      vertex 124.6 20.8 19.5
      vertex 122.6 20.8 19.5
    endloop
  endfacet
  facet normal 0 1 0
    outer loop
      vertex 124.6 20.8 49.6
      vertex 122.6 20.8 19.5
      vertex 122.6 20.8 49.6
    endloop
  endfacet
  facet normal 0 0 1
    outer loop
      vertex 124.6 20.8 19.5
      vertex 124.6 33.8 19.5
      vertex 122.6 33.8 19.5
    endloop
  endfacet
  facet normal 0 -1 0
    outer loop
      vertex 122.6 33.8 49.6
      vertex 122.6 33.8 19.5
      vertex 124.6 33.8 19.5
    endloop
  endfacet
  facet normal 0 -1 0
    outer loop
      vertex 122.6 33.8 49.6
      vertex 124.6 33.8 19.5
      vertex 124.6 33.8 49.6
    endloop
  endfacet
  facet normal 0.7730104533627347 -8.654080910329091e-19 0.6343932841636484
    outer loop
      vertex 34.38985635694109 52.6 24.055504184431392
      vertex 34.82512626584708 52.6 23.525126265847085
      vertex 34.82512626584708 54.6 23.525126265847085
    endloop
  endfacet
  facet normal 0.8819212643483553 0 0.47139673682599725
    outer loop
      vertex 34.38985635694109 54.6 24.055504184431392
      vertex 34.06642163621049 52.6 24.660607986722187
      vertex 34.38985635694109 52.6 24.055504184431392
    endloop
  endfacet
  facet normal 0.6343932841636484 -8.654080910329091e-19 0.7730104533627347
    outer loop
      vertex 35.35550418443139 54.6 23.08985635694109
      vertex 34.82512626584708 54.6 23.525126265847085
      vertex 34.82512626584708 52.6 23.525126265847085
    endloop
  endfacet
  facet normal 0.7730104533627347 0 0.6343932841636484
    outer loop
      vertex 34.38985635694109 54.6 24.055504184431392
      vertex 34.38985635694109 52.6 24.055504184431392
      vertex 34.82512626584708 54.6 23.525126265847085
    endloop
  endfacet
  facet normal 0.8819212643483553 0 0.47139673682599725
    outer loop
      vertex 34.06642163621049 54.6 24.660607986722187
      vertex 34.06642163621049 52.6 24.660607986722187
      vertex 34.38985635694109 54.6 24.055504184431392
    endloop
  endfacet
  facet normal 0.6343932841636484 0 0.7730104533627347
    outer loop
      vertex 35.35550418443139 54.6 23.08985635694109
      vertex 34.82512626584708 52.6 23.525126265847085
      vertex 35.35550418443139 52.6 23.08985635694109
    endloop
  endfacet
  facet normal 0.4713967368259994 0 0.8819212643483542
    outer loop
      vertex 35.96060798672218 54.6 22.766421636210495
      vertex 35.35550418443139 52.6 23.08985635694109
      vertex 35.96060798672218 52.6 22.766421636210495
    endloop
  endfacet
  facet normal 0.2902846772544583 0 0.9569403357322102
    outer loop
      vertex 36.61718387294355 54.6 22.567251518588694
      vertex 35.96060798672218 52.6 22.766421636210495
      vertex 36.61718387294355 52.6 22.567251518588694
    endloop
  endfacet
  facet normal 0.4713967368259994 9.021308234307682e-18 0.8819212643483542
    outer loop
      vertex 35.96060798672218 54.6 22.766421636210495
      vertex 35.35550418443139 54.6 23.08985635694109
      vertex 35.35550418443139 52.6 23.08985635694109
    endloop
  endfacet
  facet normal 0.2902846772544583 -2.0812898805033467e-18 0.9569403357322102
    outer loop
      vertex 36.61718387294355 54.6 22.567251518588694
      vertex 35.96060798672218 54.6 22.766421636210495
      vertex 35.96060798672218 52.6 22.766421636210495
    endloop
  endfacet
  facet normal 0.09801714032956213 -2.3613054267157366e-18 0.9951847266721967
    outer loop
      vertex 37.3 54.6 22.5
      vertex 36.61718387294355 54.6 22.567251518588694
      vertex 36.61718387294355 52.6 22.567251518588694
    endloop
  endfacet
  facet normal 0.09801714032956213 0 0.9951847266721967
    outer loop
      vertex 37.3 54.6 22.5
      vertex 36.61718387294355 52.6 22.567251518588694
      vertex 37.3 52.6 22.5
    endloop
  endfacet
  facet normal -0.09801714032956213 0 0.9951847266721967
    outer loop
      vertex 37.982816127056445 54.6 22.567251518588694
      vertex 37.3 52.6 22.5
      vertex 37.982816127056445 52.6 22.567251518588694
    endloop
  endfacet
  facet normal -0.2902846772544583 0 0.9569403357322102
    outer loop
      vertex 38.63939201327781 54.6 22.766421636210495
      vertex 37.982816127056445 52.6 22.567251518588694
      vertex 38.63939201327781 52.6 22.766421636210495
    endloop
  endfacet
  facet normal -0.09801714032956213 2.3613054267157366e-18 0.9951847266721967
    outer loop
      vertex 37.982816127056445 54.6 22.567251518588694
      vertex 37.3 54.6 22.5
      vertex 37.3 52.6 22.5
    endloop
  endfacet
  facet normal -0.2902846772544583 0 0.9569403357322102
    outer loop
      vertex 37.982816127056445 54.6 22.567251518588694
      vertex 37.982816127056445 52.6 22.567251518588694
      vertex 38.63939201327781 54.6 22.766421636210495
    endloop
  endfacet
  facet normal -0.4713967368259994 -9.021308234307682e-18 0.8819212643483542
    outer loop
      vertex 39.244495815568605 54.6 23.08985635694109
      vertex 38.63939201327781 54.6 22.766421636210495
      vertex 38.63939201327781 52.6 22.766421636210495
    endloop
  endfacet
  facet normal -0.4713967368259994 0 0.8819212643483542
    outer loop
      vertex 39.244495815568605 54.6 23.08985635694109
      vertex 38.63939201327781 52.6 22.766421636210495
      vertex 39.244495815568605 52.6 23.08985635694109
    endloop
  endfacet
  facet normal -0.6343932841636484 8.654080910329091e-19 0.7730104533627347
    outer loop
      vertex 39.77487373415291 54.6 23.525126265847085
      vertex 39.244495815568605 54.6 23.08985635694109
      vertex 39.244495815568605 52.6 23.08985635694109
    endloop
  endfacet
  facet normal -0.6343932841636484 0 0.7730104533627347
    outer loop
      vertex 39.77487373415291 54.6 23.525126265847085
      vertex 39.244495815568605 52.6 23.08985635694109
      vertex 39.77487373415291 52.6 23.525126265847085
    endloop
  endfacet
  facet normal -0.7730104533627347 0 0.6343932841636484
    outer loop
      vertex 40.210143643058906 54.6 24.055504184431392
      vertex 39.77487373415291 52.6 23.525126265847085
      vertex 40.210143643058906 52.6 24.055504184431392
    endloop
  endfacet
  facet normal -0.8819212643483553 0 0.47139673682599725
    outer loop
      vertex 40.5335783637895 54.6 24.660607986722187
      vertex 40.210143643058906 52.6 24.055504184431392
      vertex 40.5335783637895 52.6 24.660607986722187
    endloop
  endfacet
  facet normal -0.7730104533627347 0 0.6343932841636484
    outer loop
      vertex 39.77487373415291 54.6 23.525126265847085
      vertex 39.77487373415291 52.6 23.525126265847085
      vertex 40.210143643058906 54.6 24.055504184431392
    endloop
  endfacet
  facet normal -0.8819212643483553 0 0.47139673682599725
    outer loop
      vertex 40.210143643058906 54.6 24.055504184431392
      vertex 40.210143643058906 52.6 24.055504184431392
      vertex 40.5335783637895 54.6 24.660607986722187
    endloop
  endfacet
  facet normal 0.9569403357322082 0 0.29028467725446444
    outer loop
      vertex 34.06642163621049 54.6 24.660607986722187
      vertex 33.86725151858869 52.6 25.317183872943552
      vertex 34.06642163621049 52.6 24.660607986722187
    endloop
  endfacet
  facet normal 0.9951847266721972 0 0.098017140329557
    outer loop
      vertex 33.86725151858869 54.6 25.317183872943552
      vertex 33.8 52.6 26
      vertex 33.86725151858869 52.6 25.317183872943552
    endloop
  endfacet
  facet normal 0.9951847266721972 0 -0.098017140329557
    outer loop
      vertex 33.8 54.6 26
      vertex 33.86725151858869 52.6 26.682816127056448
      vertex 33.8 52.6 26
    endloop
  endfacet
  facet normal 0.9569403357322082 0 0.29028467725446444
    outer loop
      vertex 33.86725151858869 54.6 25.317183872943552
      vertex 33.86725151858869 52.6 25.317183872943552
      vertex 34.06642163621049 54.6 24.660607986722187
    endloop
  endfacet
  facet normal 0.9951847266721972 0 0.098017140329557
    outer loop
      vertex 33.8 54.6 26
      vertex 33.8 52.6 26
      vertex 33.86725151858869 54.6 25.317183872943552
    endloop
  endfacet
  facet normal 0.9569403357322082 0 -0.29028467725446444
    outer loop
      vertex 33.86725151858869 54.6 26.682816127056448
      vertex 34.06642163621049 52.6 27.339392013277813
      vertex 33.86725151858869 52.6 26.682816127056448
    endloop
  endfacet
  facet normal 0.8819212643483553 0 -0.47139673682599725
    outer loop
      vertex 34.06642163621049 54.6 27.339392013277813
      vertex 34.38985635694109 52.6 27.944495815568608
      vertex 34.06642163621049 52.6 27.339392013277813
    endloop
  endfacet
  facet normal 0.9951847266721972 0 -0.098017140329557
    outer loop
      vertex 33.86725151858869 54.6 26.682816127056448
      vertex 33.86725151858869 52.6 26.682816127056448
      vertex 33.8 54.6 26
    endloop
  endfacet
  facet normal 0.9569403357322082 0 -0.29028467725446444
    outer loop
      vertex 34.06642163621049 54.6 27.339392013277813
      vertex 34.06642163621049 52.6 27.339392013277813
      vertex 33.86725151858869 54.6 26.682816127056448
    endloop
  endfacet
  facet normal 0.8819212643483553 0 -0.47139673682599725
    outer loop
      vertex 34.38985635694109 54.6 27.944495815568608
      vertex 34.38985635694109 52.6 27.944495815568608
      vertex 34.06642163621049 54.6 27.339392013277813
    endloop
  endfacet
  facet normal 0.7730104533627347 0 -0.6343932841636484
    outer loop
      vertex 34.38985635694109 54.6 27.944495815568608
      vertex 34.82512626584708 52.6 28.474873734152915
      vertex 34.38985635694109 52.6 27.944495815568608
    endloop
  endfacet
  facet normal 0.6343932841636484 0 -0.7730104533627347
    outer loop
      vertex 34.82512626584708 52.6 28.474873734152915
      vertex 34.82512626584708 54.6 28.474873734152915
      vertex 35.35550418443139 52.6 28.91014364305891
    endloop
  endfacet
  facet normal 0.7730104533627347 8.654080910329091e-19 -0.6343932841636484
    outer loop
      vertex 34.38985635694109 54.6 27.944495815568608
      vertex 34.82512626584708 54.6 28.474873734152915
      vertex 34.82512626584708 52.6 28.474873734152915
    endloop
  endfacet
  facet normal 0.4713967368259994 0 -0.8819212643483542
    outer loop
      vertex 35.35550418443139 54.6 28.91014364305891
      vertex 35.96060798672218 52.6 29.233578363789505
      vertex 35.35550418443139 52.6 28.91014364305891
    endloop
  endfacet
  facet normal 0.2902846772544583 0 -0.9569403357322102
    outer loop
      vertex 35.96060798672218 54.6 29.233578363789505
      vertex 36.61718387294355 52.6 29.432748481411306
      vertex 35.96060798672218 52.6 29.233578363789505
    endloop
  endfacet
  facet normal 0.6343932841636484 8.654080910329091e-19 -0.7730104533627347
    outer loop
      vertex 34.82512626584708 54.6 28.474873734152915
      vertex 35.35550418443139 54.6 28.91014364305891
      vertex 35.35550418443139 52.6 28.91014364305891
    endloop
  endfacet
  facet normal 0.4713967368259994 -9.021308234307682e-18 -0.8819212643483542
    outer loop
      vertex 35.35550418443139 54.6 28.91014364305891
      vertex 35.96060798672218 54.6 29.233578363789505
      vertex 35.96060798672218 52.6 29.233578363789505
    endloop
  endfacet
  facet normal 0.2902846772544583 2.0812898805033467e-18 -0.9569403357322102
    outer loop
      vertex 35.96060798672218 54.6 29.233578363789505
      vertex 36.61718387294355 54.6 29.432748481411306
      vertex 36.61718387294355 52.6 29.432748481411306
    endloop
  endfacet
  facet normal -0.2902846772544583 0 -0.9569403357322102
    outer loop
      vertex 37.982816127056445 54.6 29.432748481411306
      vertex 38.63939201327781 52.6 29.233578363789505
      vertex 37.982816127056445 52.6 29.432748481411306
    endloop
  endfacet
  facet normal -0.4713967368259994 0 -0.8819212643483542
    outer loop
      vertex 38.63939201327781 54.6 29.233578363789505
      vertex 39.244495815568605 52.6 28.91014364305891
      vertex 38.63939201327781 52.6 29.233578363789505
    endloop
  endfacet
  facet normal -0.2902846772544583 -2.0812898805033467e-18 -0.9569403357322102
    outer loop
      vertex 37.982816127056445 54.6 29.432748481411306
      vertex 38.63939201327781 54.6 29.233578363789505
      vertex 38.63939201327781 52.6 29.233578363789505
    endloop
  endfacet
  facet normal 0.09801714032956213 0 -0.9951847266721967
    outer loop
      vertex 36.61718387294355 54.6 29.432748481411306
      vertex 37.3 52.6 29.5
      vertex 36.61718387294355 52.6 29.432748481411306
    endloop
  endfacet
  facet normal -0.09801714032956213 0 -0.9951847266721967
    outer loop
      vertex 37.3 54.6 29.5
      vertex 37.982816127056445 52.6 29.432748481411306
      vertex 37.3 52.6 29.5
    endloop
  endfacet
  facet normal 0.09801714032956213 2.3613054267157366e-18 -0.9951847266721967
    outer loop
      vertex 36.61718387294355 54.6 29.432748481411306
      vertex 37.3 54.6 29.5
      vertex 37.3 52.6 29.5
    endloop
  endfacet
  facet normal -0.09801714032956213 -2.3613054267157366e-18 -0.9951847266721967
    outer loop
      vertex 37.3 54.6 29.5
      vertex 37.982816127056445 54.6 29.432748481411306
      vertex 37.982816127056445 52.6 29.432748481411306
    endloop
  endfacet
  facet normal -0.9569403357322082 -7.062322592340527e-18 0.29028467725446444
    outer loop
      vertex 40.5335783637895 52.6 24.660607986722187
      vertex 40.732748481411306 52.6 25.317183872943552
      vertex 40.732748481411306 54.6 25.317183872943552
    endloop
  endfacet
  facet normal -0.9951847266721972 0 0.098017140329557
    outer loop
      vertex 40.8 54.6 26
      vertex 40.732748481411306 52.6 25.317183872943552
      vertex 40.8 52.6 26
    endloop
  endfacet
  facet normal -0.9569403357322082 0 0.29028467725446444
    outer loop
      vertex 40.5335783637895 54.6 24.660607986722187
      vertex 40.5335783637895 52.6 24.660607986722187
      vertex 40.732748481411306 54.6 25.317183872943552
    endloop
  endfacet
  facet normal -0.9951847266721972 0 0.098017140329557
    outer loop
      vertex 40.732748481411306 54.6 25.317183872943552
      vertex 40.732748481411306 52.6 25.317183872943552
      vertex 40.8 54.6 26
    endloop
  endfacet
  facet normal -0.9951847266721972 0 -0.098017140329557
    outer loop
      vertex 40.8 54.6 26
      vertex 40.8 52.6 26
      vertex 40.732748481411306 54.6 26.682816127056448
    endloop
  endfacet
  facet normal -0.9951847266721972 0 -0.098017140329557
    outer loop
      vertex 40.732748481411306 54.6 26.682816127056448
      vertex 40.8 52.6 26
      vertex 40.732748481411306 52.6 26.682816127056448
    endloop
  endfacet
  facet normal -0.9569403357322082 0 -0.29028467725446444
    outer loop
      vertex 40.5335783637895 54.6 27.339392013277813
      vertex 40.732748481411306 52.6 26.682816127056448
      vertex 40.5335783637895 52.6 27.339392013277813
    endloop
  endfacet
  facet normal -0.8819212643483553 0 -0.47139673682599725
    outer loop
      vertex 40.210143643058906 54.6 27.944495815568608
      vertex 40.5335783637895 52.6 27.339392013277813
      vertex 40.210143643058906 52.6 27.944495815568608
    endloop
  endfacet
  facet normal -0.9569403357322082 0 -0.29028467725446444
    outer loop
      vertex 40.732748481411306 54.6 26.682816127056448
      vertex 40.732748481411306 52.6 26.682816127056448
      vertex 40.5335783637895 54.6 27.339392013277813
    endloop
  endfacet
  facet normal -0.8819212643483553 0 -0.47139673682599725
    outer loop
      vertex 40.5335783637895 54.6 27.339392013277813
      vertex 40.5335783637895 52.6 27.339392013277813
      vertex 40.210143643058906 54.6 27.944495815568608
    endloop
  endfacet
  facet normal -0.7730104533627347 -8.654080910329091e-19 -0.6343932841636484
    outer loop
      vertex 40.210143643058906 52.6 27.944495815568608
      vertex 39.77487373415291 52.6 28.474873734152915
      vertex 39.77487373415291 54.6 28.474873734152915
    endloop
  endfacet
  facet normal -0.6343932841636484 0 -0.7730104533627347
    outer loop
      vertex 39.244495815568605 54.6 28.91014364305891
      vertex 39.77487373415291 52.6 28.474873734152915
      vertex 39.244495815568605 52.6 28.91014364305891
    endloop
  endfacet
  facet normal -0.6343932841636484 -8.654080910329091e-19 -0.7730104533627347
    outer loop
      vertex 39.244495815568605 54.6 28.91014364305891
      vertex 39.77487373415291 54.6 28.474873734152915
      vertex 39.77487373415291 52.6 28.474873734152915
    endloop
  endfacet
  facet normal -0.7730104533627347 0 -0.6343932841636484
    outer loop
      vertex 40.210143643058906 54.6 27.944495815568608
      vertex 40.210143643058906 52.6 27.944495815568608
      vertex 39.77487373415291 54.6 28.474873734152915
    endloop
  endfacet
  facet normal -0.4713967368259994 9.021308234307682e-18 -0.8819212643483542
    outer loop
      vertex 38.63939201327781 54.6 29.233578363789505
      vertex 39.244495815568605 54.6 28.91014364305891
      vertex 39.244495815568605 52.6 28.91014364305891
    endloop
  endfacet
endsolid OpenSCAD_Model
